-- MySQL dump 10.13  Distrib 5.7.17, for macos10.12 (x86_64)
--
-- Host: 103.86.48.105    Database: wesales_bpprogress
-- ------------------------------------------------------
-- Server version	5.5.5-10.3.22-MariaDB

/*!40101 SET @OLD_CHARACTER_SET_CLIENT=@@CHARACTER_SET_CLIENT */;
/*!40101 SET @OLD_CHARACTER_SET_RESULTS=@@CHARACTER_SET_RESULTS */;
/*!40101 SET @OLD_COLLATION_CONNECTION=@@COLLATION_CONNECTION */;
/*!40101 SET NAMES utf8 */;
/*!40103 SET @OLD_TIME_ZONE=@@TIME_ZONE */;
/*!40103 SET TIME_ZONE='+00:00' */;
/*!40014 SET @OLD_UNIQUE_CHECKS=@@UNIQUE_CHECKS, UNIQUE_CHECKS=0 */;
/*!40014 SET @OLD_FOREIGN_KEY_CHECKS=@@FOREIGN_KEY_CHECKS, FOREIGN_KEY_CHECKS=0 */;
/*!40101 SET @OLD_SQL_MODE=@@SQL_MODE, SQL_MODE='NO_AUTO_VALUE_ON_ZERO' */;
/*!40111 SET @OLD_SQL_NOTES=@@SQL_NOTES, SQL_NOTES=0 */;

--
-- Table structure for table `addresses`
--

DROP TABLE IF EXISTS `addresses`;
/*!40101 SET @saved_cs_client     = @@character_set_client */;
/*!40101 SET character_set_client = utf8 */;
CREATE TABLE `addresses` (
  `id` char(36) NOT NULL,
  `address_line` varchar(255) NOT NULL,
  `subdistrict` varchar(100) NOT NULL,
  `district` varchar(100) NOT NULL,
  `province` varchar(100) NOT NULL,
  `zipcode` char(5) NOT NULL,
  `mobile` varchar(45) NOT NULL,
  `type` varchar(45) DEFAULT 'DEFAULT',
  `created` datetime DEFAULT NULL,
  `modified` datetime DEFAULT NULL,
  `user_id` char(36) DEFAULT NULL,
  `shop_id` char(36) DEFAULT NULL,
  `isactive` enum('Y','N') DEFAULT 'Y',
  PRIMARY KEY (`id`)
) ENGINE=MyISAM DEFAULT CHARSET=utf8;
/*!40101 SET character_set_client = @saved_cs_client */;

--
-- Dumping data for table `addresses`
--

LOCK TABLES `addresses` WRITE;
/*!40000 ALTER TABLE `addresses` DISABLE KEYS */;
INSERT INTO `addresses` VALUES ('d0ad5d91-fc6e-4ce9-890e-3788ba1ab287','360 M.3 ','รักษา','อำเภอ','Chiang Mai','50300','0850882188','DEFAULT','2020-05-02 13:28:52','2020-05-02 13:28:52','c0438559-03fe-4d11-adb2-bfcb7b36d792',NULL,'Y'),('b405843a-5a58-4d40-8015-f512264cedcf','ตึกกาญจน์กนกวิลล์ 8 ห้อง 300 เลขที่ 181/247 ม.10','ป่าไผ่','สันทราย','เชียงใหม่','50210','0992685988','DEFAULT','2020-05-02 09:15:39','2020-05-02 09:15:39','bed6a290-cc73-4027-a7f0-7b2ee6b8ccec',NULL,'Y'),('1131706e-7bca-43dc-b582-6b6059eb41ea','d','d','d','d','d','d','DEFAULT','2020-05-04 05:23:45','2020-05-04 05:43:16','bed6a290-cc73-4027-a7f0-7b2ee6b8ccec',NULL,'N'),('1c09780c-9187-456f-9878-45d0c9af42b8','70','333','33','3','3','334343','DEFAULT','2020-05-04 07:09:42','2020-05-04 07:10:18','c0438559-03fe-4d11-adb2-bfcb7b36d792',NULL,'N'),('1ff8dd13-581c-4d03-8c09-edeb98eafed4','กดกห','กดกหดกห','กดกหด','กดหกดก','50210','0909408395','DEFAULT','2020-05-04 07:25:15','2020-05-04 07:25:15','bc18d051-7adf-41d0-8088-aad98a3083de',NULL,'Y'),('f987c7f7-bd86-4d1f-9b4c-417cde56afc3','c','c','c','c','c','c','DEFAULT','2020-05-04 11:09:36','2020-05-04 11:10:20','bed6a290-cc73-4027-a7f0-7b2ee6b8ccec',NULL,'N'),('e7771fe9-0852-4919-bde8-ec7cb1fb8dd4','c','c','c','c','c','c','DEFAULT','2020-05-04 11:10:27','2020-05-04 11:10:44','bed6a290-cc73-4027-a7f0-7b2ee6b8ccec',NULL,'N'),('e142afe5-a7b8-40aa-acf6-5f059cbd5708','ึ70','รักษา','อำเภอ','Chiang Mai','50300','08508821111','DEFAULT','2020-05-05 17:19:33','2020-05-05 17:19:33','c0438559-03fe-4d11-adb2-bfcb7b36d792',NULL,'Y');
/*!40000 ALTER TABLE `addresses` ENABLE KEYS */;
UNLOCK TABLES;

--
-- Table structure for table `brands`
--

DROP TABLE IF EXISTS `brands`;
/*!40101 SET @saved_cs_client     = @@character_set_client */;
/*!40101 SET character_set_client = utf8 */;
CREATE TABLE `brands` (
  `id` char(36) NOT NULL,
  `name` varchar(100) NOT NULL,
  `isactive` enum('Y','N') DEFAULT 'Y',
  `created` datetime DEFAULT NULL,
  `modified` datetime DEFAULT NULL,
  `description` varchar(255) DEFAULT NULL,
  PRIMARY KEY (`id`)
) ENGINE=MyISAM DEFAULT CHARSET=utf8;
/*!40101 SET character_set_client = @saved_cs_client */;

--
-- Dumping data for table `brands`
--

LOCK TABLES `brands` WRITE;
/*!40000 ALTER TABLE `brands` DISABLE KEYS */;
INSERT INTO `brands` VALUES ('796be1ba-4cf0-43e8-9a27-82093a710e9b','No brand','Y','2020-04-30 09:15:11','2020-04-30 09:15:11',''),('3e2ab302-3950-42f9-8461-500aa87b360a','Samsung','Y','2020-05-05 08:46:45','2020-05-05 08:46:45',''),('da366c29-8606-477b-9f53-411183b20223','Bell','Y','2020-05-05 08:46:55','2020-05-05 08:46:55',''),('f4ee2233-b227-4ea2-a9d2-bd7e427af2a8','Panasonic','Y','2020-05-05 08:50:07','2020-05-05 08:50:07','');
/*!40000 ALTER TABLE `brands` ENABLE KEYS */;
UNLOCK TABLES;

--
-- Table structure for table `goods_lines`
--

DROP TABLE IF EXISTS `goods_lines`;
/*!40101 SET @saved_cs_client     = @@character_set_client */;
/*!40101 SET character_set_client = utf8 */;
CREATE TABLE `goods_lines` (
  `id` char(36) NOT NULL,
  `goods_transaction_id` char(36) NOT NULL,
  `product_id` char(36) NOT NULL,
  `qty` int(11) NOT NULL DEFAULT 0,
  `created` datetime DEFAULT NULL,
  `modified` datetime DEFAULT NULL,
  `description` varchar(255) DEFAULT NULL,
  PRIMARY KEY (`id`)
) ENGINE=MyISAM DEFAULT CHARSET=utf8;
/*!40101 SET character_set_client = @saved_cs_client */;

--
-- Dumping data for table `goods_lines`
--

LOCK TABLES `goods_lines` WRITE;
/*!40000 ALTER TABLE `goods_lines` DISABLE KEYS */;
INSERT INTO `goods_lines` VALUES ('9401a3ad-6896-4ced-a951-6d51e90631e1','e660b8de-f01c-4e71-8b3f-21e7a15e1ceb','d3bc9818-902c-474d-8dd3-f7df394b303a',100,'2020-05-01 09:40:57','2020-05-01 09:40:57',NULL),('06000dd3-771b-45b9-b63b-68df5066ecb6','e1abecb1-675c-4a17-9451-ce8a52a741f3','d3bc9818-902c-474d-8dd3-f7df394b303a',500,'2020-05-01 09:47:36','2020-05-01 09:47:36',NULL),('5b89905a-6976-4a66-882a-50c30a17c566','e45aeb7f-5c37-4ab4-a981-984e790d1abd','d3bc9818-902c-474d-8dd3-f7df394b303a',50,'2020-05-01 09:53:58','2020-05-01 09:53:58',NULL),('ea5bc324-43a5-48e9-acaa-d3b609abd361','f48c4a2a-eee3-41f9-b9c9-159e4d2dbd71','3df02bb1-edff-4d2a-a17c-f35ebcf18acb',50,'2020-05-01 14:00:19','2020-05-01 14:00:19',NULL),('f490c69a-3d4a-4678-860e-bda50f039e27','b4d515dd-c91c-4965-b64e-e82241af7407','d3bc9818-902c-474d-8dd3-f7df394b303a',19,'2020-05-01 15:35:05','2020-05-01 15:35:05',NULL),('d977386d-b5af-4979-97d9-b27fa66d252a','ac2aeaf0-3a69-44e0-aee3-f1258e75cbcf','d3bc9818-902c-474d-8dd3-f7df394b303a',1,'2020-05-04 07:22:51','2020-05-04 07:22:51',NULL),('1d354d78-ddd3-4ea3-9e70-38bb94471898','c7c4b0ff-5b8b-41e6-9832-bb9f6006e6f9','0a1d13c2-a6e8-43b0-b9e1-2091ff5e0c0e',5000,'2020-05-05 05:39:02','2020-05-05 05:39:02',NULL),('f7fc67bb-d1a1-4f5c-b5cb-1aa93ce4aac1','fb037cb1-127e-40a7-9926-071610a84b58','10e599e8-06d8-4dce-85e9-f7b6b60d273b',1000,'2020-05-05 05:57:58','2020-05-05 05:57:58',NULL),('b3e47551-6091-4360-b1e1-45cded649f72','fb037cb1-127e-40a7-9926-071610a84b58','0a1d13c2-a6e8-43b0-b9e1-2091ff5e0c0e',10,'2020-05-05 05:57:58','2020-05-05 05:57:58',NULL),('d35c638a-1e47-4b62-90ba-cf40e5125574','06cbb5c2-288d-4e08-a4fc-b62a9c8c8d71','7984b064-9a92-47c3-973c-13944a60b504',5000,'2020-05-05 08:57:47','2020-05-05 08:57:47',NULL);
/*!40000 ALTER TABLE `goods_lines` ENABLE KEYS */;
UNLOCK TABLES;

--
-- Table structure for table `goods_transactions`
--

DROP TABLE IF EXISTS `goods_transactions`;
/*!40101 SET @saved_cs_client     = @@character_set_client */;
/*!40101 SET character_set_client = utf8 */;
CREATE TABLE `goods_transactions` (
  `id` char(36) NOT NULL,
  `docdate` date NOT NULL,
  `docno` varchar(45) NOT NULL,
  `user_id` char(36) NOT NULL,
  `warehouse_id` char(36) NOT NULL,
  `type` varchar(45) NOT NULL DEFAULT 'RECEIPT',
  `description` varchar(255) DEFAULT NULL,
  `created` datetime DEFAULT NULL,
  `modified` datetime DEFAULT NULL,
  `status` varchar(45) NOT NULL DEFAULT 'DR',
  PRIMARY KEY (`id`)
) ENGINE=MyISAM DEFAULT CHARSET=utf8;
/*!40101 SET character_set_client = @saved_cs_client */;

--
-- Dumping data for table `goods_transactions`
--

LOCK TABLES `goods_transactions` WRITE;
/*!40000 ALTER TABLE `goods_transactions` DISABLE KEYS */;
INSERT INTO `goods_transactions` VALUES ('e660b8de-f01c-4e71-8b3f-21e7a15e1ceb','2020-05-01','GR2005010940','e401ae63-c979-4436-be2e-125a27f071fa','23253a27-d833-4ce4-94c5-102260a5f351','RECEIPT','','2020-05-01 09:40:48','2020-05-01 09:43:24','CF'),('e1abecb1-675c-4a17-9451-ce8a52a741f3','2020-06-01','GR2005010947','e401ae63-c979-4436-be2e-125a27f071fa','23253a27-d833-4ce4-94c5-102260a5f351','RECEIPT','','2020-05-01 09:47:06','2020-05-01 09:47:44','CF'),('e45aeb7f-5c37-4ab4-a981-984e790d1abd','2020-06-01','GR2005010950','e401ae63-c979-4436-be2e-125a27f071fa','23253a27-d833-4ce4-94c5-102260a5f351','RECEIPT','','2020-05-01 09:50:20','2020-05-01 09:54:49','CF'),('671e99f2-ac1a-4d03-9b58-1c293c6c9798','2020-06-01','GR2005010955','e401ae63-c979-4436-be2e-125a27f071fa','23253a27-d833-4ce4-94c5-102260a5f351','RECEIPT',NULL,'2020-05-01 09:55:35','2020-05-01 09:55:35','DR'),('f48c4a2a-eee3-41f9-b9c9-159e4d2dbd71','2020-06-01','GR2005011400','b6cfbf21-157f-45c4-80d5-79ecdb742269','23253a27-d833-4ce4-94c5-102260a5f351','RECEIPT','','2020-05-01 14:00:09','2020-05-01 14:00:25','CF'),('b4d515dd-c91c-4965-b64e-e82241af7407','2020-05-01','GR2005011534','b6cfbf21-157f-45c4-80d5-79ecdb742269','23253a27-d833-4ce4-94c5-102260a5f351','RECEIPT','','2020-05-01 15:34:34','2020-05-01 15:35:11','CF'),('ac2aeaf0-3a69-44e0-aee3-f1258e75cbcf','2020-05-01','GR2005021829','b6cfbf21-157f-45c4-80d5-79ecdb742269','23253a27-d833-4ce4-94c5-102260a5f351','RECEIPT','','2020-05-02 18:29:19','2020-05-04 07:22:57','CF'),('c7c4b0ff-5b8b-41e6-9832-bb9f6006e6f9','2020-05-05','GR20050505382020','b6cfbf21-157f-45c4-80d5-79ecdb742269','23253a27-d833-4ce4-94c5-102260a5f351','RECEIPT','','2020-05-05 05:38:42','2020-05-05 05:39:35','CF'),('fb037cb1-127e-40a7-9926-071610a84b58','2020-05-05','GR20050505572020','b6cfbf21-157f-45c4-80d5-79ecdb742269','23253a27-d833-4ce4-94c5-102260a5f351','RECEIPT','','2020-05-05 05:57:28','2020-05-05 05:58:02','CF'),('06cbb5c2-288d-4e08-a4fc-b62a9c8c8d71','2020-05-05','GR20050508572020','b6cfbf21-157f-45c4-80d5-79ecdb742269','23253a27-d833-4ce4-94c5-102260a5f351','RECEIPT','','2020-05-05 08:57:31','2020-05-05 08:57:51','CF');
/*!40000 ALTER TABLE `goods_transactions` ENABLE KEYS */;
UNLOCK TABLES;

--
-- Table structure for table `images`
--

DROP TABLE IF EXISTS `images`;
/*!40101 SET @saved_cs_client     = @@character_set_client */;
/*!40101 SET character_set_client = utf8 */;
CREATE TABLE `images` (
  `id` char(36) NOT NULL,
  `fullpath` varchar(255) NOT NULL,
  `path` varchar(255) NOT NULL,
  `name` varchar(255) NOT NULL,
  `created` datetime DEFAULT NULL,
  `modified` datetime DEFAULT NULL,
  `createdby` char(36) DEFAULT NULL,
  PRIMARY KEY (`id`)
) ENGINE=MyISAM DEFAULT CHARSET=utf8;
/*!40101 SET character_set_client = @saved_cs_client */;

--
-- Dumping data for table `images`
--

LOCK TABLES `images` WRITE;
/*!40000 ALTER TABLE `images` DISABLE KEYS */;
INSERT INTO `images` VALUES ('0aecea82-0521-4e7d-8680-8430a6cfe028','http://127.0.0.1:8888/Git/bpprogress-back/img/products/1588152762_593661.jpg','img/products/','1588152762_593661.jpg','2020-04-29 09:32:43','2020-04-29 09:32:43',NULL),('ae4c93e7-8faf-4ccb-b837-39d30b66a6bd','http://127.0.0.1:8888/Git/bpprogress-back/img/products/1588153063_708072.jpg','img/products/','1588153063_708072.jpg','2020-04-29 09:37:43','2020-04-29 09:37:43',NULL),('a9051776-e466-495c-9cf3-7bd70a88f387','http://127.0.0.1:8888/Git/bpprogress-back/img/products/1588231427_976724.jpg','img/products/','1588231427_976724.jpg','2020-04-30 07:23:47','2020-04-30 07:23:47',NULL),('e2f3509e-7832-4b22-9d01-4e2b9352d84f','https://bpprogress-back.wesales.online/img/products/1588237840_80634.jpg','img/products/','1588237840_80634.jpg','2020-04-30 09:10:40','2020-04-30 09:10:40',NULL),('247c0771-371b-4ae8-81a1-7aceb6eeaa69','https://bpprogress-back.wesales.online/img/products/1588237938_365296.jpg','img/products/','1588237938_365296.jpg','2020-04-30 09:12:18','2020-04-30 09:12:18',NULL),('9d8e4d30-48f4-4bf4-8cc7-1bb4daad4346','https://bpprogress-back.wesales.online/img/products/1588237974_273204.jpg','img/products/','1588237974_273204.jpg','2020-04-30 09:12:54','2020-04-30 09:12:54',NULL),('3b0077c6-8b5b-49ec-8b40-85191f237475','https://bpprogress-back.wesales.online/img/products/1588238149_601656.jpg','img/products/','1588238149_601656.jpg','2020-04-30 09:15:49','2020-04-30 09:15:49',NULL),('d2e87433-cccd-488f-b5b4-37222eadcef1','https://bpprogress-back.wesales.online/img/products/1588333813_984806.jpg','img/products/','1588333813_984806.jpg','2020-05-01 11:50:13','2020-05-01 11:50:13',NULL),('d57a9ed9-fa33-4fad-8f4b-530bf3b47612','https://bpprogress-back.wesales.online/img/products/1588670616_422884.jpg','img/products/','1588670616_422884.jpg','2020-05-05 09:23:36','2020-05-05 09:23:36',NULL),('b960a4f9-566e-4461-9598-5ce80e89edec','https://bpprogress-back.wesales.online/img/products/1588670577_741624.jpg','img/products/','1588670577_741624.jpg','2020-05-05 09:22:58','2020-05-05 09:22:58',NULL),('3445deb6-9d40-4b78-99c2-061fc5f4423d','https://bpprogress-back.wesales.online/img/products/1588670589_951980.jpg','img/products/','1588670589_951980.jpg','2020-05-05 09:23:09','2020-05-05 09:23:09',NULL),('08fa1c05-fd84-42a5-997a-82fe0d2515a8','https://bpprogress-back.wesales.online/img/products/1588658192_572772.jpg','img/products/','1588658192_572772.jpg','2020-05-05 05:56:32','2020-05-05 05:56:32',NULL),('d96ec581-0b0a-41aa-ab4b-1955235929fd','https://bpprogress-back.wesales.online/img/products/1588658605_729242.jpg','img/products/','1588658605_729242.jpg','2020-05-05 06:03:25','2020-05-05 06:03:25',NULL),('fab454ba-2772-4a9c-a5cd-8d405c1af73c','https://bpprogress-back.wesales.online/img/products/1588658609_295732.jpg','img/products/','1588658609_295732.jpg','2020-05-05 06:03:29','2020-05-05 06:03:29',NULL),('86251e21-fc16-405f-b444-17d72317ed01','https://bpprogress-back.wesales.online/img/products/1588658611_930958.jpg','img/products/','1588658611_930958.jpg','2020-05-05 06:03:31','2020-05-05 06:03:31',NULL),('b7155e3c-c67f-459b-b8bc-8fb55a5b031f','https://bpprogress-back.wesales.online/img/products/1588658614_333151.jpg','img/products/','1588658614_333151.jpg','2020-05-05 06:03:34','2020-05-05 06:03:34',NULL),('dc313f74-a989-4b48-9b6d-f8b6d5d73477','https://bpprogress-back.wesales.online/img/products/1588696095_944451.jpg','img/products/','1588696095_944451.jpg','2020-05-05 16:28:15','2020-05-05 16:28:15',NULL),('eb6f2dfa-212a-437e-bbbe-0616c240ef16','https://bpprogress-back.wesales.online/img/products/1588668829_220342.jpg','img/products/','1588668829_220342.jpg','2020-05-05 08:53:49','2020-05-05 08:53:49',NULL),('33025aed-59fe-470f-83d0-db68ad83ff53','https://bpprogress-back.wesales.online/img/products/1588698161_979609.jpg','img/products/','1588698161_979609.jpg','2020-05-05 17:02:42','2020-05-05 17:02:42',NULL),('ac56fa83-ff17-4200-bf27-1dbf08447f23','https://bpprogress-back.wesales.online/img/products/1588669268_99611.jpg','img/products/','1588669268_99611.jpg','2020-05-05 09:01:08','2020-05-05 09:01:08',NULL);
/*!40000 ALTER TABLE `images` ENABLE KEYS */;
UNLOCK TABLES;

--
-- Table structure for table `order_lines`
--

DROP TABLE IF EXISTS `order_lines`;
/*!40101 SET @saved_cs_client     = @@character_set_client */;
/*!40101 SET character_set_client = utf8 */;
CREATE TABLE `order_lines` (
  `id` char(36) NOT NULL,
  `order_id` char(36) NOT NULL,
  `product_id` char(36) NOT NULL,
  `qty` int(11) NOT NULL DEFAULT 0,
  `unit_price` decimal(10,2) NOT NULL DEFAULT 0.00,
  `amount` decimal(10,2) NOT NULL DEFAULT 0.00,
  `description` varchar(255) DEFAULT NULL,
  `created` datetime DEFAULT NULL,
  `modified` datetime DEFAULT NULL,
  PRIMARY KEY (`id`)
) ENGINE=MyISAM DEFAULT CHARSET=utf8;
/*!40101 SET character_set_client = @saved_cs_client */;

--
-- Dumping data for table `order_lines`
--

LOCK TABLES `order_lines` WRITE;
/*!40000 ALTER TABLE `order_lines` DISABLE KEYS */;
INSERT INTO `order_lines` VALUES ('5e5aacd7-64b5-4dac-8ae2-2eaabcaa30d6','79349622-7994-4d75-b42c-c9e4ac50e950','10e599e8-06d8-4dce-85e9-f7b6b60d273b',1,15500.00,15500.00,NULL,'2020-05-06 16:06:14','2020-05-06 16:06:14');
/*!40000 ALTER TABLE `order_lines` ENABLE KEYS */;
UNLOCK TABLES;

--
-- Table structure for table `orders`
--

DROP TABLE IF EXISTS `orders`;
/*!40101 SET @saved_cs_client     = @@character_set_client */;
/*!40101 SET character_set_client = utf8 */;
CREATE TABLE `orders` (
  `id` char(36) NOT NULL,
  `shop_id` char(36) NOT NULL,
  `user_id` char(36) NOT NULL,
  `docdate` date NOT NULL,
  `docno` varchar(45) DEFAULT NULL,
  `status` varchar(45) DEFAULT 'DR',
  `totalamt` decimal(10,2) DEFAULT 0.00,
  `description` varchar(255) DEFAULT NULL,
  `created` datetime DEFAULT NULL,
  `modified` datetime DEFAULT NULL,
  `address_id` char(36) DEFAULT NULL,
  `payment_method` varchar(45) DEFAULT NULL,
  `payment_status` varchar(45) DEFAULT 'NOTPAID',
  PRIMARY KEY (`id`)
) ENGINE=MyISAM DEFAULT CHARSET=utf8;
/*!40101 SET character_set_client = @saved_cs_client */;

--
-- Dumping data for table `orders`
--

LOCK TABLES `orders` WRITE;
/*!40000 ALTER TABLE `orders` DISABLE KEYS */;
INSERT INTO `orders` VALUES ('79349622-7994-4d75-b42c-c9e4ac50e950','0','bed6a290-cc73-4027-a7f0-7b2ee6b8ccec','2020-05-06','OR20050616062020','NEW',15500.00,NULL,'2020-05-06 16:06:14','2020-05-06 16:14:13','b405843a-5a58-4d40-8015-f512264cedcf','transfer','NOTPAID');
/*!40000 ALTER TABLE `orders` ENABLE KEYS */;
UNLOCK TABLES;

--
-- Table structure for table `payments`
--

DROP TABLE IF EXISTS `payments`;
/*!40101 SET @saved_cs_client     = @@character_set_client */;
/*!40101 SET character_set_client = utf8 */;
CREATE TABLE `payments` (
  `id` char(36) NOT NULL,
  `user_id` char(36) NOT NULL,
  `order_id` char(36) NOT NULL,
  `amount` decimal(10,2) DEFAULT 0.00,
  `image_id` char(36) DEFAULT NULL,
  `transfertime` varchar(50) DEFAULT NULL,
  `created` datetime DEFAULT NULL,
  `modified` datetime DEFAULT NULL,
  `description` varchar(255) DEFAULT NULL,
  `status` varchar(45) DEFAULT 'DR',
  `expectamt` decimal(10,2) DEFAULT 0.00,
  `docdate` date DEFAULT NULL,
  PRIMARY KEY (`id`)
) ENGINE=MyISAM DEFAULT CHARSET=utf8;
/*!40101 SET character_set_client = @saved_cs_client */;

--
-- Dumping data for table `payments`
--

LOCK TABLES `payments` WRITE;
/*!40000 ALTER TABLE `payments` DISABLE KEYS */;
INSERT INTO `payments` VALUES ('4ce376f2-68fd-4e9d-a2a4-cc9c67b4c5cc','bed6a290-cc73-4027-a7f0-7b2ee6b8ccec','79349622-7994-4d75-b42c-c9e4ac50e950',0.00,NULL,'1212','2020-05-06 16:06:14','2020-05-06 16:58:02','','NEW',0.00,NULL);
/*!40000 ALTER TABLE `payments` ENABLE KEYS */;
UNLOCK TABLES;

--
-- Table structure for table `product_categories`
--

DROP TABLE IF EXISTS `product_categories`;
/*!40101 SET @saved_cs_client     = @@character_set_client */;
/*!40101 SET character_set_client = utf8 */;
CREATE TABLE `product_categories` (
  `id` char(36) NOT NULL,
  `name` varchar(50) NOT NULL,
  `isactive` enum('Y','N') DEFAULT 'Y',
  `created` datetime DEFAULT NULL,
  `modified` datetime DEFAULT NULL,
  `description` varchar(255) DEFAULT NULL,
  PRIMARY KEY (`id`)
) ENGINE=MyISAM DEFAULT CHARSET=utf8;
/*!40101 SET character_set_client = @saved_cs_client */;

--
-- Dumping data for table `product_categories`
--

LOCK TABLES `product_categories` WRITE;
/*!40000 ALTER TABLE `product_categories` DISABLE KEYS */;
INSERT INTO `product_categories` VALUES ('efbe0812-e4a3-40fd-902d-789ff1a9c1dd','อุปกรณ์ อิเล็กทรอนิกส์','Y','2020-04-21 07:05:02','2020-04-24 08:45:44',''),('934f8c3f-3194-4fcb-8ba1-1c50241634be','ทีวีและเครื่องใช้ ไฟฟ้าในบ้าน','Y','2020-04-21 07:59:35','2020-04-24 08:46:02',''),('fe810ab0-f97e-4499-b495-83ee56bc9782','สุขภาพและความงาม','Y','2020-04-21 16:26:23','2020-04-24 08:46:21',''),('b20da281-b075-4906-89f3-a1b43deaf1d3','เด็กอ่อน และของเล่น','Y','2020-04-24 08:46:35','2020-04-24 08:46:35',''),('7d1adcd1-f133-4906-8609-c7ff3f4c71f7','ซูเปอร์มาร์เก็ต และสัตว์เลี้ยง','Y','2020-04-24 08:46:47','2020-04-24 08:46:47',''),('b47535f4-b010-41dd-ae90-ada35bcd2dca','บ้านและไลฟ์สไตล์','Y','2020-04-24 08:46:57','2020-04-24 08:46:57',''),('df335ac2-b7d9-4cf4-9917-0e9ecf8034e3','แฟชั่นผู้หญิง','Y','2020-04-24 08:47:08','2020-04-24 08:47:08',''),('6f13d3d0-ba6c-48a4-a7b6-7118a168eb7b','แฟชั่นผู้ชาย','Y','2020-04-24 08:47:18','2020-04-24 08:47:18',''),('913b03f4-7a89-4128-b5e0-c8425799ab1d','เครื่องประดับ','Y','2020-04-24 08:48:29','2020-04-24 08:48:29',''),('88756b29-8fe6-47a4-9ade-89062a718b03','กีฬาและ การเดินทาง','Y','2020-04-24 08:48:41','2020-04-24 08:48:41',''),('864bc535-1bcf-498d-bb27-73821e792b28','ยานยนต์ และอุปกรณ์','Y','2020-04-24 08:48:54','2020-04-24 08:48:54',''),('f4c82610-c4cf-487f-9163-48840bea00cd','ect','Y','2020-05-05 08:59:55','2020-05-05 09:00:13','');
/*!40000 ALTER TABLE `product_categories` ENABLE KEYS */;
UNLOCK TABLES;

--
-- Table structure for table `product_images`
--

DROP TABLE IF EXISTS `product_images`;
/*!40101 SET @saved_cs_client     = @@character_set_client */;
/*!40101 SET character_set_client = utf8 */;
CREATE TABLE `product_images` (
  `id` char(36) NOT NULL,
  `product_id` char(36) NOT NULL,
  `image_id` char(36) NOT NULL,
  `type` varchar(45) NOT NULL DEFAULT 'NORMAL',
  `seq` int(11) NOT NULL DEFAULT 1,
  `created` datetime DEFAULT NULL,
  `modified` datetime DEFAULT NULL,
  `description` varchar(255) DEFAULT NULL,
  PRIMARY KEY (`id`)
) ENGINE=MyISAM DEFAULT CHARSET=utf8;
/*!40101 SET character_set_client = @saved_cs_client */;

--
-- Dumping data for table `product_images`
--

LOCK TABLES `product_images` WRITE;
/*!40000 ALTER TABLE `product_images` DISABLE KEYS */;
INSERT INTO `product_images` VALUES ('ae07e6e9-da02-4366-b45c-1dabbe3a941e','d3bc9818-902c-474d-8dd3-f7df394b303a','3b0077c6-8b5b-49ec-8b40-85191f237475','DEFAULT',1,'2020-04-30 09:15:49','2020-04-30 09:15:49',NULL),('4b129232-981a-4ca0-8c38-79c643811ebf','3df02bb1-edff-4d2a-a17c-f35ebcf18acb','d2e87433-cccd-488f-b5b4-37222eadcef1','DEFAULT',1,'2020-05-01 11:50:13','2020-05-01 11:50:13',NULL),('f0519c70-b291-4bc9-b94a-0e8b9e1349f3','0a1d13c2-a6e8-43b0-b9e1-2091ff5e0c0e','d57a9ed9-fa33-4fad-8f4b-530bf3b47612','DEFAULT',1,'2020-05-05 09:23:36','2020-05-05 14:27:35',NULL),('9305b8fa-95b5-45dd-9433-b2ae084e4ba8','0a1d13c2-a6e8-43b0-b9e1-2091ff5e0c0e','b960a4f9-566e-4461-9598-5ce80e89edec','NORMAL',1,'2020-05-05 09:22:58','2020-05-05 14:27:25',NULL),('7fa24c1c-6bc1-4860-bc14-2f652422a4ff','0a1d13c2-a6e8-43b0-b9e1-2091ff5e0c0e','3445deb6-9d40-4b78-99c2-061fc5f4423d','NORMAL',1,'2020-05-05 09:23:09','2020-05-05 14:22:13',NULL),('3bf84b23-c8a2-4c9e-9d6e-b7c563290333','10e599e8-06d8-4dce-85e9-f7b6b60d273b','08fa1c05-fd84-42a5-997a-82fe0d2515a8','DEFAULT',1,'2020-05-05 05:56:32','2020-05-05 05:56:32',NULL),('6b176b4d-5e80-4e8c-b13f-3129ccdab6f9','10e599e8-06d8-4dce-85e9-f7b6b60d273b','d96ec581-0b0a-41aa-ab4b-1955235929fd','NORMAL',1,'2020-05-05 06:03:25','2020-05-05 06:03:25',NULL),('d253c9ab-5a5e-4af4-8a4c-12cf09e4cbb1','10e599e8-06d8-4dce-85e9-f7b6b60d273b','fab454ba-2772-4a9c-a5cd-8d405c1af73c','NORMAL',1,'2020-05-05 06:03:29','2020-05-05 06:03:29',NULL),('5704f9ba-2eea-4011-a170-c6accfda2baf','10e599e8-06d8-4dce-85e9-f7b6b60d273b','86251e21-fc16-405f-b444-17d72317ed01','NORMAL',1,'2020-05-05 06:03:32','2020-05-05 06:03:32',NULL),('cb96cb73-9faa-4523-8445-818170a3ece0','10e599e8-06d8-4dce-85e9-f7b6b60d273b','b7155e3c-c67f-459b-b8bc-8fb55a5b031f','NORMAL',1,'2020-05-05 06:03:34','2020-05-05 06:03:34',NULL),('6f8dddad-5158-452c-bc8b-cb749a9385c4','7984b064-9a92-47c3-973c-13944a60b504','dc313f74-a989-4b48-9b6d-f8b6d5d73477','NORMAL',1,'2020-05-05 16:28:15','2020-05-05 16:28:15',NULL),('8609cd4b-6430-43bf-b1fa-c0c4352de9b6','7984b064-9a92-47c3-973c-13944a60b504','eb6f2dfa-212a-437e-bbbe-0616c240ef16','NORMAL',1,'2020-05-05 08:53:49','2020-05-05 16:28:23',NULL),('da33d17d-b1b2-4305-ba53-ba7a00e3c0e0','7984b064-9a92-47c3-973c-13944a60b504','33025aed-59fe-470f-83d0-db68ad83ff53','DEFAULT',1,'2020-05-05 17:02:42','2020-05-05 17:02:48',NULL),('45dd7f5a-8fe3-45a0-b1cc-8edb9108a505','3df02bb1-edff-4d2a-a17c-f35ebcf18acb','ac56fa83-ff17-4200-bf27-1dbf08447f23','NORMAL',1,'2020-05-05 09:01:08','2020-05-05 09:01:08',NULL);
/*!40000 ALTER TABLE `product_images` ENABLE KEYS */;
UNLOCK TABLES;

--
-- Table structure for table `products`
--

DROP TABLE IF EXISTS `products`;
/*!40101 SET @saved_cs_client     = @@character_set_client */;
/*!40101 SET character_set_client = utf8 */;
CREATE TABLE `products` (
  `id` char(36) NOT NULL,
  `brand_id` char(36) DEFAULT NULL,
  `name` varchar(255) NOT NULL,
  `isretail` enum('Y','N') NOT NULL DEFAULT 'Y',
  `iswholesale` enum('Y','N') NOT NULL DEFAULT 'N',
  `isstock` enum('Y','N') NOT NULL DEFAULT 'N',
  `isactive` enum('Y','N') DEFAULT 'Y',
  `product_category_id` char(36) NOT NULL,
  `price` decimal(10,2) NOT NULL DEFAULT 0.00,
  `special_price` decimal(10,2) NOT NULL DEFAULT 0.00,
  `short_description` longtext DEFAULT NULL,
  `description` longtext DEFAULT NULL,
  `created` datetime DEFAULT NULL,
  `modified` datetime DEFAULT NULL,
  `note` varchar(255) DEFAULT NULL,
  `qty` int(11) DEFAULT 0,
  `shop_id` char(36) NOT NULL DEFAULT '0',
  `view_count` int(11) DEFAULT 0,
  PRIMARY KEY (`id`)
) ENGINE=MyISAM DEFAULT CHARSET=utf8;
/*!40101 SET character_set_client = @saved_cs_client */;

--
-- Dumping data for table `products`
--

LOCK TABLES `products` WRITE;
/*!40000 ALTER TABLE `products` DISABLE KEYS */;
INSERT INTO `products` VALUES ('d3bc9818-902c-474d-8dd3-f7df394b303a','796be1ba-4cf0-43e8-9a27-82093a710e9b','หูฟังของ Apple เมนูฟังก์ชั่นทั้งหมดนั้นเหมือนกันทุกประการ','Y','Y','Y','Y','efbe0812-e4a3-40fd-902d-789ff1a9c1dd',100.00,99.00,'<p>หูฟังระดับเทพ&nbsp;<span style=\"color: rgb(108, 117, 125); font-weight: 600; font-size: 0.875rem;\">ย่อ</span></p>','<p>หูฟังระดับเทพ&nbsp;<br><span style=\"color: rgb(108, 117, 125); font-weight: 600;\">รายละเอียดสินค้าแบบเต็ม</span><br></p>','2020-04-30 09:15:40','2020-05-04 07:40:05',NULL,670,'0',1),('3df02bb1-edff-4d2a-a17c-f35ebcf18acb','796be1ba-4cf0-43e8-9a27-82093a710e9b','สนใจติดต่อ','Y','','Y','Y','b47535f4-b010-41dd-ae90-ada35bcd2dca',0.00,0.00,'','','2020-05-01 11:50:02','2020-05-01 14:00:25',NULL,50,'0',0),('0a1d13c2-a6e8-43b0-b9e1-2091ff5e0c0e','3e2ab302-3950-42f9-8461-500aa87b360a','Samsung S7 Edge','Y','Y','Y','Y','efbe0812-e4a3-40fd-902d-789ff1a9c1dd',10000.00,9500.00,'<p><img src=\"https://www.techmoblog.com/images_new_product/menu/features.png\" alt=\"\" style=\"border: 0px; color: rgb(51, 51, 51); font-family: Tahoma, sans-serif; background-color: rgb(253, 253, 253);\"><span style=\"color: rgb(51, 51, 51); font-family: Tahoma, sans-serif; background-color: rgb(253, 253, 253);\"></span></p><ul class=\"features\" style=\"margin-bottom: 10px; color: rgb(51, 51, 51); font-family: Tahoma, sans-serif; background-color: rgb(253, 253, 253);\"><li style=\"font-size: 12px; line-height: 16px; color: rgb(80, 77, 77);\">รองรับการใช้งาน 2 ซิมการ์ด</li><li style=\"font-size: 12px; line-height: 16px; color: rgb(80, 77, 77);\">ตัวเครื่องมีคุณสมบัติในการป้องกันน้ำ และป้องกันฝุ่น ตามมาตรฐาน IP68</li><li style=\"font-size: 12px; line-height: 16px; color: rgb(80, 77, 77);\">หน้าจอแสดงผลกว้าง 5.5 นิ้ว ความละเอียด 2560 x 1440 พิกเซล</li><li style=\"font-size: 12px; line-height: 16px; color: rgb(80, 77, 77);\">ชิปเซ็ต 64-bit Exynos 8 Octa 8890 ความเร็ว 2.3 GHz</li><li style=\"font-size: 12px; line-height: 16px; color: rgb(80, 77, 77);\">RAM 4 GB</li><li style=\"font-size: 12px; line-height: 16px; color: rgb(80, 77, 77);\">กล้องหน้า 5 ล้านพิกเซล / กล้องหลัง 12 ล้านพิกเซล</li></ul>','<div style=\"color: rgb(51, 51, 51); font-family: Tahoma, sans-serif; width: 674px; border: 1px solid rgb(250, 250, 250);\"><div class=\"container\" style=\"padding: 0px; width: 672px;\"><table class=\"table table-striped table_spec\" style=\"border-spacing: 0px; background-color: transparent; width: 672px; max-width: 100%; margin-bottom: 20px;\"><tbody><tr style=\"background-color: rgb(249, 249, 249);\"><td class=\"spec-title\" style=\"padding: 10px; width: 200px; font-weight: bolder; color: rgb(38, 173, 216); line-height: 1.42857; border-top-color: rgb(221, 221, 221);\">ขนาดของตัวเครื่อง</td><td class=\"spec-detial\" style=\"padding: 3px; color: rgb(84, 86, 85); min-width: 100px; line-height: 1.42857; border-top-color: rgb(221, 221, 221);\">150.9 x 72.6 x 7.7 มิลลิเมตร</td></tr><tr><td class=\"spec-title\" style=\"padding: 10px; width: 200px; font-weight: bolder; color: rgb(38, 173, 216); line-height: 1.42857; border-top-color: rgb(221, 221, 221);\">น้ำหนัก</td><td class=\"spec-detial\" style=\"padding: 3px; color: rgb(84, 86, 85); min-width: 100px; line-height: 1.42857; border-top-color: rgb(221, 221, 221);\">157.00 กรัม</td></tr><tr style=\"background-color: rgb(249, 249, 249);\"><td class=\"spec-title\" style=\"padding: 10px; width: 200px; font-weight: bolder; color: rgb(38, 173, 216); line-height: 1.42857; border-top-color: rgb(221, 221, 221);\">หน้าจอและความละเอียด</td><td class=\"spec-detial\" style=\"padding: 3px; color: rgb(84, 86, 85); min-width: 100px; line-height: 1.42857; border-top-color: rgb(221, 221, 221);\">หน้าจอแสดงผลกว้าง 5.5 นิ้ว แบบ Dual Edge Curved Super AMOLED Capacitive Touchscreen 16.7 ล้านสี ความละเอียด 2560 x 1440 พิกเซล (534 ppi)</td></tr><tr><td class=\"spec-title\" style=\"padding: 10px; width: 200px; font-weight: bolder; color: rgb(38, 173, 216); line-height: 1.42857; border-top-color: rgb(221, 221, 221);\">หน่วยประมวลผล (CPU)</td><td class=\"spec-detial\" style=\"padding: 3px; color: rgb(84, 86, 85); min-width: 100px; line-height: 1.42857; border-top-color: rgb(221, 221, 221);\">ชิปเซ็ต 64-bit Exynos 8 Octa 8890 ความเร็ว 2.3 GHz (ประกอบด้วย ซีพียู Quad-Core Exynos M1 Mongoose 2.3 GHz และซีพียู Quad-Core Cortex-A53 1.6 GHz)</td></tr><tr style=\"background-color: rgb(249, 249, 249);\"><td class=\"spec-title\" style=\"padding: 10px; width: 200px; font-weight: bolder; color: rgb(38, 173, 216); line-height: 1.42857; border-top-color: rgb(221, 221, 221);\">ชิพประมวลผลกราฟฟิค (GPU)</td><td class=\"spec-detial\" style=\"padding: 3px; color: rgb(84, 86, 85); min-width: 100px; line-height: 1.42857; border-top-color: rgb(221, 221, 221);\">Mali-T880 MP12 พร้อมรองรับ API กราฟิกแบบ Vulkan</td></tr><tr><td class=\"spec-title\" style=\"padding: 10px; width: 200px; font-weight: bolder; color: rgb(38, 173, 216); line-height: 1.42857; border-top-color: rgb(221, 221, 221);\">หน่วยความจำ (RAM)</td><td class=\"spec-detial\" style=\"padding: 3px; color: rgb(84, 86, 85); min-width: 100px; line-height: 1.42857; border-top-color: rgb(221, 221, 221);\">4 GB</td></tr><tr style=\"background-color: rgb(249, 249, 249);\"><td class=\"spec-title\" style=\"padding: 10px; width: 200px; font-weight: bolder; color: rgb(38, 173, 216); line-height: 1.42857; border-top-color: rgb(221, 221, 221);\">หน่วยความจำแบบอ่านอย่างเดียว (ROM)</td><td class=\"spec-detial\" style=\"padding: 3px; color: rgb(84, 86, 85); min-width: 100px; line-height: 1.42857; border-top-color: rgb(221, 221, 221);\">32 GB</td></tr><tr><td class=\"spec-title\" style=\"padding: 10px; width: 200px; font-weight: bolder; color: rgb(38, 173, 216); line-height: 1.42857; border-top-color: rgb(221, 221, 221);\">ระบบปฏิบัติการ (OS)</td><td class=\"spec-detial\" style=\"padding: 3px; color: rgb(84, 86, 85); min-width: 100px; line-height: 1.42857; border-top-color: rgb(221, 221, 221);\">Android 6.0 (Marshmallow)</td></tr><tr style=\"background-color: rgb(249, 249, 249);\"><td class=\"spec-title\" style=\"padding: 10px; width: 200px; font-weight: bolder; color: rgb(38, 173, 216); line-height: 1.42857; border-top-color: rgb(221, 221, 221);\">หน่วยความจำภายใน</td><td class=\"spec-detial\" style=\"padding: 3px; color: rgb(84, 86, 85); min-width: 100px; line-height: 1.42857; border-top-color: rgb(221, 221, 221);\">32 GB</td></tr><tr><td class=\"spec-title\" style=\"padding: 10px; width: 200px; font-weight: bolder; color: rgb(38, 173, 216); line-height: 1.42857; border-top-color: rgb(221, 221, 221);\">หน่วยความจำภายนอก (OS)</td><td class=\"spec-detial\" style=\"padding: 3px; color: rgb(84, 86, 85); min-width: 100px; line-height: 1.42857; border-top-color: rgb(221, 221, 221);\">รองรับสูงสุด 200 GB</td></tr><tr style=\"background-color: rgb(249, 249, 249);\"><td class=\"spec-title\" style=\"padding: 10px; width: 200px; font-weight: bolder; color: rgb(38, 173, 216); line-height: 1.42857; border-top-color: rgb(221, 221, 221);\">แบตเตอรี่</td><td class=\"spec-detial\" style=\"padding: 3px; color: rgb(84, 86, 85); min-width: 100px; line-height: 1.42857; border-top-color: rgb(221, 221, 221);\">Li-Ion 3600 mAh</td></tr><tr><td class=\"spec-title\" style=\"padding: 10px; width: 200px; font-weight: bolder; color: rgb(38, 173, 216); line-height: 1.42857; border-top-color: rgb(221, 221, 221);\">ระบบ เซ็นเซอร์ ตรวจจับ</td><td class=\"spec-detial\" style=\"padding: 3px; color: rgb(84, 86, 85); min-width: 100px; line-height: 1.42857; border-top-color: rgb(221, 221, 221);\">Accelerometer, Proximity, Gyro, Fingerprint, Barometer, Hall, HRM</td></tr></tbody></table></div></div><div style=\"color: rgb(51, 51, 51); font-family: Tahoma, sans-serif; width: 674px; border: 1px solid rgb(250, 250, 250);\"><div style=\"width: 672px; background-color: rgb(166, 166, 166);\"><img src=\"https://www.techmoblog.com/images_new_product/menu/network_connection.png\" class=\"img-responsive hidden-xs hidden-sm\" alt=\"\" style=\"border: 0px; display: block; max-width: 100%; height: auto; width: 504px;\"></div><div class=\"container\" style=\"padding: 0px; width: 672px;\"><table class=\"table table-striped table_spec\" style=\"border-spacing: 0px; background-color: transparent; width: 672px; max-width: 100%; margin-bottom: 20px;\"><tbody><tr style=\"background-color: rgb(249, 249, 249);\"><td class=\"spec-title\" style=\"padding: 10px; width: 200px; font-weight: bolder; color: rgb(38, 173, 216); line-height: 1.42857; border-top-color: rgb(221, 221, 221);\">โทรศัพท์</td><td class=\"spec-detial\" style=\"padding: 3px; color: rgb(84, 86, 85); min-width: 100px; line-height: 1.42857; border-top-color: rgb(221, 221, 221);\">รองรับ</td></tr><tr><td class=\"spec-title\" style=\"padding: 10px; width: 200px; font-weight: bolder; color: rgb(38, 173, 216); line-height: 1.42857; border-top-color: rgb(221, 221, 221);\">รองรับ 3G</td><td class=\"spec-detial\" style=\"padding: 3px; color: rgb(84, 86, 85); min-width: 100px; line-height: 1.42857; border-top-color: rgb(221, 221, 221);\">รองรับ</td></tr><tr style=\"background-color: rgb(249, 249, 249);\"><td class=\"spec-title\" style=\"padding: 10px; width: 200px; font-weight: bolder; color: rgb(38, 173, 216); line-height: 1.42857; border-top-color: rgb(221, 221, 221);\">รองรับ GPRS/EDGE</td><td class=\"spec-detial\" style=\"padding: 3px; color: rgb(84, 86, 85); min-width: 100px; line-height: 1.42857; border-top-color: rgb(221, 221, 221);\">รองรับ</td></tr><tr><td class=\"spec-title\" style=\"padding: 10px; width: 200px; font-weight: bolder; color: rgb(38, 173, 216); line-height: 1.42857; border-top-color: rgb(221, 221, 221);\">ข้อมูลเครือข่ายที่รองรับ</td><td class=\"spec-detial\" style=\"padding: 3px; color: rgb(84, 86, 85); min-width: 100px; line-height: 1.42857; border-top-color: rgb(221, 221, 221);\">ระบบสัญญาณ Tri Mode (4G LTE/3G WCDMA/2G GSM)<br>- 4G LTE<br>- 3G WCDMA/HSDPA Quad Band (850/900/1900/2100 MHz)<br>- 2G GSM Quad Band (850/900/1800/1900 MHz)</td></tr><tr style=\"background-color: rgb(249, 249, 249);\"><td class=\"spec-title\" style=\"padding: 10px; width: 200px; font-weight: bolder; color: rgb(38, 173, 216); line-height: 1.42857; border-top-color: rgb(221, 221, 221);\">การเชื่อมต่อ Wi-Fi</td><td class=\"spec-detial\" style=\"padding: 3px; color: rgb(84, 86, 85); min-width: 100px; line-height: 1.42857; border-top-color: rgb(221, 221, 221);\">รองรับ (Wi-Fi 802.11 a/b/g/n/ac และรองรับความถี่ WiFi แบบ Dual Band (2.4 และ 5 GHz) และ MIMO)</td></tr><tr><td class=\"spec-title\" style=\"padding: 10px; width: 200px; font-weight: bolder; color: rgb(38, 173, 216); line-height: 1.42857; border-top-color: rgb(221, 221, 221);\">รองรับ Bluetooth</td><td class=\"spec-detial\" style=\"padding: 3px; color: rgb(84, 86, 85); min-width: 100px; line-height: 1.42857; border-top-color: rgb(221, 221, 221);\">Bluetooth เวอร์ชัน 4.2</td></tr><tr style=\"background-color: rgb(249, 249, 249);\"><td class=\"spec-title\" style=\"padding: 10px; width: 200px; font-weight: bolder; color: rgb(38, 173, 216); line-height: 1.42857; border-top-color: rgb(221, 221, 221);\">ระบบ GPS นำทาง</td><td class=\"spec-detial\" style=\"padding: 3px; color: rgb(84, 86, 85); min-width: 100px; line-height: 1.42857; border-top-color: rgb(221, 221, 221);\">- ระบบ GPS ในตัว พร้อมฟังก์ชัน A-GPS<br>- GLONASS ระบบดาวเทียมของรัสเซีย<br>- Beidou ระบบดาวเทียมของจีน</td></tr></tbody></table></div></div><div style=\"color: rgb(51, 51, 51); font-family: Tahoma, sans-serif; width: 674px; border: 1px solid rgb(250, 250, 250);\"><div style=\"width: 672px; background-color: rgb(166, 166, 166);\"><img src=\"https://www.techmoblog.com/images_new_product/menu/features_multimedia.png\" class=\"img-responsive hidden-xs hidden-sm\" alt=\"\" style=\"border: 0px; display: block; max-width: 100%; height: auto; width: 504px;\"></div><div class=\"container\" style=\"padding: 0px; width: 672px;\"><table class=\"table table-striped table_spec\" style=\"border-spacing: 0px; background-color: transparent; width: 672px; max-width: 100%; margin-bottom: 20px;\"><tbody><tr style=\"background-color: rgb(249, 249, 249);\"><td class=\"spec-title\" style=\"padding: 10px; width: 200px; font-weight: bolder; color: rgb(38, 173, 216); line-height: 1.42857; border-top-color: rgb(221, 221, 221);\">ลำโพง (Speaker)</td><td class=\"spec-detial\" style=\"padding: 3px; color: rgb(84, 86, 85); min-width: 100px; line-height: 1.42857; border-top-color: rgb(221, 221, 221);\">มีในตัว</td></tr><tr><td class=\"spec-title\" style=\"padding: 10px; width: 200px; font-weight: bolder; color: rgb(38, 173, 216); line-height: 1.42857; border-top-color: rgb(221, 221, 221);\">ไมโครโฟน</td><td class=\"spec-detial\" style=\"padding: 3px; color: rgb(84, 86, 85); min-width: 100px; line-height: 1.42857; border-top-color: rgb(221, 221, 221);\">มีในตัว</td></tr><tr style=\"background-color: rgb(249, 249, 249);\"><td class=\"spec-title\" style=\"padding: 10px; width: 200px; font-weight: bolder; color: rgb(38, 173, 216); line-height: 1.42857; border-top-color: rgb(221, 221, 221);\">กล้องด้านหน้า</td><td class=\"spec-detial\" style=\"padding: 3px; color: rgb(84, 86, 85); min-width: 100px; line-height: 1.42857; border-top-color: rgb(221, 221, 221);\">- ความละเอียด 5 ล้านพิกเซล<br>- รูรับแสง (Aperture) กว้างสูงสุดที่ F/1.7</td></tr><tr><td class=\"spec-title\" style=\"padding: 10px; width: 200px; font-weight: bolder; color: rgb(38, 173, 216); line-height: 1.42857; border-top-color: rgb(221, 221, 221);\">กล้องด้านหลัง</td><td class=\"spec-detial\" style=\"padding: 3px; color: rgb(84, 86, 85); min-width: 100px; line-height: 1.42857; border-top-color: rgb(221, 221, 221);\">- ความละเอียด 12 ล้านพิกเซล<br>- เซ็นเซอร์รับภาพขนาด 1/2.6 นิ้ว<br>- ขนาดของจุดพิกเซล 1.4 ไมครอน<br>- รูรับแสง (Aperture) กว้างสูงสุดที่ F/1.7<br>- ระบบป้องกันการสั่นแบบ Smart OIS (Optical Image Stabilization)<br>- ไฟแฟลชแบบ LED Flash<br>- ระบบโฟกัสภาพอัตโนมัติแบบ PDAF (Phase Detection Autofocus) (ใช้เวลาในการโฟกัสวัตถุเพียง 0.15 วินาที)<br>- ระบบโฟกัสภาพอัตโนมัติ (Auto Focus)</td></tr><tr style=\"background-color: rgb(249, 249, 249);\"><td class=\"spec-title\" style=\"padding: 10px; width: 200px; font-weight: bolder; color: rgb(38, 173, 216); line-height: 1.42857; border-top-color: rgb(221, 221, 221);\">ช่องต่อหูฟัง</td><td class=\"spec-detial\" style=\"padding: 3px; color: rgb(84, 86, 85); min-width: 100px; line-height: 1.42857; border-top-color: rgb(221, 221, 221);\">รองรับ ชุดหูฟัง ขนาด 3.5 มิลลิเมตร</td></tr><tr><td class=\"spec-title\" style=\"padding: 10px; width: 200px; font-weight: bolder; color: rgb(38, 173, 216); line-height: 1.42857; border-top-color: rgb(221, 221, 221);\">พอร์ทเชื่อมต่อ HDMI</td><td class=\"spec-detial\" style=\"padding: 3px; color: rgb(84, 86, 85); min-width: 100px; line-height: 1.42857; border-top-color: rgb(221, 221, 221);\">ไม่ระบุ</td></tr><tr style=\"background-color: rgb(249, 249, 249);\"><td class=\"spec-title\" style=\"padding: 10px; width: 200px; font-weight: bolder; color: rgb(38, 173, 216); line-height: 1.42857; border-top-color: rgb(221, 221, 221);\">พอร์ทเชื่อมต่อ USB</td><td class=\"spec-detial\" style=\"padding: 3px; color: rgb(84, 86, 85); min-width: 100px; line-height: 1.42857; border-top-color: rgb(221, 221, 221);\">USB Data Cable เวอร์ชัน 2.0</td></tr></tbody></table></div></div><div style=\"color: rgb(51, 51, 51); font-family: Tahoma, sans-serif; width: 674px; border: 1px solid rgb(250, 250, 250);\"><div style=\"width: 672px; background-color: rgb(166, 166, 166);\"><img src=\"https://www.techmoblog.com/images_new_product/menu/features_file.png\" class=\"img-responsive hidden-xs hidden-sm\" alt=\"\" style=\"border: 0px; display: block; max-width: 100%; height: auto; width: 504px;\"></div><div class=\"container\" style=\"padding: 0px; width: 672px;\"><table class=\"table table-striped table_spec\" style=\"border-spacing: 0px; background-color: transparent; width: 672px; max-width: 100%; margin-bottom: 20px;\"><tbody><tr style=\"background-color: rgb(249, 249, 249);\"><td class=\"spec-title\" style=\"padding: 10px; width: 200px; font-weight: bolder; color: rgb(38, 173, 216); line-height: 1.42857; border-top-color: rgb(221, 221, 221);\">User Interface</td><td class=\"spec-detial\" style=\"padding: 3px; color: rgb(84, 86, 85); min-width: 100px; line-height: 1.42857; border-top-color: rgb(221, 221, 221);\">TouchWiz UI</td></tr><tr><td class=\"spec-title\" style=\"padding: 10px; width: 200px; font-weight: bolder; color: rgb(38, 173, 216); line-height: 1.42857; border-top-color: rgb(221, 221, 221);\">ไฟล์แฟลช (Flash Player)</td><td class=\"spec-detial\" style=\"padding: 3px; color: rgb(84, 86, 85); min-width: 100px; line-height: 1.42857; border-top-color: rgb(221, 221, 221);\">ไม่ระบุ</td></tr><tr style=\"background-color: rgb(249, 249, 249);\"><td class=\"spec-title\" style=\"padding: 10px; width: 200px; font-weight: bolder; color: rgb(38, 173, 216); line-height: 1.42857; border-top-color: rgb(221, 221, 221);\">ระบบ Multitasking</td><td class=\"spec-detial\" style=\"padding: 3px; color: rgb(84, 86, 85); min-width: 100px; line-height: 1.42857; border-top-color: rgb(221, 221, 221);\">รองรับการทำงานแบบ Multitasking</td></tr><tr><td class=\"spec-title\" style=\"padding: 10px; width: 200px; font-weight: bolder; color: rgb(38, 173, 216); line-height: 1.42857; border-top-color: rgb(221, 221, 221);\">ระบบ Multitouch</td><td class=\"spec-detial\" style=\"padding: 3px; color: rgb(84, 86, 85); min-width: 100px; line-height: 1.42857; border-top-color: rgb(221, 221, 221);\">รองรับการทำงานแบบ Multitouch</td></tr><tr style=\"background-color: rgb(249, 249, 249);\"><td class=\"spec-title\" style=\"padding: 10px; width: 200px; font-weight: bolder; color: rgb(38, 173, 216); line-height: 1.42857; border-top-color: rgb(221, 221, 221);\">ระบบช่วยสะกดคำอัตโนมัติ</td><td class=\"spec-detial\" style=\"padding: 3px; color: rgb(84, 86, 85); min-width: 100px; line-height: 1.42857; border-top-color: rgb(221, 221, 221);\">รองรับ</td></tr><tr><td class=\"spec-title\" style=\"padding: 10px; width: 200px; font-weight: bolder; color: rgb(38, 173, 216); line-height: 1.42857; border-top-color: rgb(221, 221, 221);\">เว็บ Browser</td><td class=\"spec-detial\" style=\"padding: 3px; color: rgb(84, 86, 85); min-width: 100px; line-height: 1.42857; border-top-color: rgb(221, 221, 221);\">HTML Browser<br>- รองรับมาตรฐาน HTML5</td></tr><tr style=\"background-color: rgb(249, 249, 249);\"><td class=\"spec-title\" style=\"padding: 10px; width: 200px; font-weight: bolder; color: rgb(38, 173, 216); line-height: 1.42857; border-top-color: rgb(221, 221, 221);\">การดาวน์โหลด Application</td><td class=\"spec-detial\" style=\"padding: 3px; color: rgb(84, 86, 85); min-width: 100px; line-height: 1.42857; border-top-color: rgb(221, 221, 221);\">Google Play Store</td></tr><tr><td class=\"spec-title\" style=\"padding: 10px; width: 200px; font-weight: bolder; color: rgb(38, 173, 216); line-height: 1.42857; border-top-color: rgb(221, 221, 221);\">โปรแกรม Messenger</td><td class=\"spec-detial\" style=\"padding: 3px; color: rgb(84, 86, 85); min-width: 100px; line-height: 1.42857; border-top-color: rgb(221, 221, 221);\">LINE, WhatsApp และสามารถดาวน์โหลดโปรแกรมอื่นเพิ่มเติมได้</td></tr><tr style=\"background-color: rgb(249, 249, 249);\"><td class=\"spec-title\" style=\"padding: 10px; width: 200px; font-weight: bolder; color: rgb(38, 173, 216); line-height: 1.42857; border-top-color: rgb(221, 221, 221);\">ปุ่มกด</td><td class=\"spec-detial\" style=\"padding: 3px; color: rgb(84, 86, 85); min-width: 100px; line-height: 1.42857; border-top-color: rgb(221, 221, 221);\">แป้นควบคุมการทำงานแบบสัมผัส (Touch-Sensitive Panel)</td></tr><tr><td class=\"spec-title\" style=\"padding: 10px; width: 200px; font-weight: bolder; color: rgb(38, 173, 216); line-height: 1.42857; border-top-color: rgb(221, 221, 221);\">คีย์บอร์ด</td><td class=\"spec-detial\" style=\"padding: 3px; color: rgb(84, 86, 85); min-width: 100px; line-height: 1.42857; border-top-color: rgb(221, 221, 221);\">Virtual QWERTY Keyboard</td></tr><tr style=\"background-color: rgb(249, 249, 249);\"><td class=\"spec-title\" style=\"padding: 10px; width: 200px; font-weight: bolder; color: rgb(38, 173, 216); line-height: 1.42857; border-top-color: rgb(221, 221, 221);\">ไฟล์เสียงที่รองรับ</td><td class=\"spec-detial\" style=\"padding: 3px; color: rgb(84, 86, 85); min-width: 100px; line-height: 1.42857; border-top-color: rgb(221, 221, 221);\">รองรับไฟล์เสียง MP3, M4A, 3GA, AAC, OGG, OGA, WAV, WMA, AMR, AWB, FLAC, MID, MIDI, XMF, MXMF, IMY, RTTTL, RTX, OTA</td></tr><tr><td class=\"spec-title\" style=\"padding: 10px; width: 200px; font-weight: bolder; color: rgb(38, 173, 216); line-height: 1.42857; border-top-color: rgb(221, 221, 221);\">ไฟล์วีดีโอที่รองรับ</td><td class=\"spec-detial\" style=\"padding: 3px; color: rgb(84, 86, 85); min-width: 100px; line-height: 1.42857; border-top-color: rgb(221, 221, 221);\">รองรับไฟล์วีดีโอ MP4, M4V, 3GP, 3G2, WMV, ASF, AVI, FLV, MKV, WEBM</td></tr><tr style=\"background-color: rgb(249, 249, 249);\"><td class=\"spec-title\" style=\"padding: 10px; width: 200px; font-weight: bolder; color: rgb(38, 173, 216); line-height: 1.42857; border-top-color: rgb(221, 221, 221);\">ไฟล์เอกสารที่รองรับ</td><td class=\"spec-detial\" style=\"padding: 3px; color: rgb(84, 86, 85); min-width: 100px; line-height: 1.42857; border-top-color: rgb(221, 221, 221);\">รองรับโปรแกรมเปิดอ่านไฟล์เอกสาร</td></tr></tbody></table></div></div><div style=\"color: rgb(51, 51, 51); font-family: Tahoma, sans-serif; width: 674px; border: 1px solid rgb(250, 250, 250);\"><div style=\"width: 672px; background-color: rgb(166, 166, 166);\"><img src=\"https://www.techmoblog.com/images_new_product/menu/features_body.png\" class=\"img-responsive hidden-xs hidden-sm\" alt=\"\" style=\"border: 0px; display: block; max-width: 100%; height: auto; width: 504px;\"></div><div class=\"container\" style=\"padding: 0px; width: 672px;\"><table class=\"table table-striped table_spec\" style=\"border-spacing: 0px; background-color: transparent; width: 672px; max-width: 100%; margin-bottom: 20px;\"><tbody><tr style=\"background-color: rgb(249, 249, 249);\"><td class=\"spec-title\" style=\"padding: 10px; width: 200px; font-weight: bolder; color: rgb(38, 173, 216); line-height: 1.42857; border-top-color: rgb(221, 221, 221);\">โปรแกรมเสริมอื่นๆ</td><td class=\"spec-detial\" style=\"padding: 3px; color: rgb(84, 86, 85); min-width: 100px; line-height: 1.42857; border-top-color: rgb(221, 221, 221);\">ไม่ระบุ</td></tr><tr><td class=\"spec-title\" style=\"padding: 10px; width: 200px; font-weight: bolder; color: rgb(38, 173, 216); line-height: 1.42857; border-top-color: rgb(221, 221, 221);\">ข้อมูลเกี่ยวกับ SMS</td><td class=\"spec-detial\" style=\"padding: 3px; color: rgb(84, 86, 85); min-width: 100px; line-height: 1.42857; border-top-color: rgb(221, 221, 221);\">สามารถรับ-ส่งข้อความแบบ SMS และ MMS ได้</td></tr><tr style=\"background-color: rgb(249, 249, 249);\"><td class=\"spec-title\" style=\"padding: 10px; width: 200px; font-weight: bolder; color: rgb(38, 173, 216); line-height: 1.42857; border-top-color: rgb(221, 221, 221);\">ข้อมูลเกี่ยวกับ Email</td><td class=\"spec-detial\" style=\"padding: 3px; color: rgb(84, 86, 85); min-width: 100px; line-height: 1.42857; border-top-color: rgb(221, 221, 221);\">- รองรับการใช้งานระบบ Push Email<br>- รองรับการใช้งานบริการระบบอีเมลของ Gmail</td></tr><tr><td class=\"spec-title\" style=\"padding: 10px; width: 200px; font-weight: bolder; color: rgb(38, 173, 216); line-height: 1.42857; border-top-color: rgb(221, 221, 221);\">ข้อมูลอื่นๆ</td><td class=\"spec-detial\" style=\"padding: 3px; color: rgb(84, 86, 85); min-width: 100px; line-height: 1.42857; border-top-color: rgb(221, 221, 221);\">- รองรับการใช้งาน 2 ซิมการ์ด<br>- ตัวเครื่องมีคุณสมบัติในการป้องกันน้ำ และป้องกันฝุ่น ตามมาตรฐาน IP68 ป้องกันน้ำได้ลึก 1 เมตร นานต่อเนื่อง 30 นาที และสามารถกันน้ำได้ โดยไม่ต้องอาศัยฝาปิดตามช่องเชื่อมต่อต่างๆ<br>- กระจกหน้าจอแบบ Dual Edge Curved Glass ช่วยเพิ่มประสิทธิภาพในการป้องกันแรงกระแทก หรือรอยขีดข่วน<br>- ฟังก์ชัน Always On Display สำหรับแสดงข้อมูล หรือการแจ้งเตือนต่างๆ ขณะอยู่ที่หน้าจอ Lock Screen<br>- รองรับเทคโนโลยีการชาร์จแบตเตอรี่ความเร็วสูง (Quick Charge 3.0) ชาร์จแบตเตอรี่จาก 0-100% ภายในเวลา 90 นาที<br>- มี 4 สีให้เลือก ได้แก ดำ-Black Onix, ขาว-White Pearl, ทอง-Gold Platinum และเงิน-Silver Titanium<br>- เปิดตัวครั้งแรก 21 กุมภาพันธ์ 2016</td></tr></tbody></table></div></div>','2020-05-04 07:33:34','2020-05-05 08:47:14',NULL,5010,'0',2),('10e599e8-06d8-4dce-85e9-f7b6b60d273b','da366c29-8606-477b-9f53-411183b20223','หมวกกันน็อค BELL รุ่น BULLITT ลาย Solid Black','Y','Y','Y','Y','864bc535-1bcf-498d-bb27-73821e792b28',15900.00,15500.00,'','<div class=\"LHEADER\" style=\"font-family: &quot;sukhumvit set&quot;, Prompt; margin-bottom: 10px; color: rgb(119, 119, 119);\"><h2 class=\"headerText\" style=\"margin-top: 0px; margin-bottom: 0px; padding: 0px; font-family: &quot;sukhumvit set&quot;, Prompt; font-weight: bold; font-size: 20px; color: rgb(68, 68, 68); text-align: center;\">รายละเอียดสินค้า</h2></div><table cellpadding=\"0\" cellspacing=\"0\" class=\"productDescription\" style=\"background-image: none; background-position: initial; background-size: initial; background-repeat: no-repeat; background-attachment: initial; background-origin: initial; background-clip: initial; width: 1256px; table-layout: fixed; color: rgb(119, 119, 119); font-family: Tahoma, Arial, &quot;MS Sans Serif&quot;, sans-serif;\"><tbody><tr class=\"detailTR\"><td class=\"headTD\" style=\"background: none no-repeat transparent; padding: 20px 0px; border-bottom: 1px solid rgb(238, 238, 238); width: 264px; vertical-align: top; font-weight: bold; font-size: 1.2em; font-family: &quot;sukhumvit set&quot;, Prompt; color: rgb(102, 102, 102);\">ข้อมูล</td><td class=\"bodyTD\" style=\"background: none no-repeat transparent; padding: 20px 0px; border-bottom: 1px solid rgb(238, 238, 238); width: 992px; vertical-align: top;\"><div class=\"shrink_able_content\" style=\"display: flex; flex-wrap: wrap; position: relative; overflow-y: hidden; height: auto;\"><div class=\"attrSlot\" style=\"flex: 0 1 33%; min-width: 220px; padding-right: 10px; margin-bottom: 10px;\"><span class=\"heading\" style=\"font-weight: bold; display: inline-block; vertical-align: top;\">น้ำหนัก (พัสดุ)</span>&nbsp;<span class=\"text\" style=\"display: inline-block; vertical-align: top;\">2000</span></div><div class=\"attrSlot\" style=\"flex: 0 1 33%; min-width: 220px; padding-right: 10px; margin-bottom: 10px;\"><span class=\"heading\" style=\"font-weight: bold; display: inline-block; vertical-align: top;\">กว้าง (พัสดุ)</span>&nbsp;<span class=\"text\" style=\"display: inline-block; vertical-align: top;\">10</span></div><div class=\"attrSlot\" style=\"flex: 0 1 33%; min-width: 220px; padding-right: 10px; margin-bottom: 10px;\"><span class=\"heading\" style=\"font-weight: bold; display: inline-block; vertical-align: top;\">ยาว (พัสดุ)</span>&nbsp;<span class=\"text\" style=\"display: inline-block; vertical-align: top;\">10</span></div><div class=\"attrSlot\" style=\"flex: 0 1 33%; min-width: 220px; padding-right: 10px; margin-bottom: 10px;\"><span class=\"heading\" style=\"font-weight: bold; display: inline-block; vertical-align: top;\">สูง (พัสดุ)</span>&nbsp;<span class=\"text\" style=\"display: inline-block; vertical-align: top;\">10</span></div><div class=\"attrSlot\" style=\"flex: 0 1 33%; min-width: 220px; padding-right: 10px; margin-bottom: 10px;\"><span class=\"heading\" style=\"font-weight: bold; display: inline-block; vertical-align: top;\">ลงสินค้า</span>&nbsp;<span class=\"text\" style=\"display: inline-block; vertical-align: top;\">2019-10-18 14:03:46</span></div><div class=\"attrSlot\" style=\"flex: 0 1 33%; min-width: 220px; padding-right: 10px; margin-bottom: 10px;\"><span class=\"heading\" style=\"font-weight: bold; display: inline-block; vertical-align: top;\">แก้ไขล่าสุด</span>&nbsp;<span class=\"text\" style=\"display: inline-block; vertical-align: top;\">2020-03-28 14:33:37</span></div></div></td></tr><tr class=\"descTR\"><td class=\"headTD\" style=\"background: none no-repeat transparent; padding: 20px 0px; border-bottom: 1px solid rgb(238, 238, 238); width: 264px; vertical-align: top; font-weight: bold; font-size: 1.2em; font-family: &quot;sukhumvit set&quot;, Prompt; color: rgb(102, 102, 102);\">รายละเอียดสินค้า</td><td class=\"bodyTD mceContentBody\" style=\"background: none no-repeat transparent; padding: 20px 0px; border-bottom: 1px solid rgb(238, 238, 238); width: 992px; vertical-align: top;\"><div class=\"shrink_able_content\" style=\"background-repeat: no-repeat; position: relative; overflow-y: hidden; height: auto;\"><div style=\"background-repeat: no-repeat;\"><span style=\"background-repeat: no-repeat; font-size: 18px; color: inherit; font-family: inherit;\"><strong style=\"background-repeat: no-repeat; font-size: inherit; color: inherit; font-family: inherit;\">หมวกกันน็อค BELL รุ่น BULLITT ลาย Solid Black</strong></span></div><div style=\"background-repeat: no-repeat;\">ราคา 15,900 บาท</div><div style=\"background-repeat: no-repeat;\">&nbsp;</div><div style=\"background-repeat: no-repeat;\">รายละเอียด :&nbsp;</div><div style=\"background-repeat: no-repeat;\">- BELL BULLITT ได้รับแรงบันดาลใจจากหมวกกันน็อค Bell Star ตัวแรก Bullitt ถือเป็นสิ่งที่ทันสมัยในแบบฉบับดั้งเดิม โดดเด่นด้วยขนาดที่พอดีและรายละเอียดที่มีคุณภาพสูง Bullitt เป็นหมวกที่สมบูรณ์แบบสำหรับนักปั่นที่ต้องการลุควินเทจพร้อมการปกป้องแบบเต็มหน้า</div><div style=\"background-repeat: no-repeat;\">&nbsp;</div><div style=\"background-repeat: no-repeat;\">คุณสมบัติ :</div><div style=\"background-repeat: no-repeat;\">- Shield ด้านนอกป้องกันรอยขีดข่วน</div><div style=\"background-repeat: no-repeat;\">- วัสดุไฟเบอร์ สีดำเงา</div><div style=\"background-repeat: no-repeat;\">- มาพร้อมกับชิวหน้า</div><div style=\"background-repeat: no-repeat;\">- แผ่นรองซับ EPS แบบหลายจุด</div><div style=\"background-repeat: no-repeat;\">- ภายในถอดออกล้างทำความสะอาดได้และต่อต้านแบคทีเรีย</div><div style=\"background-repeat: no-repeat;\">- 5 ช่องระบายอากาศตาข่ายโลหะที่มีช่องระบายอากาศด้านหลัง 1 ช่อง</div><div style=\"background-repeat: no-repeat;\">- สายรัดคางบุด้วยสเตนเลสสตีล D-Ring พร้อมแถบดึงหนัง</div><div style=\"background-repeat: no-repeat;\">- มีช่องใส่ลำโพงในตัว</div><div style=\"background-repeat: no-repeat;\">- มีตัวล็อคชิวเป็นแม่เหล็ก</div><div style=\"background-repeat: no-repeat;\">- รับรอง: DOT และ ECE</div><div style=\"background-repeat: no-repeat;\">- น้ำหนัก: 1,400 กรัม</div><div style=\"background-repeat: no-repeat;\">&nbsp;</div><div style=\"background-repeat: no-repeat;\">#bell #bellbullitt #BULLITT #BELLCARBON #bellthailand #changmoto #ช้างโมโต #หมวกกันน็อค #หมวกกันน็อคเชียงใหม่ #หมวกกันน็อคคลาสสิค</div><div style=\"background-repeat: no-repeat;\"><br></div><div style=\"background-repeat: no-repeat;\"><img src=\"data:image/jpeg;base64,/9j/2wBDAAYEBQYFBAYGBQYHBwYIChAKCgkJChQODwwQFxQYGBcUFhYaHSUfGhsjHBYWICwgIyYnKSopGR8tMC0oMCUoKSj/2wBDAQcHBwoIChMKChMoGhYaKCgoKCgoKCgoKCgoKCgoKCgoKCgoKCgoKCgoKCgoKCgoKCgoKCgoKCgoKCgoKCgoKCj/wAARCAK8ArwDASIAAhEBAxEB/8QAHQABAAEFAQEBAAAAAAAAAAAAAAMBAgQFBgcICf/EAFMQAAEDAgQDBQUFBAYHBgQGAwEAAgMEEQUSITEGQVEHEyJhcTKBkaGxFCNCUsEIFWLRJDNygpLhFkNTc6LC8CU0RGOy8VR0k9IXJjVFZJRVg6P/xAAZAQEAAwEBAAAAAAAAAAAAAAAAAQIDBAX/xAAoEQEBAAICAgIBBAIDAQAAAAAAAQIRAyESMQRBIgUTMlFCYXGRsSP/2gAMAwEAAhEDEQA/APqlERAREQEREBERAREQEREBERAREQEREBERAREQEREBERAREQEREBERAREQEREBERAREQEREBERAREQEREBERAREQEREBERAREQEREBERAREQEREBERAREQEREBERAREQEREBERAREQEREBERAREQEREBERAREQEREBERAREQEREBERAREQEREBERAREQEREBERAREQEREBERAREQEREBERAREQEREBERAREQEREBERAREQEREBERAREQEREBERAREQEREBERAREQEREBERAREQEREBERAREQEREBERAREQEREBERAREQEREBERAREQEREBERAREQEREBERAREQEREBERAREQEREBERAREQEREBERAREQEREBERAREQEREBERAREQEREBERAREQEREBERAREQEREBERAREQEREBERAREQEREBERAREQEREBERAREQEREBERAREQEREBERAREQEREBERAREQEREBERAREQEREBERAREQEREBERAREQEREBERAREQEREBERAREQEREBERAREQEREBERAREQEREBERAREQEREBERAREQEREBERAREQEREBERAREQEREBERAREQEREBERAREQEREBERAREQEREBERAREQEREBERAREQEREBERAREQEREBERAREQEREBERAREQEREBERAREQEREBERAREQEREBERAREQEREBERAREQEREBERAREQEREBERAREQEREBERAREQEREBERAREQEREBERAREQEREBERAREQEREBERAREQEREBERAREQEREBERAREQEWDiGLYdhzM9fX0tM0bmWVrfqVyWJdrPBdAXNfjUcz2/hgjfJf3gW+aDu0XjWIftAcOw3+xUGIVBG2YNYD8z9Fzlb+0TKQ77HgUTTyMtQXfQBB9EIvl6p/aD4hkFoaHDIT1DXu+pWqm7deL3vuyppIx0FK0/VB9bIvkF3bfxof8A9zgHpSsH6K0dt3Gf/wDlIv8A+tH/ACQfYCL5Eb248Zgi9fTH1pGa/JZVP278WR272Shmsbm9OBf4FB9YovmOm/aEx1thPh2GSC+pAe0n4Fb+g/aHgc1ra7Anh34nQ1At8CP1Qe+ovJqHt44VnLBUQ4lTZtMzoWuaPg6/yXTYb2ncHYgbQ49Sxm17T5of/UAg7NFjUVdSV0YkoqqCojOzopA8H4LJQEREBERAREQEREBERAREQEREBERAREQEREBERAREQEREBERAREQEREBERAREQEREBERAREQEREBERAREQEREBERAREQEREBERAREQEREBERARFQuA3KCqLhuLu0/hnhoPZPXNq6tv/hqUh7r+Z2HvK8U4r7ecer88WCxwYXAdA5o7yU/3joPcPeg+mcRxCjw2Az4hVQ00I/HK8NHzXm/EXbdwrhZeyjfUYlMNhTtsw/3nfyXypjPEFdidQZ8Urp6qZ275pC4/NaWav1NrlB7/j/7QeKzlzMGoKWiZfR8pMr/AIaBeeY32ncU4qHCsxysyE+xG4RN/wCGy85fVPcd7X2AWRBhuIVljDTSuaeZFh80GbPihkeXvkLnndxNyfesV9eSeZ9VsaXhKvl/r5Ioh65j8ltoOC6cEGWeeT0s0IOSdWOKsNW87Gy76HhLDWG5hc/yc8lZ0PD2GxezRw+9t/qg8w+0uP4tU72Q83fBetx0MEYDY42MA5NaFL9njHIfBB4/3knV3wR00jfaLh6hev8A2ePoPcArX0sTh4g13qEHkP2l/wCZV+0v6r1SXCaKS+emgd6sCx5OHsNd/wCCg9zbIPNBVOUjawgc/cu8m4Xw117U2U/wvI/Vaup4OgdrTzyxjo4ByDnWVw66qeOuAI1HxWVJwjVsJ7uoheP4gQVrqrBcRprl9O54H4o/EEG4ocaqKSYS0dRLBKNnxPLHfEaruME7XuLcMyhmLPqI2iwZVNEg+O/zXkXeSQvs67XdHD9FkxVjf9bHfzYbH4IPpTBP2g6gZW4xg8UrQLF9NIWuJ62OnzXo/Dna3wnjT2x/bjRTut4KtuQX/tbL4wjmikIEVS25/DKCy3lfZZH2h8RtIC0fEIP0DpqiGpgbLTSxzRO9l8bg5p9CFKvhLAeKMUwabvMLxCppX/8AlSloPqL6r1rhXt3xWmLI8epoa+HnJGBHL8vCfgPVB9JouO4Y7RuGuISGUmIMhqD/AKip+7f7r6H3LsbhARL6ogIiICIiAiIgIiICIiAiIgIiICIiAiIgIiICIiAiIgIiICIiAiIgIiICIiAiIgIiICIiAiIgIiICIiAiIgIiICIiAiHRCQEBUzDquW4446wTg+mD8VqL1LxeOlis6V/u5DzK+be0HtexriYS01O/934Y4kdxC7xSD+N259BYIPcuOu17h/hovgpX/vTEG6GKncMjD/E/Yc9Bc+i+fONe1biLiUvjnqzSUZ0+zUpLG28zufeV53U11ueu1lrZahzwbmwQbCor9TY+4LBkq3u52WbhuB1lfZ2XuYT+N/P0C67CeHKSjIcW97L+eQXt6DZBxdHhldXEGCB+U/jcMo+K6Gh4OvY1k5d1bHoPiV2UcbGAc1JnA6INdQYHR0gHdQRtI/Flu74lbFsUbBtdWmRWl5QT5mjYBWl6gLyqZkE5eqF5UJcqZkExeVTvFFmTMOqCQyG+6ZyoS7VUzIJ8/mq94VjZimYoMjNdVzeixw8qudBK4NO4UZY29xoVTMqEoMWuw+mrGFtTEyQdSNfiubxDhJli6ikc3nldqutzKmZB5ZV0dRRSFs7C2x35FW09VLCCI3kA7jcFelVtHFVMs8AOPvC43FMBfC9xhNtb5TsfRBgNrQ4eOPKerDb5LLp6oWGV1/Jad4dHIWSNLXjcFVDgTcfJB00NWdLH3L0Dg3tS4h4cfHHFWuq6Np1p6k5226A7t93zXj8VQ9hGtws+Cra7Q6FB9m8GdrfD3EXdw1Mv7srXad1UOGRx/hft8bL0UOBAINwdiOa/PyCpItqbXXo/AXapjXCzmQ96a3DxvTTuJDR/Ad2/TyQfXqLi+CO0fAuLMsVLOaeuO9LOQHH+ydne5dnfVBVEBuiAiIgIiICIiAiIgIiICIiAiIgIiICIiAiIgIiICIiAiIgIiICIiAiIgIiICIiAiIgIiICIiAiIgIiICItVxHj+H8O4TLiGLTtgp49OpeeTWjmT0QbKWVkUbnyPaxjQS5zjYADckrwztQ7ao6PvMO4QkbJMLtkrnC7W+UYO5/iOnqvO+0/tTxLiyWSlp3Oo8IB8NOx2snnIeZ8th5ryirqrX11QZ2L4tUV1VLU1tRJPPIcz5JXFznHzJWjqKlz7hp0UE0xedLk9At/gOAOeWz17dN2xH6lBrMOwypxF/wB00tj5yO0A9Oq6/CuHqWlIe5pll/PIL/ALZxRtjaA0AAbAclMHW20QSxsawaAK/MocypmQTl/mrS4KAuKZiglLkzhRXVLoJcyFyhuhcglzKhcoi5W5kE2ZUzKEuTMgmzJmUOcJnQT5kuoQ5XByCS6qrAVcDoguCqVaFUaIFlQhXqlkFllHPAyZtni/RT2VDug5HG8Ka72hYj2XgLlKiJ9PKWP9xHNeqVMDZ4nNcNxouHxKFoqA1zRmYd0GhDvNXtdbZbYUkEg8bAD1Giimwo2vBJf+FyDHgqSwgE6LPhqr6grVy000B+9jcB13CtZIWm4QdNSVronsfG8se03a4GxBXuXZ122VNH3VDxTnq6bRratovKz+0PxD5+q+c4ai9uSz6eqItrog+/8ACsTo8Voo6zDqiOpppBdkkZuD/n5LMXxbwBx5ivCVZ3uGzB9O8jvaWQ3jk93I+YX1NwDxzhXGVC6XD3mOrjAM9LIfHHfn5t8wg6xEBuLogIiICIiAiIgIiICIiAiIgIiICIiAiIgIiICIiAiIgIiICIiAiIgIiICIiAiIgIiICIiAiIgIi5LtD43oeDcJM1QWy1soIp6YGxeep6NHMoL+PeNsM4Nw3v654kqZAe4pmnxyH9B1K+TeOeMMT4qxJ1Xi9QSRcRwMJDIR+UD9dysXiriKux/Fp8RxKYy1Mh1I9lgGzWjkB0XI19V4i1h9T0QUravL4WWvt6LVSSFxJJuVdI481ueGcMFRL9qnF42HwNOzj1QZ3DODZLVdYwZzrGw8vMrqBpsoQ7SyvadEEgcrrqMFXboLrpdWKt0F11aqX0QuQLlMysJVpdYoL3PVneKNzgoXSIJ3TBWGcLGe9Rl4QZf2hVE/msLN0KZtUGaJrndXCRYIdqpA5BnNeFI0rBbIpmSX5oMsOUgKxmuCla5BMCrgomlXgoJFVW3VboKqhGqrdUNrX5cygx62pZR0sk0hFmjQX3PILgJqh9RO+WQ3c43KzOI8W+3VPdxH+jxk2/iPVatjkGWx6yIpNrrBaVM1yDYMeCLHZY9Th0E4uwd2/qNj7lRj1kMfpug0lRQVFO65YXM/M3UK2GY7E6hdIyT5qGqw+nqtbd3J+Zo/RBroKkt5roOH8dq8JxCGtw+pfT1MRuyRhsR5eY8ua5qpo56TWQAs/O3ZIZy0g3QfZfZZ2o0vFYZh+IiOlxgDQDRk9ty3of4V6aF8AYZiEtPNHLDK+OVjg5j2OIc0jYg9V9Sdj3ag3iKOLCMce1uLNbaKY6CpA5eT/LnuOiD1tEGyICIiAiIgIiICIiAiIgIiICIiAiIgIiICIiAiIgIiICIiAiIgIiICIiAiIgIiICIiAiLAxzFaTBcLqcQxCYRU0Dczjz8gBzJ5BBrOOOK6HhDBJMQxBwLjdsEAPimfyaP1PIL494v4iruIcYqMRxKUyTSHT8rG8mtHIBbLtF4xrOLcafWVTi2Jt2wQg6RMvoB57XPNcHWVAY3zVtC2uqcoIGrlqi43J5nqqucXEl17koyN8r2xxNL5HGwa0XJKgS4ZRmurWRahg8T3dAF28TGxMDIgGsAsAOQW44V7OuIpKFrocHqWNeA581QBC0+99rj0XSwdmWKvtnxHA2OOmQ1wJB87BTIOIbdXhdniXZlxNQ05nZSR1kQ3dSSiQ/DQ/Bci+N0byyRhY9psWuBBB8wrIUCuvZUCqmgVCqlWkqtgoVaSqkqwlVSo4lWOfZHOWNK7VBc+RQOdqrXOUbnIL3OVhcrS5W3QSXVQVGCqgoJgVW6hzKuZBOHKRjljBykaUGYx6nY5YLXKdj0Ga1ykBWIx6ma9BkAq66gD1dn0QSZtVzXFmMGFv2KnJzuF5XA7Dp6rM4gxcYZSjIQamTSMHl5lefySvkkc+Rxc9xuSd7oJWuupGlYzXaK9rkGU1ylY5YjXqVrtUGW1ynY4rDa5Std5oM+N11Ox6wI3WWQxyDPa4OaWuAc06EEaLV12EkXkpPE3csO49Flxv1WVHIRsg5iOUsdY3BGhC3WFYjLTzxyxPcx7HBzXNNiCNiCp67Doq0Z2Wjntvyd6rQvZLSTGOVpY4cig+xexrtJbxTSDDMVka3GYW3a82AqGjn/aHMe9epjZfAWBYtPQ1kFTSyvinicHxyMNi1w5hfX/AGU8ew8Z4RlmyxYrTNAnjGzhye0dDz6FB3yIiAiIgIiICIiAiIgIiICIiAiIgIiICIiAiIgIiICIiAiIgIiICIiAiIgIiICIiC1xDdSbBfLXblx67iLFnYZQSn900TyAWnSaQaF/oNQP816h29cb/wCj2CjCcPky4lXsIc5p1ii2J9TsPevlOrm0KmCGqnAvqtPLIZHk8hspqqXMco969L7MuAXVbXYrisbGQwM7/wC+beOCMC/ePb+JxGrI+ftO0sDNqZN3Uc9wlwFW4y+nkrO+paafWGOOPvKmoHWOPTw/xus3zK9+4K7P5cGib9hjpsFuNZGhtXWu/tSuGRno0Gy0lNx6aKGl/wBFuGKmVuJTGFlZWygy1T22BuG3JAuOYA2sOV3+lmJcS47V09NjFTh+Htl7qBtHTukdIb5d2jQEi9yRoQsL8jCeu3r4fofybPLkkxn/AH/r1N33/wCX+nob+DsGkcH4v9oxGUn28Rq3vufJtw33AKzE8H4LwmONuJ4fg9M2S4Z3kAu/yFhfouM4Vp241x8xpnfNh+DsAbJLJcyuabAknm55LlNjVdRYz2nRfvCqhhwzD3ZM8rg1rsmp+LlW/I/Hcn3pfH9Ik5fDLK3WPldT1/U/5rsJeBcOi+/4dmqcEq92y0krgw9M0ZJDguE4zon47geMVGK00MHE2APa2qlhFm1ULtQ+3W2q9nbPCac1PexiDL3neE+HLa+a/S2q8a46xhjcJxiva0tl4jfHFTMdo77JELd4RyznbyXU8SvKSLEohNxdW3U7QqVYUJ1VpKralQlQvernuFljSOVQkk0UDnKjnKNztUBxUZKq5yiLkFS5UzKwuVA5BKHKuZRBwTOglzJmUOdVzhBkNcpA5Ygk81e2TXdBmNcFK1/msESKRkiDPY9TNkssBr1IH+aDN7zoqunDWuc7QNBJWIHed1z3FWJ2aKOF5DjrIWnl0QafF8RfiVY6d4yttla297BYd1G06K4FBI0q8EKEFXAoJ2lStcsdrlI1yDKY7VTNcsRrlMxyDKa5TscsRp1upmO21QZjXLIY8LCa5TMcg2EMluavq6SKvgyPNnD2XdP8liRutqsuCTZBzc0M1DUd3M2x5EfiHULp+DuI6zAcVp8Qw6cx1ETrg8nDmD1B2IVa2ljr6UxvNnjVjuhXLDvKWodFKC1zTYj9UH3lwLxRS8W8PwYjSkNefBNFe5ieN2/y8l0a+L+zDjaq4VxqKqhc51M8htRBfSRn8xyK+xcMrqfEqCmrKKQS087BJG8cwUGWiIgIiICIiAiIgIiICIiAiIgIiICIiAiIgIiICIiAiIgIiICIiAiIgIiIC13EGK0uB4PV4lXPyU9NGXvPM22A8ydFsCvnj9pHi3v6uHhykkHcU9pqrKfak/C0+g19SEHkHGfENVxDjtZilcbyzvuG8mN/C0eQFguRqZtyTsp6uou4gLVVEhLR5lB03Z7gzcYxoy1DGyQU7o/u3i7ZZXvDY2HyubnyaQvfu1Sb9wcCx4HhokkqsQk7txaC58oGsjzbe5sPfbkvGOye9Q2uoaaohpMVfUU9XQyzuDY5JYXEmJxO2YH4r32n49p4JLcScP4xhWIsGV16J07Nd8sjQfCVGWPljcY6Pic2Px+bHmyx343enAcPcG45NVur8Doa6gihozBD9ulyOkle3K9wB9lozOdtyG+q7Xs+4E4gwCldT1ONxQU7g93cUzSfE5trl2lwN7LdQ8d4dUuy4fh+PVr+kOGSD5usFdiPFGMQUzZY8Chw6Mi/e41iEVO0DrlaS73LPH42ON29L5P678jnxuGpq6+t3r/d3/dWYN2ZYXRTRSS1NXUvY4Py3DWuI2uANevvUlfgnBuE1PdVFK6txKQlzaSJzp55CdfYGw8zYea4zGOPKeaM/beI6muBuDS4Cz7PCT0M7vEfdZchiHGVbJSS0WDwQ4PQSaPZS37yX/eSnxPV5w8c+nFn+pfL5LvLkv8A3r/x3vFnF1LB3kVfFG85s7cHppczM2ljVSjQ2sPu2adV5fjOK1WM4g+txCXvJ32Ggs1rRs1o5AcgFrmrBxuuNDQvkZYyu8LAeqvtxI8XxqGgcImsM1U72Ym9eV1t8L7PuPuIYxMyBuGUzwCw1UggcQf4dXfELb9nGBUuAYW7iHFrSYlIQWOe3MYQebQfxHXXlZbau4sr5Zc8AhNzlBnIkff1vpoQPUnooHE8S9n/ABxwnTOrKjLVUbBd8sMnesb5uFgQPO1lg4VXiugJLckzDZ7eh6+i977OuIJ8RppoqlokjDS17SSW5vIH8LhfReHY3QU+D9omO4bQDLSQyOdG38rHWcG+65CC2Y2WHI66yag7rCkcgtLlG52qOco3OQHOUbnKjnKMlBcSrbq0lWFyCQuVC9R5lQuQXmQqjnnqoyVhVdU5sghgJMp3IF7IM10gaLveGDqTZG1UJIAmYT0zBb/gzssxvjCL7XC5lPQh1jV1Nw0kb5Ru63lou0//AADo3juYOL8OdVgascwgE9Bqg81bLpvopmSDSyk404A4l4GlBxCnLqJzrR1MRzxP9/I+tlz1DiZdJ3UwAJ2I2QdIyRSNk6Fa9silD9tUE1dXto6V8zzcgeEdXclxE0r5pXyyG73m59Vl4zWOqalwB+6YbMH6rAv70F99NFW/RR3S6CQHzKvBUQKvBQStKkadFACpGnRBM1yla5Y7SpWlBlMcpmOWI1ynY5BltcpmOWKw6KZh0QZjHLIidqFhscp2OQbGGSxCgxrD/tsAmhaPtDOQ/EFSJ6zqeS1kHKUU5Y8Am1uq+hP2e+OjSVreH8Ql/olS69M55/q5D+H0d9fVeHcRYfkeayADuyfGByPVR4NXPhma5rnNe0ggtNiCg/QJFxHZNxaOK+GY5Z3A4hTWiqP4jbR/vHzuu3QEREBERAREQEREBERAREQEREBERAREQEREBERAREQEREBERAREQERCbINVxTjMHD3D9fitT/V0sRfb8x2a33kge9fDfEGJT11dUVVVIZKieR0j3HcucblfQv7TnEXcYfh+BwvOeZ32mYD8rdGj43K+e+HMGlx+vlLi+Oigb3lRMB7Denqdgg1uH4e6umyNjlme42a2MXu7oLblaeqgLZ2wg5nG2oX0XwPhWF0vE+CV/dMp4qeOWQEHTK1p8RPXQ6rw7F3xVfFOI1NOA2nE0hjttYuNvkUEeRsUbWN0a3QBbug434mw6mFNQ4/iUEDRYRtqHWA8hfRaCV6x3PNiNLFB0FVxpxLUwdzPxBiskX5HVT7H3XXPVM75nF0z3yOPN5LvqonOUTnINrgWIOpqpsL3fcSGxB5FdgAvNXusCeY2XodDJ3tHBJcOzMBuPRBkhajFIm1GKYYybWETMJv1J0W1zaLDxOldV05EL8kwF2O6OGo+YQehVtNNiHDkRp4ZHfZZc0rGOzZm2HjDdNjp7/NamiwieeVndQyPkAuGtzOyjbfXnz00F+ZWp4d4yZTzMir6l+F1e0rJGnI89QRoVsMa4vFXQyRxY018rnlvdUsBzOaSd7AD5oN/NxA3AwzD8PmhiLr/AGmpJ8DOenLQX15n1XmtGHVNbiGKzue59bK5zHSe0WcifMq50D6rJ9qBZSss4Qudd0jurz+iknm6FBDUPuVhvKulfdY73IKOco3FWud5qxz90Fzjooy5ULtN1G4oLi5WkqxzlYHhwuDcFBLfzVMw6qIusNSB6lQtmZntnbf1QZa2HZrg7ce4voaCocWCrmd3rhu2JnifbzO3xWvjdf8AyU2B1tTgfFNDX0bxE9znNZIRoC7TX4oPoftE4j/dTosLw4RU1HFGGNZYhgFhbQbgXtb3rz1nEeJw1MbvtD2OF4xC4AENubNJubO5X6LMMVbiscrcUJkxOA3YZAASCRdt3aNPQndat0Bin+9ZecWa9rnuPiuL6D8QPVB6Nw5xZBXYBJh+Iwd7Sy07mT0riHNabG0jNzYnccvmfmjirDf3Zi80ceburh0bvI7L23hjCp6Smnq3MANQO5jEgeHFpaCTldtY2XlnaMAzEZoRqYQxhI5HxH9Qg1eGV7Z42teQJgLEdVkV1QYaSRwIzEWC5Vr3RvD2OyuGxWSa2WeARSnMAb35oI+ScrKg2VCguS6oqILwVcCo1cDogkBUgKhBV4KCZpUrSsdpUrSgyGlTMKxmlStKDLjKmadliRuWSwoMmMrIYVjRrIYNUGTGbLKhcVhN0WRCUGzjyyxujeLseLEeS5SvpHYZX5L5mWuwnmF0kLiCExei/eFAe7H38fiZ59Qg6bse4udw3xLTVD3kUctoaht9Cw8/Vp1+PVfYDHNe1rmEFpFwRzC/PjCagseByX192FcUfvzhYUU781Xh9o7k6ujPsn3be4IPS0QG6ICIiAiIgIiICIiAiIgIiICIiAiIgIiICIiAiIgIiICIiAiIgKjtBcmyquV7UMc/0e4FxavY60whMUXXO/wj4Xv7kHyf2ycQniDjbFKpj80Il7iH+wzQW99z71u8LwybBsHoqGG/2mpYJ5ct8wJI0uPn6FedUzmT47SMlBcwyi4B3t/7L1Wsx+L9zvxXEu5p+/c/Kxp8RaHENaB6AIOd49xaXC8Mjp6cvb37HRGQtsXi/i+JNlwELO5pgD7bvE71WxxjGazieuhdK0/ZKQFlPEBo0Ek289TclWfu6Z5vK+ONp5k3+QQaqV6gc5dA3C6Bp++qJ5TzDGBg+Jv9FIf3ZTnwYbHI4bOmkc/5XA+SDlnO131UsVDWVBHcUlTLf8kTiPiAukOMSw/91ipqf/dQtafja6gmxiulFn1UpH9ooNdHw1jUvs4bUN/tgM+pC6Xh/DMQpaN0NZDFCGO0Lp2a39Cubkq5nHWV59XErZUOMxRANrKITN5lryD8NkHVx4dK5ocJqbKeYkuPkFK3C33IM8Gbo3Mb/JbThqow2vwyOSkiaAzRzTu09CFtiyECwiZb0QcdJQ5gGzAPAOzo7/VWNpGxuIYC1v8ABGB9F17xFv3TP8Kgke0D2G29EHGzRaG7n/4FiSU7b2L5B55LrsZZBya23osd8vTRByD6WI6Cd4J6xLHfSxn/AMRbkbxHT5rr3yeix3yC/st+CDlhQscdKqPTe7bfqoJ6AsdpUwE89T+l11D3MO7G+8LVYlXUVK0mRkZPQBBpnUhuQJ6dxHR5/krDRzE2a6J3kJW/qVgVeK0z5XOZRNF+pI+QVkFd3kv9TlFuUjkGRV0taAY46SZ7iN2i4+S09Y3EIvupYpWBvPIW/Oyyv3g5jr+L6j5hSMxmpjdeKVzfK1vog0cpcCMziSepVmnn8F0TsdnkP3zWSjnm1+t0GI0b3XqMPgPPSNv/AC5UGpoK59M6zyXRnkSujgdS1sGSa7oHG+ZvtNPVYZOBTNJdTSRO3HdyuHyOb6qyKiw5rw6lxKeF38bGkfI/og9ApuNcQp/srMVaXsijEYxCnHika32S/o4CwvzCzajjqMDKzEop4rj2xrptzH0XDU/fwn7qupHi25cY7/4hZZDo53DP9iilP5o42P8Afog7ir47oJKSE4dC6qxJl3d7azA46Xc88vILz6rIc2R9VIJXSOL5ZHm2dxWPX4t9mLo545WOF7Newt+q56urZKt932DRsAghqC10ry0WFzYBIxZt1Ze6mOoHJBaCqkq3mqoKoqKo6ICqN02TW6C/0+avBUQ0KuCCUKQFQhXtKDIa5SNKxmlSNcgymO1WUw3WA1yyI3oNlCVmxWK1UT9VmwyINpHDmbohiLCqUk1jYrU1GI1mHYlIyXNNA91w155fwlBvIjYrYUry0rVUk8NXF3tO64Gjmndp81nQOsRug53GaQ4diWZv9TLd7D011HuXpHYvxQcB4rpJZH2ppyIJhyyuNgfcbFcvjtGa/DCIx99Ce8b5jmFocDqSx7NdtDZB+gbTfbUKq5Hsqx04/wAE0FTI/NURN+zzHnmbpc+osfeuuQEREBERAREQEREBERAREQEREBERAREQEREBERAREQEREBEQoC8A/amx4shwrA4nb5quUdfws/5/kvdcRrYcPo5amqfkijBLja/wHMr4/wC1Li2DHOKq3E4IbB1mRF51DGiw9Pcg88ZQVU04kAdEAQQ52hW4gwilzDvnOneNwSco9y1tLNUYjiMbC42vcgbLpixsEWRg05+aDHeI4GBkLGsA/KLLCleTusiZ19eSwpXalBC91r81jvcVJITqoXaoIn7qJx3UjzcqJxKC3ZUldmdm6ofcrSEHRcD4gaTE3Q5iGTN25ZhsvRI65khy6td0K8eozJBVwzMB8Dw5ejOJcxrr6OFwg3ck9uqxZZt7kLWd+9osDp5qF9S8n8KDOfJcbhY75B1WHJUPA1LAFA+d/wCZiDNe8WusSadrdL3PksWSRzhrI0+8arUYvXCnaY2OvKeh2QVxrGTC0xQ/1h532XKzSPlcXSOLj5q97XveXOuXHW9lQQvO/wBEEAZcKUOLRsOiOjc0bKhFygiPyVNLaqR0fRW5CBsgjI5ob2squaQqFBaqOur1a5BQPLdr330KyqSslhdmDrhutisQ+ipryQb93E1STGGWawNALSMwcdbk3v1Vn7zop2j7XhtI8nTM1ndn1u0haJ1ySqHbzQb5lJglULsfUUjt7Zw9vuuB/wCpXP4dL2A0VdTT76PPdH/i0+a0Ac4EakLIime03a4gjmDYoMiqwbEKW5mo5gwfja3M0+8aLCsbdCtjR4hU078zKiRjurXEfRdHFXOqowKttHVtI/G1t/5/NBxRCAWK7SfDMKnse4fTu3PckgeehuFiP4cgeCaWtBO2V7R9Qf0QcwdQrbW3W8qeH62EEhscg/hfb/1WWuqaGpgF5oJGtvbMWm3x2QYuiuCtt0ugvbkgkCuB0UYNlXMgkBVwdqobq4FBkscpmlYjTZTtdsgzIn6rMifZa1h1WSx1rINxBLoNVlyQxV1MYZxpydzaeq0kU4G62VLODaxBQa2JtThdeWXDZW+yR7MjV0tFUsqoe8j0INnsO7D0WPWUrcRpcg8M7NY3dD0Wsw+Z8UvfNB7yMFs0XNwG/vCDsKN9nAdFyeJ037uxmRjARE852eh/zuukp3g5XxkOY4AgjmFr+LoM9LDVAaxnKfQ/5oPbP2ZsdLa6vwiV3gqIxPGCfxt0I97T/wAK+hAviXsux1+CcT4bXgnLFKM46tOjh8CV9sMIcA5puCLghBciIgIiICIiAiIgIiICIiAiIgIiICIiAiIgIiICIiAiIgIUVHkNaS4gNGpJQeE/tE46I5abDqeeTvWtL5GhxAYCNBbqdz5W6lfNWJSF0hF13/aTjJxjiLEa6/hlmcWg8m3sB8LLzx8bpJiTtf4oN1wrSlsMlQ8auNm+i2lQd7q6ljFNRRx7EN1UEoe7XIbdSbIMSZywpCSdrLax4bVVTrRMkd5MYT81J+6X0dRkqAWzEXs62g5eiDQGOVzrMiefO2isNNVHZjQPNy7GKkit4hm9SqPipoiSQ0eSDjhQTO1fI1voLrYYTwtXYzMKfC4pqmqsXZGgDQc1nVNTCHHI3VdP2fYnV4e6sqMOnFPM5oY4jctveyDGw/sY4uqQC6CCn8pHi66Gg/Z/xh9jWYtTQjmGtdf6LYTY9is5/pGNT5ejXErG+1Nk1qMQr5/IOcAg29N2AYbG0fb+IHHqPC3/AJl1FD2X8J00LGT4v3wYLXNQwfRcC2fCmHNJTTSHrLJ/MqRtRhtWx4gnZSsA/qw5uX5IPQzwd2f0x++qqUkfnqFf9g7OKcf1uGm3mXLy2QUcRNsSpwPIX+ii+2UUf/joz6ROQermTs8jHhho3jypy79Fa7FuAIRYUlL/AP0r/ovLmY1TMFmVRNv/ACnKOs4npIIrySucdgPs5P6oar0Wr4n7OoHZX0lKHHUD7F/ktVPi/ZZVuJlpcOaXc30pZf5Ly2bGaKokLpJ5rne1Pb4eJUiqqB9/6dKD5xj+aJ1XpbqDsnrNR+7W35ske3VQycDdmFcfu8Qjjza2ZWW194XnctJh9UbjE4r9HxOHzF1jy4OIyTHPTvaBoQ8jT3tCId/N2N8IVTicP4kMWbZrnsfr8QtbUdgUT7mg4mppDy7xm/loSuIdQvZfVpO+jgqMjqYzdr5GAi/hef5pob+u7Bcfiuaasw+do2IeW3+IXO1/ZDxhTA5cMMwHOF4f+q29DiWI0/iZX1kThzbI5bqPjXH6dsYpcWluAc3ehrwfimh5LiXC2OYY4iuwqrhtvmidb42WlkhLTZ7CD819G0vafxTEAJRh1czo+Mt+nNVqO0DC68ZeIeC6Oa+hdG1p/S/zQfNhY2+hsVR0a+ivsPZLjwImhqcHmJ3Bc0A/MLDrexLAcUjMnCnFlNO7W0czmn5t/kg+fcnUKhGU7L1LHOxTjHDQ58NE2uiHOmeJL+7f5LgcRwfEMMlfFiNDU00jdC2SMtt8UGnIuT1TJqsh0QvfQXVCwj+aCDKRurmA32V5HJXx76oLAHBZTHeEKgAJV7WabIJI5pGG7XOB8jZZLK+oYPazeousXJbUqmXyQZhxCYts0mO/NhIujcTnY4EP+X6iyw7KjtNggznYg15Pf00Evm5gv8SL/NU7zDJbiSgyX3MUrm/W6wAL7ptsgyxQUErwI6mSIE28bc1veP5LHlw0tfaOoheL76tJVGuOYDle9kLySLnVBVmFTPtlnoxfk6cAqk2GVUIu5jHDqx4cPkqtktuAR5hX57+V0GIGPGhY74KWNj7+w74FShZdOSHXDiPegpR0zpTroPmsqWIR6LbNe3DsK+1VLGzOlNo4pdQfVaxuL4fK4fasNeB1pZy35OuEGDL5KNsz43gtK2kzcNngc6lfXMk5MljaRb+0D+iwXUrBrnJHpZBtcLxIOcGuNneqycTYYJYsRgF2GzJgOvI/oue7gNOaNxa7zXQYNUtmY6mqgHMe3K4HmEGdhrxG/uWm8Tx3kJ6dWrazwisoJoDu9hA9eS52jbJH9opCbz0zs8ZvuBt8QuioJxKxkjT4XAEIOTwSV0dQWuuDexX3B2aYp+9+CMJqiQZO5Eb/ACc3wn6BfEWJQ/YsdlaPZc7O30K+ov2bMUNTw3XUD3gmnmEjB0a4a/MFB7EiIgIiICIiAiIgIiICIiAiIgIiICIiAiIgIiICIiAiIgLne0PEf3XwXi9UPaEDmN1tq7w/rf3Lol5n27yPk4apaGMta2efPJI7ZjWC5J+KD5bxKRsszszi62w6qHCcOlr8RiiYwu1zZWi+g+i3kGDivq3fZy6OlabGV/tO/wA/kF3XD8FDhcL+6DWWFsztz6oMGi4UkeA6peIhza3U/FbqnwLD6UA9y1zvzOGY/NY9dxDDE12Ql3oFzlbxRPISImtHuuf5IO1zQx6NA06LzjjoPhx501/DKxrh5WFrKOfF8Qm0NRI1p5A5fotZOx04PePud9Qo2tMbVraoZbkkehWHPU59AT/NSimfkdcg8lC6DqSouUi048qxXOuVkYfXS0T3dw8MJ2J2v5p3DeZKq2CP8o96r5xpOCsp/EGLSsN3927YCO2vmrzLVSjNJWTuJ3+8IWNZoGgAVO8VMuT+muPBJ7TGKJ2ry57vM3WxwN9PBUZXRtOZaV0ivo3F9Uxo3uqedX/axdwXxDaNgt5IJogbhjVrTKQFG6awJJsOZ6K/lUTCNzJiFPBE58jGho8lpKnEoKmQvfE3yHRaDEcRNRNZh+7boPPzWKJiPRZ5Z1rMY6Pv6Y3+7Z8AqmWnNvu2n0C59s5tupBMdwqeVW1i3hdTlusTNdkY2msMrMhve7dFpTMbb/FPtBG5U+eSPDH+m/a5o9ioqG26SuUge7TJUu0/Mxr/AKhc6Ko9fmpY6wtOh0snnkft4X6dBkny7Ucmn4o8pt6tIVjmyOFpKON2n+rnIA9xBWrZiFxZXiuPxV5y5RS8GF+ma/uGkl8NbGdxYNcB8CFYH0pPgrmsvyla5nz1UbK+4tfS+6vfPHKLFot1V5zX7ZZfGx+kzqCWVl2Rw1LTzjs//wBOvyWvmoe6l0jlhkB0LTYj3aFXPpqfNdjQ1w5hZMc1ZGDHFWy5Brkk+8b8DdXnJKxy4Movw3ibiTB5B9gxmrjA2Y8lw+Dl11H2t100P2fifCaHFqcaH7sB1vQ3C4+Srk0bPRwSAj/VXjPw1b8ljvZh89wS6nd0kblsf7QuPiAr7jK4ZR2tXhvZbxf7JqeHq135Wfdk+huPoubx7sLxmON1VwzW0mNUh9nuHgOt6E2+a1MmEPDc8UofH1Oo+I0+ikw3EsVwCUT0dRUUz+T43+E/oVKrg8ZwHEcHqTTYrQz0kzdCJGFt/itWGC5sQSOi98PaTV4tSfYuJqHD8ZpzyqIQHA+RFreoXG47wlhGIvNRhJlwx0l3NhmJdGfR+9vW/qg85hb4rX9y2NPT5482Un0UuJYRiOETBtfTnKfZk3DvQ81k4bUvjh8DGyx38TGizh5oNfLCWnYqFwsdlvaqJs8Qlpxnb9FqJ43NdqD70GMrXC5sryNFab20QWObY2v8FRXWuD6W+atPkUFzd/Maqw6FXM3KOHiKCrNlQnVVO2itdsSeSCRhWwwuA1VVDCB7btVrWnoum4OYBWPndtCwv+AQYnFVQZcSdCy3dwDu2gcupWuo4Q6RtwBfa6OLqmrke7XO4uPosyGO2t9DoNNggyqOimrqqOmpYzJLIbNaOZ816LhfZ5QsiBxWeWec+02F2RjfK+5WbwBgrMPwxtZKwfbKlt7ndjOQHruuoJ6IOIxbs6w+WFxwuomp5wPC2U52H15hec4hR1mCYiYK2IxTN1tuHDqDzC98Wp4pwKDH8LdBIAKhgLoJebHdPQ80Hk0tQzvqLEI/ZP3Eo6dFucPBp556d2mR2dvm12oP/XVcqxkkElVQ1LSxxux7T+F7dvn9V0tJIZqXDK69zI00kv8Aabtf3W/woMLjBhbU0k4GhaWk+YN/1Xrv7NGKmHiiSkc4BlXTub/eaQR8sy8v4niEuDGTnE8O+Oi2/YtiZw/jTBpQdPtLGH0ech/9SD7UCIiAiIgIiICIiAiIgIiICIiAiIgIiICIiAiIgIiICIiAV4J+0Hi734tTYcxxbHDCHvHIucdPkvezsvlrtlldNx1ieYnSQNF+gaEHHS4vI2JsNIwR5Ra5WRR1JjomhxdNO7xEk7LlsUneXMgg0fI4MuPNdPHGIKdkY/CLXU3pbHHaCcPkcTM7Meg0ChdYCwACllcsZ7iVnW+OMi1zlC92qq+6iddRWkUc7Xe/koy7fkjlG51lnYuq5ysL7Kx79VC6XqoTtM6TRRmTzWM6YclQB8h8It6qtid/0nMiz8GIdUOdzA0WtMBaLyPDQp8MqKeKpID5HG3IWSey/wC3RuffW60uM4ja8Ebv7Z/RZFfWx08JytcZDo3xLmHShzyTEXE9XlWqkTiRXiQc1jsngAGeGQX/ACyLJaKMutmqG68wCqLygltsVLHJyVohpHHw1T29czFX7NGB4auKx6ghR0t2l7zzTOFaKR5b4Kimf5CQXVppKrLcRZvNpB/VOjWUSB2qqHBYrmyR+2x7f7TSFTvdbZlOkbZzXeqvznkVhMl81KJQU8TykZHekc1f3x0sfXVYveaaIHp41MyjNbUu5E6KVtY4Xud1rib7FUL7FRqw8o2za0jyPUq8VIJ2FzvdafOeqlZLsE8qnUrcRNbG5z4ZHRPtuw2Ky46uZoIla2Uke0zwuO/TQ+8LSMntsp4qnLYkk8rFXmdimXFjl7Z0sNHXOvE1rXnQBoyOv/ZvY+4hWNdX0LgWO+0QxixY4E5RfmDq3cqMGOTLmtp1UkU9RABnvPG21tbOaNvC7cLbHkn25s/j2fxdHgMlJjksdFC3JUSGwpJW545f7J5FajiXgF1HUtqMHLoZxdwhcfCbb5T+hWdwricVBjlJi1HG2Sppn57FtnbWOZvP1C7PG+NKesxMVM9I19BVi8jWi+R2xt169Vp79Oeyz28EEktLVPZK009UCQ4P0DvIq+qYKmF7mNtI322c2+fovZuK+EsPxvDPtlJKKiEt8EzNZIjbmNyBzB1Xj+JUdTgla2nrRltrDUjUEfq1EOfeCDqqb7rbVkDZ2GVjQ149tvTzHktYYyDvqgjG3vVjtzZXG40VrtEF8bLusPL5lRu3PlosuEfevIGmZot71iyA53C2tz9UF1hkHVRHdX3IVjt0FzDqF1PDrXR4Hi0zAbsh8R6AkD9VyjN11+HVDabhDHGXs+YxsHoH3KDTQtMUL3luj3ZR7t1scIpjW4hS0zf9Y9rPidfkoKwA4RhpbYl/euP+IALd8BRB3EtE0j2HF3wag9is1jWsYLMaLAeQ2VbK3msPGa/93URla0OlcckbXbF3n5BBn21RcaeIcQoCyesdDVUhIE2SPI6MdRbQgLsY3NkjY9hBY4XBGxHVB5h2rYS2nrKfE4G2bN93Lb842PvH0WnwKQS4FisJP3kE0NXGOouWu+TivTONaEYhw1XRkXexnes9W6/zXl3Bj2fvN8b/AGaimmhIPmwkfMIN/VMbUUE8ZALXMOnuutJw9L9hxWCWAkZHNePIg3W4wt5loYS7cxgEedlzVPKGVjLfhfkI+SD7/o5hUUkMzfZkY1494upVz/Z9Ums4JwSYm5NJGCepAt+i6BAREQEREBERAREQEREBERAREQEREBERAREQEREBERBbK7LE93QEr5f7bqZ1NxaZTe1RTRy++xB+i+mcQdlpH8s1m/FeO9v2EfaeGKHGYmkvpH91IR+R3M+/6qcfY+ecNgM2OQk6hgLz8NF05AJIK1mFRZJHVAG7Qy/1WxlNtVNjXFDNTG1wNFiOjI1K2AnIAvayxaiUOB2VLNNWI+wBWJI6ymkdclYkh1VKsse5Y8j/ADV8h0WHO/KCSq62nekVVVtiOUeJ52AKsgjmn1cSB0Cph0BnldK8Xu6wPRbKWRlNlaLZzsovXUThNzyy9I2U8cTLvIB81HLObWhbbzKuc0vIc436XVuQZXXdY31Wa/l9RiPzOvnJ11uVDFfvhIDYMNt1sJI290RqTsSsUx6aDQjWynasm11U7v5TJmsBo1pKtZE1rnAk3tmU8MeYh1hodkcwBhe9psRcgbqm1/FA6FjwHN8wSr+5yNzXbldrfqsi0YDcwdd2mmwVvhHgNyCLjTko2SIBG1kJYSLPOjSdFFUhvdkcwQ4C/wAFkzOaSGkXc3U6fRRxxPlex3d6cyeQU712XvpbDA1sJllbkaOZ6rHlaIh4LN1tbqtxO/URO1DmkkAaD3rCflLzcXsbbJjl90yx+o1ZnqICe5nlFjq0POimZitQ4WMgd/aaHfUK+aLNZzR6m1itdPGY77Xuff5rfHWTG3LFmnFHNPjghd6XafqqjFoTvHIw+ocP5rTvdtdGuFtVfwjO8ldPSzsqG/cua89AdR7lKHa259DuuU0BuCbjndZ1HjU9PZkwbUxbZZdx6HcKlwv0vjnj/k34cgcbqKkqKOraBHKYJD+CXY+hU00MsBHesIBFwQbg+9Z266beEvcVBuqs1Oiivfn8FfGfEqrTpNnturmvCiejTqo0ttmxzdVlwT2JtzWpa4hZET9VPodBhtJFUyOOd0TwLtc3Qg8itlFOaV5gxKNjhJ/rLWbJ5no7zC56kqCzUGx6rZVFSaqkY12pZtdWwzsqnJxTKN/htXU4HUGrwuRz4Hf1sD9QR59fVbjHcHwzirAn11CwPhuTPAB44H21c0f9ArhcMxR1HKI5ye65OOpZf9F0FNU1WD1zMVwh2gNpoQbte07+5dcvlOnn54XB5lXYZU4TiApnnMNTDJye3p5rW1kPh71mjDoR+V3Qr3Li7AaHiDBG4lhwtTSnMbbwSfpruF4xUwyUlTNBWNIe3SUW9ocnBQq0jr7qNwWTVwmGQtvcbtPULGeTceaDLh0fMR0a75hRW7ueSxuASEgcTIWuGr2W+ASc/fPI2Jugie4AlWO39ykcRlsBoFGdQEFG7reRAv4cqALkk5vgVo27rpMGtJhVTGBe7HfG3+SDApLy08YN7M28tV1vAxDOLKYci1w9fCuVw45ozYbDddBw3UCn4mw2Zx8Ie1pPW+iD2Nq5jjkTH7A6EghjnOLSbXOgXUEWdZcz2gwTfuiKtptX0kl5APyOFifdog0Uc0kjHsnpiWOGU5SCNeoK7DhOlqaPh2giq3Av7oObb8h9kHzAsuE4elfUyvfI4kO6ld9w5TVNNhcYrHDPIA9jB+FhHhB87INlIwSRuY72XAtPvXhOB2puIqNpNmR1bWu8xnsflde8DVzfVeCSSd1j80uhyVJfb0fdB1GGB0Rnjfo6Oolb6DOSPkuVqIS3HKmPY94SPquyqwY8dxdhGratxNuVwDZcvjYycRyHa7Wn5IPsTsOqRU9mmFa6xZ4z5WeT+q7xeXfs6vDuAXgG9quQ/FrSvUUBERAREQEREBERAREQEREBERAREQEREBERAREQEKIg1uNPtCxvUl3wH+a1+JYVFjnDldhVRYsqYTHc8iRofjZZWMEunDeQYPmVkUYsAg+RaSilpsNqqaduWpp5nhzTuCDY/RWvOaAHmvS+17BxhfF7quNtqXEYzIbbZ9nfofeV5k0WkfFfzCv77aYX6YrzZYkr73WRUXBKw3kWWeTaI3FQPG6lcdFE7ZUq8Y8g0WurhaM2WzeNFh1TcwKrKjOLsNc2HDo3NF3OBPzWBVSH7WxzjfVZeHEOpe75sJFlh4gLPHkUn8k538I28QDmNIaMw5cghYcxNhl/VR0bs0bWMBAIvdZLWMce71u3a/Nc1uq2k3NsaSMgGx1J38lA6N5iABbm28rlZdQzO4m9raLHyxuHeOfoG330tzTadLe7kEgaLEZhfoQpgM7/AGbR/qqBoZZzZHAm1sx+ivZTkNN5JM1tfVRalVjHF7nlwABFhzKxXTuaSXtsSXWF1dM7u2lrHuvy5lSU7RGx09QcoIvte1+Sb0a2hpoWzy5pbgWvbosyV2XO1mXuzbKefmoImNjzDIWZtdTr6q1xJaGlxJbYaFPdPU0sLnEknU62BO6sexxHhI0OpV7xYiQnQX0VrnBpLTurRREbjMDuFrqpoLepCzp5GuYAL6LWVUmuUc91phO2fJemBKzxkAggc7KMglTkDMqWXQ5Kxtb2VAMzlNKAGkjcqejgDvCefNTvUT9qR5hfmAsulxeqpWhjHZo+cbxdpVvcAuc0aEKGSIgkdCs+suq0tuE3HQU9bRV1msP2Wcm2R3sn0KnySQn7xjmrkHAg2stxhGMS04ENVeamvax1LPRVy49d4tOP5EvWbcE6o0qWSFskXfUjxJEdRboscHXU7LLe3RZpKCpmajRQiynjvZBOx1hZZ9JIe6edxZay6zKN33Dwonte+l7g0303stlguIuoZGRTeOmcco/h/h9Oi1LnWJ1U8JZJG+OQaO/kt8MvG7c+eHlNPQsErBw/iDS9xlwSvs2Zh2ZfQPA+q0najwx9nmdUQMzd2M7CNe8jP18lj8IVv2wyYJWOzZ79y53Xou0wfvcSwWqwSsBdX4a0vpnO3fF+Jh8wui6vccGtXVfP9RHngLbXyeJh/h6e5ap7eRXZcVYa7DMSc5jD3LrvAtsPxBctVw93M4A+Eaj0KqLaa32imLvZdofS6pUttJ7h/JAPuWu2yut8VPXttKDyNz8bH9SgwXDRWBSutbRR5Ta42QWHQrfcNzlpljB1IvpzWicsrC53U9VHKDoHIMmlc6nxCaEatDjf05FZrZSHscw+JpuPUahYeNNfDijZm+FswDhboVGx7mPNzzug+g6GqbXUFPVRm7ZY2v8AfbVTPY2VjmSNDmOBa5p2IO4XF9m2KNmpJMPkd4o/vIh1ad7ehXaXsg0uG8NUlDV5mOMlLe/cPH/Dfp810M0jpZHPeRmcbmwt/wBBQhXhBSSRsUbpHGzWNLiegAuvnsyOfUPk/E95dr5lez8c14w/hmseDZ8re5Z6u/yuvGIIiRGbbyNYPhdB3le7NxHixHsmouOp0Gq5niPTHoz1jbddHVytmx3E5Y9WvmBB9Whc/wAUtti1K4fij19xQfTX7NMxfwpXxHZlQCPe3/JewrxH9mF98Hxhlz/WRG3TwuC9uCAiIgIiICIiAiIgIiICIiAiIgIiICIiAiIgIiICIiDSVhz1s9tQC0fJZ1ONFrYD3r5JNs8hNvitrCLAoOQ7WMD/AHzwlM+Nt6mjPfx9bD2h8F80VjXMdnb7QNr/AE+S+yXND2lrxmaQQW9R0XzNxzgH7p4mqqDQRPJ7p3kdW/WytjfpMuq4SpcHsDm81gP31WTODFKWkEAn4LEkOpVMm8qx2ysJVTeytNuSpWsWuWLMLrJdoonqn2tfTDowWVrmkgB7b2PVR4jES5x5JVkxPZKN2uvp0WxrAySAObrcXv5JvV2iTyxsa6ikPdssdRcXW98RhYWjM7S652mHdTuido1w0K3dC8OYXOktlblIcbaLHmx+2vDdzSOpIJ8LcxcbaHYKJubv2s7u1xfy5aLLbG1uZ+YODjdvRRZiwPzuu7XKBp6LGX+mtit2ukyuj0bY3cNAsSqmBcO7BL2usCeqNfI8WaQXm5JHLqp6CmjMQqCQ5p210uFPWPdR/LqLDRPsyWQCxdZ2ttPJW1TxpGBc2v6LIY50pmEk0bWt8QD7/oCteWvc9x95NtFMlvdRevSaId6C43aRs46/BUc/cW0drtqr7Ns3UaXvooXvIe7Md7AK09q2rZpN22FrX0WPUSBzBYajr1VxIdfNo4BQTvaACTYWWkjO1jTyW5WPJYjgbXduVOb+24ana/JQSG5WuLDJE7RWkhVdurT5q7JQNL5GtGp3K2dM21iACSsGmO7z+Ira0jAb662JCrldLYTyy0ocwcbDYrGqAS7S1jzWY4keA3ve6wpQGmx1PVVxva3LNRivFjqqRjw7K9wVWt00K2jnZOG4jNh82ZnijcfEzkf810LhHV07ainPgO5vsehXJOHissnDqyShku3WNw8TDsVTPDfc9urh5vH8cvTeteWOyu0KymSC1idFE8Q1kLZIjdjh7weawXd9TG7LyNB1DuSyk26Mr49/TbA9FlUrrQyW8loI8Xjc85yI3HcEWWzoaqOSCTK9ptbYqvhZU+cs9shztVVktisOSpY0nVQGsbfr6K+lfKNzTVLqfEaapZ7THgr1l2IdxilBjMA/rQHPt1As4e8Lw1tSS4FoduvYeDycW4Wc3eeJpkYPNu4+C2wvWnJzTvcQdq2Csc18sAvHI37RCegPtBeKVTL0/wDFEcp9OS+kqhrcV4Ke72pKBwIvqTG4c/cvAcXpfs2M1VM72XA2PpsrMWiZqyRo2tf4KeRwlpI389j7rfz+Sx7hs+ns3sfor4r91LFf2XB36IIXbeqjddTPaWix5KJyCMm6N39Fc5th5q3YoOrkhbivCRlaCaqhdc25xnf4LnQ8PiaRy0K2nDOJmgrLOAdDI0xyNOxaVg41QPwyvfE7WN4zxuGzmnYhBn4DiEtFVxTQOyzROzNN9+oXteB4rTYzRCemcA8aSR31YfPy8189RzZcrmEgreYRic1PMyekmdDUN5tNkHvQCuG19Lc7m1l5zSdos8cWWroY5nj8cb8l/UbLVcQcaYhi0L6eJraWmfo5rDdzh0JQU7RMfbi2IMpaR5dR0pIBGz38ytUyn7qPCmEeOScyH3C36rAo4hJUNbyvqt9OAcZw6M7RROe7yuf8kGXRnNU1b+RmIHoAAtdxYP6VQP8A4SPms/CyXUsbyP6wuf8AFxKwuLv62g6aoPf/ANmF5FPjLORER+q92C8C/Zjd97izb/6qM295XvoQEREBERAREQEREBERAREQEREBERAREQEREBERAVk7skMjhyaT8lesTFXmPDqhw3DCg1tELwsPXUraRizfVYNOzLGwcgtgz2QgqvLu3HBu/wAOpcUiFnwnunkDlu0/G4969RWt4kw5uLYDXULhrNGQ3ycNR8wFM6HyZjUAqB3zBZ0jc4A5PHtD9feucJztDhpfkuzrojDJNE8axu70A8rGzguQqGCDEHxtt3bjmbfp0U5TpphkxybaKh9m6ul1cTp7lGT8FjXRFHKNw0N1e5wUTyLee6zq8vTHqGZ2kHW4VMMlzQvp5NXRmw8wr3FYFTN9nqGTs3BsR1Ce+kS+N2lrozmDrWKvZUAxNLg0W0dfmFkTZZoQ9lsp1C1NUe6kbYXHNP5TVTfxy3G8e+KeIDZosTbksadz6h5EGttASsaB4e5rWE2OpF1n0/d9618dwWtILR6LCzwbT8mSxsVPC1z2uLiQLNHP+SpJO3uu5ADc5OnlzVs0jnOLXWDdALXuVjZgLvcLW5XvdZzH7q9v1FZnMv3bWkBttBpoFYS0i9wRtffVWSOc43GisL3Zh0C1kZWrr+IxkA31NlHI8FxDR7NrI5xs7YZtyscuynTXdWkUtJ5sp11PNYJDppCATlB36qSY95IAw+E6E+akEYjdoTa1rK86in8mPNoLDYLFcdVkzauOug5LGfZaYs8kTt1Y++XQXJ0Ulrusrbfegfl1V4xqeBuUBo32W3pW3haDbMtbDE5wJy+yL9FsqUBrM4b4/wBOiz5WnBN5bZBYSzMcucCy1MxOY5rX5hbPwlxk52+IWHUx2j7y1iXGxtus8PbT5HqMA36KRnshWusr7DKNxoumOWRGRsQrHCw1UtwBc+ixnm5PJFpEtJWy0swMLtHe03kVvY6yKeFw2f0K5lgAkAGqz4bk+LYKuWM9tePOzpjVrHMqHaaei33CVOJIap7hsABda0/eEtLbldNw7A2DDp9blztUyy60njw/PaCam8RsFGKVw/CtwGhx2V7Ixe1ljuunwjUNgeN2lemdkNWY5JYX7MkBI8joVzdLQtewlw0Wy7O3d1j08R/FEfi03WnHe2HLj09P4fg7jFsVww2LXCRgHI2N2/X5LxHj2mbBjFPO3ZzsoXt0sopuMaOYaCUxSOPmRlP1XlfazR/Zqma20NW5g9Cc36rauV5bWR5ZnjoSqRutK159l4s5T4kP6Q7zUEYuxzfePVQhWpBzC/ofULHGuhWY4d7ECCb7H1CxC0l4DRdzjYAc0FrrAdVVkTnC58Lep5+izqekyvytaJZhvf2GfzKurKmnori5qav8V9Gx+tvoPigip6OSRjnMsGM3kecrW+/9N1nVWMRS0EdGYo6t0TriSQFtvIc7LQ1FbUVTwZ3ktHss2a30A0Cq3JKLSj+8Nwg3EeK00cYZNglDI2+4e9h91irJ5cIneDSU9dSTH8Ae2RgPv1AWEygc8jLO0t8ys+Okipm+DUncoIe+lZ7ZDtLeasM8khs0AeivkF9lkUdNdwJCDY4FS2cCdyVfVzE4niUzT7DRCz1tb6krZ4a1sIL3aMaMxPotHhTvtVQzONJJHVEnuN7fFB0tKwRMjjGzGhvwWs4uNp6BvkT81tIDmdfmTqtNxc69fRt0sGE/NB75+zGD32Kmwt3Mev8AeXvy8F/ZjZpizrG/dxi/Lcr3oICIiAiIgIiICIiAiIgIiICIiAiIgIiICIiAiIgLX424toco/G9rPcStgtXjjvDSx/nlv8Gk/ogrA0AM9FmjYLGg9po/hWSdkBBuERB89dpuEswvjFxAtTzvDvRr9D815HjTHQyPze3C4i/vX0V274cZaOirGgaB0RPnuF4VxHTEyF5F+9aHetwCtZ3j2Y3WTm4qmOVvtWdzCsldYi2yxGUxfUvsdWqZ8DgLXKwydGFulHSgc9Fa54LRlOvMKNtI+R9gCfK6znUjaemBsMzudlSyNJtpKqpdGCANeS1VTK+U+I+4LJr35qh3QaBYjhp6rXHCSObPO2srDK7uCIpdWHY9Csur8bgRqLb9VpsuquiqnxOLT4mDkeSrlhvuL4cup45Nix5jLi3RxFlI2azw1unU3WNHUxSWs7Keh3V1r633Wfi3mfXTaQ1ocAHuNlc6RshaQ4Bo2F91qm5bG+oA0VBmAvfXzVLxT6X/AHGzBs4hxJ1t5KuQ5Q12nO61YmkaDZ9suwOt1I2aZ1yXD4J4VH7kZkh8I81iTB73kR2Fxv0UM00trOKsiqXNaGnVvXmpmNkUuUtZcMYijAG/6qOZ3XQ81a2dtrDQKJ9nAjYBRJ32m2T0jkOv6qE23Ukl7aKM8lrGOSw6C6jYbm/VVld4SjDay0xjK1l0zyPDfwndbaBjgzXa/wAPJauiYJJWh2gvqVtomB8TmuaBqbX5+a5+a9t/jzvaNpdrmtl2HosWocTE4k3GYEeW62IBfcSNBHS61k1xI7fLzsq8fdW5+tMYXsSduRKubITpYW6lQPOY6m/LyUoAa2wG+66XPF58WvIbKCVguCVNa4sNAo57hmml0SghbnmPQdFntBf4W2v6bLIw6iy0rZXtJklOlxoB5ea2lLSAC5Gu5JWWXJ23w4rrbXxwOY2+W56rdYHJnp5mkWyuH0VY4O8JtoLKTDYe4lqY/QqnnvprMPC7ZY3U8PtXUKmg9pQ0bymuIRqFHwme540ibfSTMPi1SsaRADv5LFwIhvGOHFt9XgH4FX4/bLkn4vSuIyY5MNnG4iFz6PuuU7bYR3uIO6yRSD1c1dfxPb9zUbrWN3tv7gVzfbU29NUPt7UUBt8QunJwvEMTH3o9AsRhs+/TVZmJ/wBefQLEbaxVUJ2ANnczk8aKZkBY+zSBLL7P8IO59d1ZC1oljkfs23xTEZ+4pS4XE812g31Avqf0QY2I4g2EGloSWsbo6Tm48/8A3WmVbIAguCmZoomqVu6DKieR6rJZI4hYkayIQgy4m5tVsqVmywqdo0W2o2ahBNicv2bA6p+xc0Mb7zb6XWNw/TGCg75+j5wMo6MG3x3+C21TRQVdGxlRfI17X2HO3I+Sskfnk0sGjYBBPS+0PVaXikf9r0v+7H1W7pRqtJxJrjsI6Rt+qD6M/ZjZ/wBn4w/+KJvycV7gF41+zREW8P4rJpZ0zALeTT/NeyoCIiAiIgIiICIiAiIgIiICIiAiIgIiICIiAiIgLUYyQ6too+Yzv+Vv1W3WlxMXxml/hhf83N/kgzYBd3oApyooN3KYoKIiIOO7V6T7VwdO61zDIyT3XsfqvDOJKFhwbBqpouZo3xO8nMNvoQvo7iyn+1cM4nCN3QOI9wv+i8DrGiTgqAkA9xXvuTyDo7/8qvj6VyurHm1FTRQU5mmPjlcS1oGtuSsqHx28DAAkz8797gAAegUTxcLC+3dj6II/EHWTEhelvbZ36LJjaAy6jxFg/d5P8X6FV+1/pwNQbyO9VDc5tN1msg76pePwg6rJ+z6hrG3PktrlJ045hcu2ocDyufcsRwJcdCuoGHHunySODWgaarAdRAAkk6bhJVbNNIRqrmSyM1a8hbB9M0vsRYbXUTqUsFyNDoiEkD5Mt5CqmV22W5KjaTYNNllyGJjmiNuZxbY2VbF8c7FkTXvcPuyRuNN1WWcxSeOMgdAskzyGANc/JlFgAOSxnAvdcSa73PNUs7bTLpFJL3lyR7lGXtG41spHaNcMoPmN1DIwG+U68781aKW1YSLaGxVWyEnUlQ63sVXVTomSfMMu6tcdlGq65VBaikN32VzRfmrcut1e3TdXjKsylNnt1IHlzW6iIkiYWONgdwN/JaWlBzNW6iBHdhuXKd7Ln5/bo+N7qkuSWIvjJbruPXZayUB5d4wBfXRbdwLQWtF2/BaiUkOIbZV4lvkfTHyjQD6KrtiL6q1zrEW1uVIXCxsumOdZrYC+qoS4kD2jdXE+WtlkYbEZ6+JosLHMb9AluotJu6dDF42sYW2EQygLKjju3ooYASC4nVxvdbGmZmcOa5HfEtLT2ZdRSRGKteTpmZf5rbNZlhGiwa7SaI9WJh7qeT1GK5T0wu8eqgJ1WVRC7wQrIb3/AFAO2i12CHLxbhp1/rVnvdaIDlZYWBgv4uw/TZ5PyV8PbLk/i9M4neP3PSN/ik+FgtD21W/dZJ37mAH4lbHip5dTU8eujXH4my1Pbi+1E9mxBp4/k4rpycDxHEnf0kjyH0WNE0veGjmpcQN6mTrsqRExwOlO58LVUTRt7yYNHsMGvmtXiUve1TrG7W+Efz+N1sny/ZcPJB+8k2Wkt/7oGVUsrwq5UFjRqpWDVUa1SNGqCRiy4AsZgWZANkGdTt2W3pQG2utVT6ALPjfYBBsJp7ts1RR6lQNNysiMIM+mGoXPY07vOJHDXwBrfkukpB4mrlpH9/xDUvP+1I/RB9Zfs5whnAsz7AF9W8e4Nb/Neprgew2lFP2c4e62szpJD/iI/wCVd8gIiICIiAiIgIiICIiAiIgIiICIiAiIgIiICIiAVpas3x4j8sDfm538lulo5RfiCoPSKMfN6DZQ7u9VKVHD+L1UhQUREQRVUXf000X+0Y5nxFl86Si/CGNwD2o52SD5g/VfSA39V8+zU577iujA3ZMR/cJKvgrk8faDzVxGiE3eT1V3JY5Tt24+mS0Whb5qmJsAw0eZS/3bQrsTINIxqr9r/TjsOizGRxG7yPmtmIcrMzW36rHw6OzHgjXO5beFl4JbOAOU2umSuE6Y1V3bKN17BhbtuAtG+1wRt7VhzW8nyR4eO8sGG1yVpnsb3pzENynS3PTQKOPLpny4XbAcAXNz6W+avc3vGXdYH9VbICDmdbRVZrHc6X0Wu2PjUcsbJG5jobLFiJa6wOt1nvBacwuGkbdFhht5rjQEqNnizO9a52U20Fj5Kx7rtIAac3UaqG5bHJmAzE205hXBrs7N9t76BRbF5KiewC5s7MTsFYRuCLe7VZLQ3xEktsd1bICXmzgNL2UbNMGQAjw7qIO67rMc3QeHW+tlA+MEu5EK0qtiK/NXt1CiILHlp9Vew6gpUxcG6qrRrZSuGYXCNGo6q0qtmmZT5TFl/EDcef8A1ZbWNzY2sbZxdb3LVQcwN7LdwNaIbSayWuAubmvbo+N9oZh3UYaGuym462WlkJbt5rfizInNe/xFvNaKoDmk326qOLs+Re4xALFVJsXEi+l1Wx1NlWaLI/KTc21tyXU54XIO6zsFINcXuJuxhIAG52WvF23cdiNFtsAj+7neRuWtB+ZVM/4teObyjfweyAtpQDxBa2MWI2Wxo9Nbrnd0bCaTQC4WvrXXkZ5Mt81LMbj9ViE53k9BZMEcnuRFu5bTDmagrWgarbULRbU2VhmVEuSLUA+Sg4ZLXcVUrx+EEqOuNr2Jva6t4WP/AG+y3K/0V+OdsOa6xd5jTu/r6KEE5nPijA9XArQ9ts4fV920i7623uY3/NbrBrVnGuGxn2Ynmd3kGhcH2nVvfY1HroyOSY+rnG3yWziedTnPM4jcu0Uszbvigbyt8SraVuepBd7LRmKmoGmarfLvlu7+SDGxxw7yNjdhf4DRasLKxM3rJLagHKPd/ndYt0FwV7VYArggkAV4GqtapGoJGBZUWlljsCyo9ggzISsthWHCs2LRougyGBZcIusSNZkAQbKl8NndNVx+EnvsSfIPxPLvmuskd3VDO8/hjcfkuY4YjzTtug+3ezSl+x8BYHEP/hWv/wAXi/VdMsLBKb7Hg1BSj/UU8cfwaB+izUBERAREQEREBERAREQEREBERAREQEREBERAREQFoY3Zser/ACLG/wDDf9Vvlz9Kb41iZ/8AOaPhG1BuItneqvKip9neqlKCiIiANwvFgxo4/wAcgdbLMagW63Y7Re0heG47UxUXafJNMbR/aHh3vjIV8PauTxI7gDS2iHUqjnffvPmfqg1Kyy9uzD0mvYsCuxR33A8gos3iHUKzEJLwkX5Kv20abC3EwG/5j9VuKazg5rhuLXWmwn+oHmT9VuaMkONioyMPSCeVraYM7tzrkt8IzWWqqWMz6tBP4b9QtqXuY9zQ0uBJ1HL1WuqXtbOOTrEgFc86umuXcaqcANLxsdtPioGkhpte5HsrKnYAwl5JuNADssN19C4HNl0st8e3Ll0yCPui617Gyw3Nu4jbTmsimO7SD4uSsDe8kcLed1PpT3pjNs0kOBA8lJHI10jBckDRVkZ3ZLJNwdwbqPIYi129nCzTzCe0+mSbWe2OxP1WNIXPLr2B29yZ7OcbaHYdFcQ0hu93KdIqJriLO1Glh0VTZx6jcnZWzNdlAFwOhWOZ8ps8ahTravl/alaLOa7mVjxyeLVSEmokubq77OQ6/TyV/wDlX7ZUThbTVX2sb2WK1paLgm/yU1PKDv8ANUWs22EQDSXNGYjbzW6prugzADvBsP0WmpjlcC72eVlsDIGkSAu0GwXNyd10fHntfKCWZ3g58u3RamXxe0Pms6R/et7y5AAvba61z3h9yFbiinyPcRloIIvoqlgIe55vY6eaua8NY783LRRSPLxbnzXTJXPFps64toFv8GjyUEZG73FxHusufOoPyXTUsfcwRx31a0bKnL606OCbu2dH4nWWwi8LRcfFYNK05hbmtg1oBtbVc2Ttx9shjM0RceQWspXh0b3Dm4rdVDxTYbI64BDSbrR4ac2HxuOpdc3WmE6Uyu80gBzLaURc0aGy1bHAOHmdFt6dzWxkuA05hEo8QeQDd2qz+z+kNRiFXVPb4KeLM53S/wD0Fp8SkFtDv53XoGEUQ4f7JJsRmaW1WKvBZrrkvYD32+i1445Oe/Rwg4N/fmKfiEYp4ierjy+S8n44qxNjFYWG7QRC0+TV6aJxg/CDM2j8jqlw62uG/FxPyXiuJvL3tB1cdXepWjmRw3io5JCfE85Afqs7CQIMPmqHjw738gL/AKLArTkbDCPwNufUrKxZ/wBmwiKEHxOsCPWxP0HxQc89xe4ud7RNz71QbKl1UbILgr2q1quCC9qlaomqVqCZiyYljxhZEQQZsIssyM3Cw4llxIMqFZtOFhwjZZ9MEDHX91gNUdszcvxNlF2cUX23H8NpiNJ6mOM6dXgLH4vlyYfBDzkkv7h/7hdp2A4f9q47wkFuZsTnTO8srTr8bIPr4IgRAREQEREBERAREQEREBERAREQEREBERAREQEREBc5hxJxXFHf/wAkj/gaujXO4Zb94Yjp/wCKd9Ag3EH4vVSlRQDQ+qlKCiIiAF85dpBL+LsQLDq2peb+i+jRuF89Y5Ea/i7H3MGYRPnf8CQtOP2jL08heR37x5lXt8kqRasmt+YqSNoy3uc19ljl7deHpRotIL/RRYk+0TnN0LR7ipQ4l2p181r8Vflp5CbXylVXrBwk2po79LrcUrgDd2y1OGttDGOjQtnDzVclsPTGLpG1MuW9iVh1jry5S32G5rrNMuWaTIC43uR0WJVuzZhax3Nxy6LH/Je/xayc2a7cne3RYcrS22YakXGqyp3Bp8IOYm5WG+zS4H2tt1ti5sxhc19xoeatJe1123AVws1pOt7dVT2oXlx1Go1srVlilyGXc5n6nRQNlIdkcbttb0VI3vjfduZpI5fVTuaZWEk+I+ihfe2M+MNcSNRtoqxyaaOPvCq5rmnlbmqOaDqzQb9VKFZSLuzPFunRY8jGyOcANdwVkO8TdgRbfqVGL3ttdqmIsYljGegWSHB7Tv63VsgBaOdxYKJjbO19k/JTe1fS9zhe7tLfNWUbHOL3EXsN1ZUAG+pB8uaycFD5IqtrdmeN3pso10me20oxdrWuGh59FmHPC+zmgga2J3Cwqd4LQBp102UslQXAtfZzWjTqsssd10cVmMu11Q8kB0YswXuLrXSuseSyWua6Bxc3Ly3WJKANyrYYaZc2XlULnnNYK25HO6OaFcyMvIZHq49FvPTGMjDIhPUkSNJY0X358l0kDCTda+hhbBCGtIc7c+ZWygzOts0eq5s8vKu7iw8cWxhIa0bLKjdme06WHRYUVgB19Vlxub3mp0bzVNbrXy0s4tq+6w58d9XNyhR07XQ4fBHYXDbLS43L9rxKKFpu1pzOW+eH5GDLsAFf1NKY95bUhbZ2pb6LYh8WWwzX2NysSCNxIuA076pWyiGMkgBo1JCjS1qfBcJl4g4jocJgveplDXOH4WA3cfgCvUu018dfxLhPDeH2bSYfG0uA2Btpf0AusfsrwuLhbhiu4xxhlqieMtpoyNQzlbzcVqIjJBT1OJ4hJ/TcRzve4HWOMHxn5Bo966cZqPP5MvLJznaFiTHRMpYTZszgWt6RNFmD4XK8yaRUVt3ABjbknyC23EOJvrayoqjdoccrG9B0+C0p+6oXPOjpTYeiKEANXiRy6tLyb+QKgx+o76rDBp3YsQOp/wCgPcs7DrU2H1VUbDK2wJ6+Xmudc4veXHcnVACvCtA0V4QXBSNGitYLkBZ76cQxsaQXSu/CEGI3dStWK8ubIQQQQbG/JTxG4QZUayIljxrJiQZcSy4gsSNZkSDLh5LY0wutfCNFs6QaAINDxc7PiFJF+WMu9Ln/ACXtv7MOH58dr6w7QUwaPV7h/wDavCsVd3/Ec4BuGEMHuC+pf2asP7jhavrHN1qKjI13k1oH1JQevhVREBERAREQEREBERAREQEREBERAREQEREBERAREQFz2Gf9/wAQ/wDmn/QLoVz2G3+34h/8076BBuIfYPqVIVHD7CkKCiIiBcDUnQarwbh4tkwrinF5R/WGRrT63P6hex8V1ow7hrFKsmxipnkHztYfMheL4yf3P2WUsXsyVhzOHrqf+EBWnUR7unjjzed55kq9h3UI1JJ3JVw0BJKytds6g59gSFqMYeJImRgAFzsvqthK8ga6Baaof32IRs5M8RURGV6bKKNrWtt0WXA3TkoY7GO1tQkU2S9xY+aovLpBOHiaUWGWw81jVmYEt/ABfN59Fkgg1b8pIJAN7+qxatwc6x9kt0vvdZ/5L3+LUzAuAtpYqxmUEh+rTuRupZX3FtgDvZYuYgAWFhzG63xnTkyvZKQPC0khUaLG4APLVRZruJCmNztspsVxqKVkjcjyC1p5kKQOBAsA8D5KjvELOuRyCgbcSFnwsi3pkGQ6jKPTqrXAW8JPorZmgW1zXUedwJI05dVCNprNGpBvbkoiR05HdXOkNw6+wtsrHm4sSSQFMQpmIOpbbLqFjOktY+SmeRcgbWssSUEutyUi2/eE3vdTUs8lNTVRY0/egMv77qyIgEgC2i2VKGiidE4alwKmVWqUtVHIwZwWutsou9cx7i05vVUmZZ5LQXEjUnlZVawE2GpUJsqaOoc5jiW6+Silc7c9VlwxOIyRNN7XNlMaBjHWneXDfI39SouciZx5VroYZZgXNacoNiei3FJTRwts3UkWLuZ/yV8cdwGtAa0bNH1WXFEFnlnvp08XF491dCALafJZkTm2sAVHGwctFkMbYcrrNsuz23soqmoENO95PLZWyvFzdauZ5qZx/s2nTzKt6Ut2uwyKV0we5ozvdc+XkunmE2bwutp0Wqwxru+jAPPougkZc3IsOt0x7tqbrGMeLvGjxnlzGi6Ps74Sk4wxsSVN2YNSEPmkOneHk0LF4b4brOKsTbS0rXMpAQZZraAdF6fidXFh+HRcJcLZQGMtVVANg0fiueR6nkNFthj91zcvJvqNdxZiUfEFf3EDu54ewzVxaNHFumnXoPO5XmnH+PFzzSxDI+RrczBtFEPYjv8AMrecW45SYVh7KelOemiNo27GqlH4j/COS8pxGokOeWd5fUTOLnOPMnc/otLXOxHE1ErWN1aDv9SrJgamtZDFq0eEAclfGe4pC/8AG8WHoszDY2UVBNiEo1Asy+9/L/rchQMXiOojipoKGHdpzSeZ2H/X81z1uivmldNK6R5u5xuVaN0F3NXt3VoVwKDMw9meoZpe2vwXp1NgD8K4WosXuO/mfebw+Jt9Wi/IW+ZXmeGPyVbCeelvVepVnErMR4bFE1jryOYdeWUWQYPaNQQV/DNFjEcbW1UTxDK5otnaRpf0IXmsOwXpPHVUKLgmkoXH72olDwOeVt9fibLziEaDmgyYgsqJY8eyyYUGVEsyLZYsQ0WXEDYaIMyHktpTABtzsN1rYBssuslFPhlTKfwxm3v0Qc3hl6nE55n65pC75r7W7IsOGGdn2ERFmSSSLvn+rzf+S+OOCaB9diNJTMbmfPK2MDrcgL7zpIGU1LFBELRxMEbR0AFh9EEqIiAiIgIiICIiAiIgIiICIiAiIgIiICIiAiIgIiIC5/DdMQxEf/yj9AugXP0H/wCq4mDpaoB/4GoNxFsryo4fZUhQUREQcL2v1Lv9G6fDITabE6qOnA/hBzOPyC8o7a8QbG7DsKg0ZTxZiOl9AP8ACF6PxPPHiXaFEx7/AOi4LTl7xyEsmt/c0fNfP/FmJvxnHqyucbtlkJZ5NGjfkApy6i3HN5babWwsdVbMcjbX1KmsACSsCqmAufcsq60NRKGMJvoAsChiLy+c7vOnorah5qJBCw7nX0WwYy0YaDYAWChX3U1O61hfXZUrPCxzhtZQNcYyc2o6qlXPeBwAJvpoqryoaZ5eXZy4t2BtsRyUdS9rjcm9hlspWvAiZHGdRu48z0WHOWNkuNSbgXVJ2nLqaYUziQA4+fvUJNmnXRJCS4E33OiskOgbp1XRjHLnVjARoeayXakA6AK2JmZSluUOzWHPVLUYekR0057KKVhJa69gpnEnMTtdWG+xKhaqbx6W8O91jvOX1CyXeGMggb3WFM7U2srYqZJWuudNQqPJAuefmo43HmpAx8vsiw6prRO2O513WGpUhhc4XOnksplMI9xqpcthYbqLU+LWBhB2ss6EEt0JvzVz4wQXW1HRTUNNJO60bbMHtOOgCpbqLTC30jqKd7oS+PM48wFJQYdJG4Pq3iNrhdmlyVuh9npABBaV9rF99PcoDnkNySVl+5a6Zwyd1aZQxhZAMjDu7cn+SjYwnUqfuhpdSNZ4dLqGmlsbQFnAt7mIDexv8VBHF1KlADdkRavBtzVJJg1u+qx3yknK3UoyIv8AaNyp9Inax7zLcC9j81JDBrta3RZLY44Gh0hAH1W/4a4WxriaoDMJo391fxTPFmhWmNyUy5Jg1VAGsqY7nc9L3XoXDHBddj8vfVDDTYcw3c95y6eZW4w3hjhjguUS41VNxbGmjSlidcMP8R5LIxPFcSx6MOrpm4bg7fZhiFg4dGjdx89ltjhI5suW5NjVYrBSUpwHg5gaGt+/rfZDQNyDyHmuMxzGKLBcKfT08pdA43mmAs+qf+UcwwLH4k4lo8MpfskDe6hGopmu8ch5GQ/ovLsSr6jEKh09Y7Qeyzk0cgrMk2I1stfVPrawgWFmMGzByC0//eahz3m0TBc36dFV8hlzAGzT8AqQRS1sjYKVhIO5H4kElJC7Eq1oAIhHLoFZxPiLZXNoqawgg0JH4nD+X1UuKV8eFwOoaB4M50mmadjzAP6rmkAWVRsqK4ILmq8K0K4IJWEggjfqtzQ4u+mcJGNaXj8LxdpK0gV41QZ2L4lVYxV9/XSZi0BjQBZrB0AUEYsbqJo1U7RqAgmYCsqIahQRhZUQ2QZMSzIwsSNZsQQZtMNlDxPJ3eECMbyvA9w1WVTNuQtRxRIZcQpqZv4BmI8z/wCyD0P9n3CBX8dYYXMzR016hx6ZRdp/xFq+uwvBf2YMIyxYtij27BlMw+vid/yL3pAREQEREBERAREQEREBERAREQEREBERAREQEREBERAXPUdhjeKj/wA5h/8A+bV0K56n8PEWKDqYnf8AAg3MPsK8qOD2FIUFFiYrXwYXhlTXVTg2CnjMjyegG3v296y9t15Z2m8QxV2Jx4FHM37FSkVGIvB08OrY/jYn3KZNlcRxLik9JgU1zkxbHZnTS23Yx249zbBeZVTWtlLW+y3Rb3H8ddW4pPVloL3N7uBh2jZ1PmVzVU4hpJN3HW6jK7bceOoxq2oDRZpWkqZnOOUakmwAWTMXzOytBJ2A6lZ9PRMo9XWfUHd35fILNrvbBoqMxAvl/rHb+XkpZZMgsLWWZKSGXWsmJubhVqZFjn3PNShndwGZ4F/whQQtDpMzwcgKnrBmi8d/E7qqW/S8jEzOMluWW/qVjzuFjYat08gpG3zCx8PnvZQvfmY5rBbW5TGK5MKVhDtSOiZASL9Fc+wdqrHOs8ea6I5smQ1ml29PerJbGNmp10WRT62VK6PIWuaNOYWdva2E/HbDZY3GpuLhN3HTdVjJzalWPda5JJJFlZF6Wzyanl6LDfrdSv8AG6wUscOXVwueitvUU1cqigh/E4Cw5LLbcEclIIiLOI13spGNDo7hZ3LbbHDSx7QDr8VaDvbfqp8pIBOunzUYA3cLDmm9p0lpIO+fYmwAuXdFnBxbE2np25Ydz1ceqlpoG93lsA0m6ypWta3wAXA5LHL8vbownixGQNFi/boFcTrZoACtNy7VwA9VPkAF8rnAc7WHxKRbekbWi+ylaNNlWNk9Q8MpoS8nYMaXk/BdLg/Z9xRi5b9nw2oEZ/FKO7bb3q0wtUy5JPdcw94buVZZz/JnU6L1OHspp8NYJOJ+JMNw5o3jiIe/4lZlJT9nWEv/AKLQ4hxBUt0zzAiO/vsD8CtceK1hefGPKqCilrJBFh9PNVSH8MMZdr7l3eEdlfEVXE2oxN9NgtFuZKp4Drei9AixzGpYhDg9Fh/D9KBp3EbXyW5AEi3yXOY21xp3VGI1NTX1BuA+okLvqdPRa4/H13WOXybfStHhXA3C7hI5s/EOIN/G85YQf1+arW8XY5jj/wB34fkoKIC5hpfu2sZ1e7e3oufpKCurml8UMmUfjawBjB1LzoFmUPEHDXDZnE2LGtrpW93JBQjvyLci72Qb+avcccYz3cqjiipMEfLNNaWSMZnTSi0bPRvM+q5niXi6qqJnNoi9xOhnedbeXJo9Fu8VwWr4owSKuoqjuoX9451NMCJA4HTNy2tay82qZXxximvdzdCLbKln2n/Sxzy2V0szu9kP4idAsOoJfcuNm3U0cck7w2Fr5pSbBjBdbObDqPB8s/EMv31rsoYjeQ/2vyj1UDXYbhVRiWbIO5pWC8kr9GgearieMU1DTuocE8VxlkqiNXeTeg81gY5j1RiTe5jH2aiHs08Zs339StMUFOd/PmVSxV2idEAXVwBVArggq1XhWhXBBcFe1WhXtCC9inYLlRMGqnjGqCaMLJiUDFkwjVBlQhZsQWJEFmwBBsqJtyFzcp+18QzvBuA+w92i6UPEFLLKdA1hK0nB2Hy4nicMEdzJUytjBAubuNr/ADug+v8AsQwoYX2eYeS0Nkqy6pd5h3s/8Iau9WPh1MyioaeljADIY2xtsLaAWWQgIiICIiAiIgIiICIiAiIgIiICIiAiIgIiICIiAiIgLn7ZeKK0fmhjd9QugXP1Ph4rcbaPpG/J5/mg21N7BUqigFmLk+0Li0YFQmGgc12JSizOYjHNx/RTJsY/aNxozAoXYfhxbJi8rdPywD8zvPoF88YxiwbEaWCUva92eaRxuZX+Z6LZVs76iWUvMtRPI7NJI43Lj1J5rW1Mboos8sbWNGviF1N6movjj3uuebMHSlz3ak3J81dU93K0nOLW2WFiNaHvPdhoA5gWWvpny1FTlDjkGris2u20pw2PLK32xcMHn1V9uZ3WO42fvbp5Kj5idjoq1eMlwBbqtVUOa95aeewCy2ynmVhVrGFhlJc3LpdpVVkTjkFiNAr6x1o4yNR08+qtblaxshafFpobpXC7IiX5Wjy30Wa1uowwHPzm+UN0IUT5MufIN+fkpGuztfcEAbqCYi9m3ta91pIztQv10G6jkFiOqzYMjY5AWAuOlyNvNWSxtczT2r9Voxq2CQN32WRU1bWtF2g30WIIxu24UVVFI8xtYxzjvoFTU2tMtTpHHOwyOGlt79FTV4AA96yqbC53AnuHk26aLNpsJqZCGCMA8mg3J9ytbPpExt9tdDBrpvvdZQDQLMGYjmukw7gjHa5wbSYZXPafyU7rH3kALqKDsc4pnN34cYGn8U8jW/IEqtlq81HmcbXXJ0/kromPF7s9wXsUHY+KNpOM49hFCAbnx53D6LJZwnwBhutdxNWYg78lHAB89UmFLyYvGI6eYt8DTfkpoKCVz25mgm+rdyfcvZf3hwBhxvQcO1VaR+KtnsPgT+itd2l/u8WwTBcGw4ciyEOI9+itMWd5NuCwrhPiDEbfYcLrZGnZwhIb8TYLqqPsk4glAdibqXD4ubqmoGnuH81BiXabxHXuIlxSqaw7inaI/nv81zNVidfXvLpnzSk85nl5PxKnwiLy5O8i4F4Owk5sa4tjqHt9qGhYCfS4uVm/6QdnuEEfurhV2ITNGk1aS73+Im3wXl7oJ7XklEbbcyAFH31JBcPqM5IsQwXVpJFbnlfdej1va3XRFzcIwrCcNHJ0cIe4foFoqvi7iHGY3y1+K1j4LasZIGNH91utlxdRitKxpEEL3Ec3aLdYPxVLJhsEFW4Mlp5s8dRluY25bBoFtB5qZVW3fGyVtJJSRGaaVrrtiBkfcG1zuVuYaGvo4Wz4iIMNiygB9fKyCw6WcQT8FqW4/iGJUIZT4nUU1MGgCKjcIWuHUloBJ87rUMwilExmNOJZjqZJSXuJ9Ss8vlY4XUnbfH4mWc3vp2MvGuEUbe7hrKnEpgAMmHU925v94+w94BWoqOLsXqSThmCUNDc3E9e81cv+HRg+CxI6Z9hZoa1TinYB45QLeawy+Znl66b4/DwntqcSpazGZO84hxerxA/7EvyRN8gxtgsuhoIKdgZSUzWNHQLKdPSQ7eI+ahditwRG0D0XPnnnl7rpx48MPUS4jUYrR4f3eHSyNfK+2WPfUdFyFbBQ4a/vMaqi+Y/+DpXB7/77tQ35lZnF2ITnCJC2RzAXNByki4vsvO73J21XZ8e//PTg+TNcm3TT8WVMLXRYNEzDYiMpdH4pSPN5/Rc1K9z3ue8lznG5JNyT5lUKoTdbOdaiqUQLKiKqCoF1dZUAVQEFw2srh6KjQrgguapGhWt0V4QSNU0eiiaNFOwIJ41kxBQRjZZMSDKiWfTi6wYRqFsqRuot1QR8Rzdzg5YD4pXBvu3Xe/s44H9v4zpp3NvFQsdUuN9nbN+ZXmnEcnfYhTUzdRGLkeZX09+zZgf2HhSpxKRpD66WzCfyM0uPVxPwQevgWVURAREQEREBERAREQEREBERAREQEREBERAREQEREBERAWgxTw8TUB/2kEjfgQf1W/XG9oWJjBjh2IG3gMjASLgEt0v8EG9qZ3BjoozYgaleZ8XTxV1TLTCSMtgeGPN9S617e5bvAuM21YAmFPK/Lq5hy39y53iTC8Dnqp6yKgxiKWU5nuopwRfqAQbKYmOeZR0kR2JK0/FWBT4nQBmGPjLxqWOOXN71sJ/s0b8sVRxTE0fmbCcvvLVBJNlbaKr4hv0LYAD53yqV5lHltfwrjtMHGbC6m35mNzD4ha+OhraZpzUlS125vE7+S9b+11LcwZNjJ0sHF0APofAVGaquflJFaXDcPnZY/BgKrqnlHk2WqL7fZ5z/AHCru4n5wTD1YV6fNDUzOPeCTIeTp36elrKxuGRP/wC8zSt843uP/qJCjxT+5HmT2VBFhBKOl2qkdPO7M2SN4B3uF6ozCMBb4qn7fL1BlY0H5LKhbwpTmzMDnnd0kqSb+6yjxT+5HkUNLNYMfHZo2JcAq1eG1E3d93lyi+l7/Re20tdhwcPsPBVK49ZMzlm1PFbsHYDNhOC0LjqI2x53/BRMIi8trwqm4VxGcFscMrwR+CJzv0W4pezXHqu3d4XiJB5iEtHxK9Nd2n4u+7aMU8Y6iBo+QUEfHfFFS83xlkLeeWJg+qtpTyrlqHsX4jnIDsPMfnNO0fQrewdhmJAXrJ8PpR1c9zv0UtdxbiHc2rOJMQlJ9pkMzWgf4VyOJ419oc4GWsnPWad7r+5NI8q7FvZXgGHs/wC1uJqCC2+RjP1J+iuOCdmGHkGqxytrnD8NPqD7mNXmzpnvv3cDG+YZr8SoJYqmUavfYeY0TUT55f29Pqcc7O8KeWUfDFXUys1vUkt+T3fooj2qU9KcmD4DhtILaEtuR8AF5XOyPMXVFZG553L5bn3rElq6OME/aY3Bu5jaTb4qZ0rbv29Nr+1fiapu2GuZTtPKGJo+t1ztfxNjFdc1+J1krTuDM4fIWXIDFaNozRh0juVzqfhdUdjeaF7hC1sg9kOdv70NOhbVRXzvYX39/wBVBJUzzutTxOd0A1+i508RVjLd2KaLzDMx+agmx+vly562YgaWZ4Pog6tmE4hUTETBsA5mRwaB8ViVUdFTOyS10Ujhyjdclcu/FQZWv7oSObzne6S/xQ4lUPzkSNiYSTkiY1o9Ag3oxCkjdlipXuPV79PgsKsxyfVgdHC3+DT57rWQ0eI14tRUVXNc7xxOf9AtjDwVjbwH1McFHGd3VdSyG3qCb/JBh1OJRvjbcyukG5sLH3rDkxAk3ZGL+ZutweHsLpXAYjxJQDXxCkY+ocPhYfNZDKjgmhHigxvFHj8z2UzD8Mx+aDmjPM86OIHlopKSGqlcTB3jyRY93ck+Wi3s3F9DDE6LCuGMJpxyknzVD/i42+S1FXxdjk7zavfTsBuGUzGwtb6BoQdfwpDV05jiqqeeJhzX71uTzGh1XTGXJy+K8u4SxCpm4mpn1VRNO6QkEyyF52PUr0eUX1J+a4efHWb0/jZbwW1FbI42adPJYskj3mxN7Kfu/Fe2ipkAN+Sy01tYpicd9tld3NttFkkAW8TR6q5wAHlyTRtz/FsX/YMltw5p+a4IL0TirXA6jyAPzC86tqSuz4/8XB8r+YVQhVJuqHdbuYRU9FUIKeirZVsqtQVCrbRAFWyC4BXAK1oV7UF7QrwqNUjQgvYFOxQtGqyI0E0ayohoseNZUSDJhGq2lGLC5Wth1KvxOqNNhz8oJll+7YB580GHg8EuLY6RA0ySzyhkbR+Ik2A+i+8OGsKiwPAcPwyADJSwtj05kDU+83PvXxX2Z1ZwbGYMQEIdJTnM2R+rI3bXt+IgE2G119Y9nHGL+KW1YkiYww2LSzodLHzQdsiIgIiICIiAiIgIiICIiAiIgIiICIiAiIgIiICIiAiIgLleP6GHEKKggqmgwSVIY/0c0hdUue44a4YH3zASaeaOawNtAdUHiOL8Dz8LY26phfUy0mUg8w3pfyVY8SJaDFO+3k4rL7WsdxGn4npoy6ZlNM3NHLGbAsc3Qaa/FedTS1Mb3PZK4F3O26DvDicv/wARN/8AUKjdiLjvNJ/iK87fimIMvlqfi26xpsbxMHSpj/8AphB6NJXnX72Q/wB4rFkrSd3P8hmK81lx7FeVW0ekbf5LEkxzFb/9+cPRoCD0qes9SVivqnG/gJC83fjWKWsK+RYsmKYg8HNiFQT5PIQeluqpADaM/DRVjxyqpvZiibb81gvJpqmZ5IfUzu63eVAGl42kf8Sg9kdxhXM0M1FEf4nt/mtDxBxHRVLmuxCpgM1tTETqPcuCp6aSwLKVzr9WlZFTh1bIWBlES61tGAoNq7H8JjP3bp3egVf9JacttFR1MvroCtdDw5jsgsKUxtPkGrMg4NxWZx76pp4rbh84FvmgqeIp26w4bG1/J0rjYe5YEuO4g95c59NETqeZWz/0Uo4wRW49hsbxuDUNKx3YRw1BHebiSGQjdsEb3/RqDTTYtWuvfEHjyYCFgzVT3g97PUvv1euhMvCNO64OI1Q5hsWW/wAXBV/f3DVMT9mwCaf/AOYmYAPdld9UHLiWMaNjJcerz9FlQ01dKQKehlN/ywOPzst9/py6AFuG4JhtKw/mzyfIuA+SwpON8cIcIKiGkYdxTQMj+YCCan4R4lqgCMOnZGdnzPbG3/icFku4ExGDWvrsJpR/HVZz/wAIt81zNVjVfVZhVV9TKT+aQ2WvL8wILnG/UoOoqMEoKQn7VjdKf9yC8fVQufw5C05pq2qf1aAwLmxlGyEtuRZBvji2Ew2+zYR37gbk1MpOno1Xni2eID7Dh2HUrgbgtgDyPe5c7bNYBTODIG6HM9Btq3i3H6xmWbFapsf5Ynd2P+Gy0k1Q+V+aV75HdXuLj81Y5znHVWEWQXB3qrw7z3VgVQgvBuVEW6lSA+ao7Q6oNjwoQ3iKgJ/2v6L1aY2Ouh21Xj+GydziVLINMsjSfivYJruJINtb6ea5PkT8o7vi38bEYu8hsbXOeSA1o5k7BbendBhsDnMZDUVF7GaRgka3rkadP7xBv8Fh0VAZcPxOrzlrKKm7wZTrmc5rG/8AqKxqRr5oWsJsxguT0C04OOa8qy+RyZb8Y7jCZcN4owmZj4IHYpTsLzaIR940cwBouMxCkMAc6O+Rps5h3aVmcEcQ02E4uXtjaYJh3Li72mAncfJZXE8BpsVmj3YXEX63W1wxzmqxw5MsLvbjeIG58Eq+Z7sn4Lzey9Lxo5cHqr7iNw+q81I1WPB1LG3yfcq0jVLBXa2Vq3cwAqgKttFUIKWVUQIK7KoQBXgIKgK8BWtCkaEFWhStCsaFK0IL2BTsCjYOimaA0XeQ0ciTZBKwLKhbe1tT5LOwfh/E8VLTRUUhjP8Arpfu2fE6n3Lt8I7PqdtnYxUmotr3MV2M953KDh6CGorJe5oYH1Eu1oxcD1OwXX4T2f1dU5suLzNibbSJozH/ACXf0kFJh9O2GlhjgibsyMWChjrp62u/d+DUkuIV53hi2Z5vds0eZQcnxJwvSYdSQ/YpZ31Uj2xRQXzGQnkAF9DdlXCjuFuHI4qm32+otJOB+A20b7vqsHgHgEYVVNxfiCSOsxot+7a0fdUo6R35/wAS9DACAiIgIiICIiAiIgIiICIiAiIgIiICIiAiIgIiICIiAiIgK2SNkjHMkaHNOhBFwVciDxXt9w6hwnDsOxaOidLI2Uw/1pa1osSBbbkV4VQ8RwYjJPG+iliMQvpKDe/uX0p+0FSfaezuWT/4epjlPvuz/mXyRgYyYxUsOzoz9UHRT19ACc8dSPQtKxZK/CjvHWW9G/zWJVtWtmbqUG1krsEt4mV3wb/NY0tfgY9mmrnepaFppgsZ40Qbp2K4Sw3bh1Q+3J0rR/yqx2O4e2/d4S0/2pv8gtC5RuQb7/SVjdI8Jo/IvLnfqqf6WVbHXho6GM/7rN9Vz56qwuQdKOLsYcDlmhjb0ZA0WUNbxNjRpwP3nUgF2uRwH0C0TXG9lJUkmmb5OQUnxGsqP6+rqZP7Urj+qijs93jGb+1qoSr43aoM2QMEelgfRYb5CVM43YsZ2nJALtDrbRRuLuSuJVpJQUJPVWndDugvdBRXAo1pcQArsuU2PJBadlapCrCgpmsdN1Q3J1REBLIAq2QUtoq2RVQVCo8bFVCuAugjBIcHDQjmvYMKnbV4ZSTRnM2SIa9HDQ3XkWU2sfcuz4CxK0UmGSGzsxkhPu8TVh8jHym59On42cxy1ft6Dh9ZHT4XjtHJoaujyxu/jY9rwPfYrQ4TWsfTvLg4g6GxtosxxZJHlLnC+t7agrXsw58cjntjYWt8WhtmHp+in4+c145HycLvyjNwOlgn4hpo3vipoHyB1m30A1sL662+a3vFtUTipiaCGl3eEkarnqQfZ6ttRHFIC0HJrbKVZW1jnGSeqkLnkeJ7uQW/JljhOqx4uO53v003F1YIcLdGDZ8xy2525rhgtjjdca+sdJr3Y0Z5D/Na8LPjw8ce08ufll0oluqqq2V2axVAVbdVUN1QUsqgK6yqAgoAr2hGjVSBtt9EFGhSNC2+FcNYtiNnUtBOWH/WPGRnxK6rD+zxws7FcRihHNlO3O7/ABHRBwQZbUkD1Www3Ca/EXBuH0VRUa2zMYcv+I6Beo0HD2AYbldFSCplH45znPw2W3OIkMEcTQ1g0DQLAe5BxeE9nlVKA/FKuOlaf9VCM7/jsF2GE8M4LhTg6ClbLMP9bN43D0voFc6pfkc+RwYwDUk2FliuxQSSxw0MclVUSaRtbezvTS5H9kFB0v2gW06bLDkxVpqWUtKySqq36Mp6dpkkd7h+q6HhrsxxzGWMmx+d2H0rtTBHo8jz5/Er1/hrhjCeG6YxYTRxQXFnvAu9/q7coPNOHuzbFcUyz8R1DsMpjr9kpnh07h/FING+jbnzC9TwHA8NwCiFJhFHDSwA3IYNXHq47k+ZWzsiBYXuiIgIiICIiAiIgIiICIiAiIgIiICIiAiIgIiICIiAiIgIiICIiDk+1ik+2dnWOx/lp+9/wEP/AOVfFFF91xIwfmzN+S+9MfpG12B4hSP9menkjPvaQvg2f7viGldbUvA+KDY1jfGVrJmrbV9muctbIL3Qa2YbrEeN1nzN0KxHtKDEcrCN1O9pvsVGWG+xQY7lYdVO9p6KMsKCxo1Cmn/7tv8AiUfs72sql4LC0nQoMfmFe0W2TKAfa+IUhjJbdpJ8rIKA8lG4dVUGxVSghPkrfVSO3VrultEFpPoga3dx+CohCCRrw32R8VYdXeqorgEFLK1wUpCtOxQR280A0VxHkq2QWW6qtlW11WxQW2Syvy7K4N8kEYBV7WlXNbbVXAIACuie+CRkkTiyRpuHA7K26EoOsoeLQWH7fE4y31ezY+5baPiPDntuKwRi17OBBXnhF1QA3WWXDjW2PPlOney8RUT83dyyzFo2aLD4lcxiuJz1ryD4IuTGn9Vi0TbQSHqVY8aq2PHjj3Fc+XLPqo7aKllIAlgrs1gCAKXIbX2HmtxgXC+M47IGYPhdZWk84YXOA8ydgEGjDbq4R69fJek0vZdUUwDuI8Ww/DBzhY/7RN/hZoPe4LaQYRwZhTfu6SsxaYfjq5e7Yf8A/Wz9XFB5TTUc9TL3dPFJNJ+SNpcfgF02G8BY3UlrqinbQxEXz1Tg3TyaNV3DuIHQxd1h1NT0UI2jp2CMfJaqoxaeVxzSkk7gHVBSj4HwekIdiNfLUuG7Yh3bfjqT8luqV2DYWLYdQU8bh+PJmd8StHBDV1TvAx5vzKzDRQ0jc2IVMcX8Jd4vgNUGylxyaX2SSPVWxOqJzcg2PVax+N4fTttR0stQ8fif4B/P6KKCXiDiKcUuF0sshdtFSRE/E7++6DaVFdS0g/pE7SR+FpWsl4ifLI2HD4HOkcbNDWF7nen+V16Hwn2CYpXFk/ElUygiOpijIkmPv9kfNe28JcB8P8KMH7poGCotY1Evjld/eO3oLIPFOD+yLiHiB0VZxNUPwujNnCLR9Q4enss+vkvcuFODsE4WgyYPQsjlIs+of45ZPMvOvu28l0Q2RAGyIiAiIgIiICIiAiIgIiICIiAiIgIiICIiAiIgIiICIiAiIgIiICJdLoCKl0QHAFpB2Oi+EuPab93cZ1UWXK2Gte0DoA82+S+7Dsvjj9oWhNJx/ipDcoke2ZvvaP1ug4/iR8kTCWHUndaXA6KoxnEm07aoU4yOkfJJmLWtaCXEgb6Arf42w1GHtkaL5mNfbroudw6qOH1UM5s/KxzSwkgG99Dblqg6dnA1YGxmbFe6JYHvBiccvgL3A+bRb1uFezgKdzR32KvYQYQ4d0btL2l5b5FrBmPwV8vGNEXva9rpGOsx1me00kOeBfbMQ0eQCq/jemmLhNDK9skjpZQItH5vaHwAA6a9UEY7PHPlbEMVkMpjY4gstlc8Nyt3vu9gPqemsDeBWFxP7ykdF3pjDwG6NHiLiL6DKHH+6smbjlzw98cVQJ35nOe2NoAe5xOYA72AYAD+W+6hfxm0wSRx01XFCXtYMj2gtjyua5oNt3Zjf3ILxwBTtli72vmsX2kaG5nNYCWudoNdWSfBRN4HpWimDpasyyd47KI7BzW5xoTbUlh082rFruLZqvvBLTPLpXEuDpXeEEk2ZYjKPE/ruoari2omdO59BAXVE/fSXBIIDg4MA5C4cdPzFBuYeEMHc2L7yZvezE97JI0CGHPkvI29x7cRv5qRnDeFSwuFDRtfVVMZNPA+ZziG90XCQEDXxxyNt5rm5+KMUqWVI7ljXVBAkexrWlzRksw2Hsju2nrpuk/EeM1E9Q+RxBmtp3hAY0Pc8NZY+Ft3uFhyNkHeR4XgsNTHU0eHQmkdKWUbnU5ObLPHI4y5j/sZS245NC0uPYfTNp5YIoxHkIY25ZZzoy9j5G25EsHxXLCvxEvaXTwRlkH2fxPHsZMlj/d3WJVVUhe1slUJWxg27s+EXNzZBg1bA2UEaBwuoNLKWV/euzEWHJR2QWbK1wV5F1QhBGBfdVLdNFcAiC2yrbqrgFWyCyw80sr7KtkEVuqrlV+VXEILALJZXkJbRBbZUsrwFUhBaB1VVUC6qGILLJZTNiLtgpW07r6tOqDFyk8kDCdgunwfg3HMYc1uG4VW1IdsWRG3x2XZ4b2QYmHA4xX4fhTPySSiST/Ay5QeZQxFkQaDc76KSKjlmI7theSbAMGY/AL6Awngng3BIR9ow6u4hqwL5qiT7ND8L3IXRUlTjUUfd8M4TgWAw2sH08bXSAf2tyUHh2B9lnFuLtEkWCVUFPa5nrLU7AOt3W0+K6Sn7NuHcJIPFPFMJe3elwpvfP8AQvOi7TGsFqKk9/xTxPPLzs6SwHoCVy9biPCGFjJSxSV8w530+KDJparhLCrDhnhJtTM32arFHGdw8w32Qo8V4j4gxGIxVVW6CkG0MVo4x6NbYKOi/wBJ+I7NwDA5I4Ts6OLQj+0dF0OGdjHFOJuD8XqI6aM6kPkuR7gg87qJ4Wn7yYyO6A3VsEVVWPy0lK8g8yCvoDA+xHDqMA1lYZHg/gj/AJrrqbs44cjjDJqWSoaNhJK4N+DbA+9B8ufupsRH7yroo3H/AFTDmefKwWxo8Mqjb90cP4hWOO0j4H5fkF9Y4dgOEYYLYfhlFTecUDWk++11shpoNB5IPk+HgPj3FiGtw6ppYT+G7YWj11ut/gvYJjE8mbFq+kpGE+LuyZXn5AfVfSKqg80wDsY4WwvK+qhmxGUbmofZt/7IsvQaDD6TDoBBQUsNNCPwQsDB8AspEAaKt1REFbpdURBW6XVEQVuioiCqJdLoCJdLoCJdEBERAREQEREBERAREQEREBEul0BCqIgXREQERUugqipdLoKoqIgqV8zftTUGXHqKpa3SelsT5tdb9V9L7Lxj9pvDnVPDGG1jGC0E7mPd0Dm6fMIPnjDX9/gtO5wuWgsI9CsGamiL7mNp9Qp+HXl1NVwH8Dw4D1V1Q2zkGskYxgs1oHuWLK820KzZgsOUaoMV73cioi9291K8KFwQWEut5Kxzj1KvIVjggjNyVLDa97KwDVSRDX3oMaRxMjtTuqBXSttIfVVY26ANAqHZSBlxcJkKCKxsDyOioQpSLeitA96CyyWV9ktrZBZZVAV1tbK8BBYB5KuVStaemiuyX8kEICELe4XwrjmLW/duD4hVA84adzh8bWXUU3ZJxKWh2Iw0WFMIuTiFYyK3uBJQecjmrmtLiA0L1KPs/wCHKNl8Z4yosw9pmHQOnPuJsFPHTdnWGjwU2PY1IOc0jKdp9zboPKREb2sb9FtsL4YxrFXhuHYRXVJO3dwOI+Nl6VT8d0GEH/8ALvCGD0LxoJZGunf7y5Y+Jdp/GOItMb8XNPF/s6doYAPcgwMN7GOLahofW0tNhkPN9bUMZYdcoN/kt0zsv4ZwxodxBxzQxyDeKjjzu9ASf0XIzYhWVji6uqaurdz7yRx+qiY1gdoyMO6E3PwCDu4KXswoD91T43jUrfz/AHbD8LLMZx1RYY3Lw9whhVHbRstQ3vHhcthGEY5iByYbhtZNf/ZwED4ldfhnZBxbiJD6iCnomH8VRLc/AINBi3aBxHiGaOpxQxwnQw07AxoHSwWh/ele0kR1EjQd7yZbr3HBuwelZldjOLyynmynYGj4813uCdm3C2DkOgwyOWUfjn8Zv1QfLeHYbi+Jzf0WKuqnu/DTscbn+0V6LgHZ3x1NB3dLDDg0Els0k8t5D62uV9GwxRQMDII2RMH4WNDR8Ar7oPGcM7CKSV4m4jxqrrZDq6OLwtP943P0XoGA9nvCuBZHUGDU3es2lmb3j/i5dPmTMgua0MblaA1o2AFgqiw6KzMmZBeq3Vl0ugvul1ZdVuguul1bdLoLrpdW3S6C5VVl1W6C5Lq26XQXXS6tVboLrpdW3S6C5FREFUVEugqiXRAVbqiIK3RURBVFS6rdAREQEREBLql0QEREBEKogrdUREBFQqiCt0uqXVEFUuqKiC6653j/AAL/AEl4SxDDBl72Vl4i7YPGo/l710C1XFElRFw5iUlG5zahkDnMc3cEC9x7roPiF0U+CcRzUdfE+GUkxSMcLFrrqesaQ4rZcTCTHsVdJMHvrpXDxD8RPPyKkdwfxCyMZ4I5LD8UoDkHMTeSw5m7rpKjhrGWE5sNnPmwtd+q11Rg2Jsvmw6rB/3RQaJ4UTgts/Ca7Y0VUD/uXfyUDsNrL2+x1P8A9J38kGsc1RkaLb/uivf7FFVO9IipG8N4tJ7GG1VupZZBorKaMDRbxvCGMv2onN/tva39VNHwdiumcUsX9qoag5ipb96bbKxgIXd0vAc1Q9omxGlbfcRsfIfoAfitoez/AAeiP/amPTsHSOjaHfB0iDzWO7eSufY+yvSocD4HhsJZOJKsg7x9zED8Q5bqnpeB4wBTcIYrWv61OJOaPeGiyDxnI47gq6KB0r8sQzu/KzU/AL2h2LYfREfu3gPh6AjZ9Q187h73FQy8dcRRNLaOXC8OYNm0dJFGR77XQecYbwTxJihH7vwHE57820zgD7yAuhp+yLiogHEKWkwtvWvq44vlclZeJ8VcRVzSKziHEZ2HdvfOA+C0RcZCTJ30zjzcSfqg3LOznDKUf9rcZ4NE4HVlG19Q4fAAKaPAeAKMffYlxBijh/sYWUzSfV1ytE1sp1bCAANrgBXNZK0gARZ3CwbcOKDo4avhGkuKDg5lSeT8RrXyn3huULMbxpX0TWjCcNwXCx+E0tEwOH951ytdgPCGP40f6HAWM/PIC0fTVdjQdi+M1ADq2uDB+VjP1cQg4vEuNOI68EVeOVhadMolLB8G2XPTTulJMkj5Xnckkk/Fe+Yd2H4dGWuqqqaU8w6S3yA/VdNRdk3DFOB3lKJHA72/ndB8t+N7QBG0WO7isuhwisrJMtNDPK48oYnOPyC+uKHgnhmit3ODUd+rowVvaeCCmYGU0MUTBsI2BoHwQfK+E9lvE2I5XswuSNh/FUPDLeo3XaYT2GVzwDiGIU9N/DE3N8170X33TOg80wzsW4dprGulqa09Huyj5LssJ4N4dwkD7BhFJGepZc/NbnvEzoJ48sbQ2NrWNHJosFdn1WPnTOgyc6Z1jZ/NM6DJzBMwWPnTOgyMwVQ4LHzpnQZGZVzLGzKocgyMyZlBmVQ5BPdMyhDlXMgmv5oDqosyqCglzKt1GCgKCS6XVl0ugkul1YCq3QXXVbqxVuguuq+9WpdBcitVboLkVoKqCguRW3uqoK3S6oqoK3RUVUBERAVVREFUQIgoiIgIURyCiIiChS6KiAVRCiBdUREFCioiAVQ6gggEHQgohQeI9ofZbVU+IjHOEIxK5r+8fQ3sQb3JZ1Hlv0WgZj9OZTBXskoKwaPgqmmNwPv3X0YsWvw+jxGLusQpKeqj/LNE14+BCDwjvo3tuCCDqCFE98dl6xU9nnC07i4YSyFx508r4vkDb5LWSdlmD69xW4pF6zNeB8W3+aDy2aVovYrDkqf4iPevUJOyeBzhkxqqaLWs6BjvncLHPZHGbXx2c9f6I3/7kHlstWfzO9brEdUi/ik0Xrw7IKXXPjNSb7Wp2/8A3KVnZBhOne19Y/rZrW/zQeMGppde8nP90LMpsSwWnIM2aQ/2V7HH2S8Nt1ea6T1mAHyCzIezPhSJoDsN73zkmeT8iEHimKcT0cmHPp8JP2aV1gX93bRcPJJM6UvfLHIQb3N7n3r6vh4G4YhILMEorj87C76krPpsAwakdelwnDoXdY6ZjT8gg+SYqyV7rxwvmdf8Ic73aLcwU3E1VGG0WBYlkds6Ojfb/EQvq1rGxizGtaPIWS5vug+XYOz/AIzrCM2C1TWu/FNPGwe8Xv8AJbek7HeJ5nAVDcLp29XzueR7gB9V9ElUQeJ0fYjUk/03Hadg6U9KSfi4lbuj7F8Dj/77iOJ1Z6BzYh/wheoEqiDjKLsv4OpGgHB2VJ/NUyOkP1XR0OB4TQtDaPDKKEDbJA2499rrPRBeHWAA2HJMyjul0F+ZM/moyVS6CXOmdRIglzFMxUSIJcyZ/NRIglzearm81Fcqt0EmdVzeaiul0Eocq51EgQS51UOUSqCglDlXMorqt0Eocq5lGFUIJQ5XByiCqEEoKuBUYVwQSAqoKsVwQXAqoKtVUFwKqrVUIK3VVRAguuipZEF10VFUIKoERBVVCogQVVQqIguREQAqqgVUBERAVVRVQUREQEKIgoiFEFCqK5EFhRXFUsgtRVSyC2yorrKlkFpCK6yFBYUVxCpZBbZUVxCWQW2VCNVfZUsgsVLK+ypZBGQrSFLlVMqCEhWlqny6q0tQQZVaWrILVTIgx8qoQsgsVCxBBlVuVZGRMiDGt5JlWRlVMiDHypbyWR3aZEGPlVC1ZPdqnd+SDGyplWT3fkndoMbKmVZPdp3aDGyplWT3ad2gx8qrlU/dqvdoMe3kq5VPkTIggyqoap+7QMQQZVUNU+RAxBCGqoapsqZEEVlWymDVUMQRgKoapMqrlQWAK4BXBquyoLbKoCusqgILQFWyusqgILQFVXAJZBRVVbJZBRVsq2SyCiqAqpZAQIFVAVQgCICqEsiCqIlkAKqIgIiICKoRAVFVEFESyICFEQURVRBbZLKtkQUVLK5UsgtslldZLILLJZXJZBaQqWV9ksgssqEK+yWQWWSyvsqWQWWVLKSyWQR2VMqkypZBGWqhapbJZBCWqmVT2VCEEJaqZFPlVC1BDkTIpsqZUEGRUyLIyqmVBBkTIp8qZUEGRMinyplQQZEyKfKmVBBkumRT5UyoIMiZFPlTKggyJkU+VMqCDImRT5UDUEIYq5FNlTKghyIGKbKmVBDkVQxShqrlQRZEyqWyrZBFlTKpbKuVBFlVcqkypZBYGpZX2SyC2yWV1lUBBaAlldZLILbKtldZLILbKtlWyqgtslldZLIKWVQiqgoiqlkBFVEFLKqIgIiICqERAREQEREBERAKoqogoiqlkFLoq2SyCiWVbJZBSypZVRBSyWVUQUsqWVyILbJZXWSyC2yWV1ksgtslldZLILbJZXWSyCyyWV1ksgtslldZLILbKhCvslkFmVMqvslkFmVMquslkFuVLK6yWQW5Uyq6yWQWZUyq+yWQWZUyq+yWQWZUyq+yWQW5Uyq6yWQW5Uyq6yWQW2SyuslkFuVAFdZVsgtslldZLILbJZXWSyC2yrZVsq2QW2SyrZLIKWSyuslkFoCWV1ksgtslldZEFtlWyuVEFLJZVRAslkRAARFWyCiKtksgpdFWyIKWVbIiAiIgIiICIiAiIgIiICIiAiIgIiICIiBZLIiBZLIiBZLIiBZLIiBZLIiBZUVUQURVRBRFVCgoq3VEQVul1REFbqiIgJZEQLJZEQLJZEQLJZEQLJZEQLJZEQLJZEQLJZEQLJZEQBoq3VEQVul1REBERARVRBRFVEFFWyIgWSyIgWSyIgWSyIgWSyIgIiICIiAiIgIiICIiAiIgIiICIiD/2Q==\" data-filename=\"3khjfi.jpg\" style=\"width: 669.5px;\"></div><div style=\"background-repeat: no-repeat;\"><img src=\"data:image/jpeg;base64,/9j/2wBDAAYEBQYFBAYGBQYHBwYIChAKCgkJChQODwwQFxQYGBcUFhYaHSUfGhsjHBYWICwgIyYnKSopGR8tMC0oMCUoKSj/2wBDAQcHBwoIChMKChMoGhYaKCgoKCgoKCgoKCgoKCgoKCgoKCgoKCgoKCgoKCgoKCgoKCgoKCgoKCgoKCgoKCgoKCj/wAARCAK8ArwDASIAAhEBAxEB/8QAHQABAAEFAQEBAAAAAAAAAAAAAAMBAgQFBgcICf/EAFQQAAEDAgMEBgYHBQQHBgQHAAEAAgMEEQUSIQYxQVEHEyJhcZEUMlKBobEIFSNCYsHRJDNDcoIWNJLhJVNjorLC8BdEZHOD0iY1VJMnRlZ0o7Px/8QAGgEBAAMBAQEAAAAAAAAAAAAAAAECAwQFBv/EACwRAQEAAgEDBAICAQMFAAAAAAABAhEDEiExBBNBURQyImEFFZHwBjNxcoH/2gAMAwEAAhEDEQA/APqlERAREQEREBERAREQEREBERAREQEREBERAREQEREBERAREQEREBERAREQEREBERAREQEREBERAREQEREBERAREQEREBERAREQEREBERAREQEREBERAREQEREBERAREQEREBERAREQEREBERAREQEREBERAREQEREBERAREQEREBERAREQEREBERAREQEREBERAREQEREBERAREQEREBERAREQEREBERAREQEREBERAREQEREBERAREQEREBERAREQEREBERAREQEREBERAREQEREBERAREQEREBERAREQEREBERAREQEREBERAREQEREBERAREQEREBERAREQEREBERAREQEREBERAREQEREBERAREQEREBERAREQEREBERAREQEREBERAREQEREBERAREQEREBERAREQEREBERAREQEREBERAREQEREBERAREQEREBERAREQEREBERAREQEREBERAREQEREBERAREQEREBERAREQEREBERAREQEREBERAREQEREBERAREQEREBERAREQEREBERAREQEREBERAREQEREBERAREQEREBERAREQEREBERAREQEREBERAREQEREBERAREQEREBERAREQEREBERAREQEREBERAREQEREBERAREQEREBERAREQEREBERAREQEREBERAREQEREBERAREQEREBERAREQEREBERAREQEREBERAREQEREBERAREQEREBERAREQEREBERAREQEREBERAREQEREBERAREQEREBERAREQEREBERAREQEREBEQ7kBFosa2twDBbjFMYoqZ4F+rdKC//CNVwmL9Omy9GXto2V1c4biyIMYfe4g/BB6wi+c8T+kJXOcRhmC0sTf9vK6Q/wC7ZcriPTftfVF3VVdNStPCGAae83KD62ul/FfFNV0m7Wz3z7QYgAd4bJlHwWnqtrcZqb+kYtXyeNQ/9UH3W6RjPWe1vi6ys9Jh4zRj+sL4JfjdY89uqqD3mVx/NWHFZyf38v8A9w/qg++xNG71ZGHwcFfdfAbMYqWerUzDwlcPzWVBtLiUDgYcRrYyPZqHj80H3mi+IqXpF2ppgBBtBiTRy64kfFbzD+mTbGkA/wBLde0cJ4mPv77IPsFF80Yd9IHGo8grsNw+do3lhexx+JC7HCOn7ApwBiWHV9K7nEWyt+YPwKD2ZFyWCdIuyeMBopMbpGyHQRzu6l9/B1r+5dXG9r2hzHBzTuINwUFyIiAiIgIiICIiAiIgIiICIiAiIgIiICIiAiIgIiICIiAiIgIiICIiAiIgIiICIiAiIgIiICIiAiIgIiICIiAiIgIiICIiAiIgIiICIiAiIgIiICKhcALkiy87206WtnNnDJDBKcTrmj9zSuBa08nP3D4lB6KuY2n262d2aJZiuJwsnAuII/tJD/SN3vsvmzbHpe2lx/rImVQw6jcCOooyWkjvf6x+HgvNp6vUm+86m6D6B2l6fpC18ezuGCMagVFY65twIY38yvLtpOkbaXHHH07GKkMP8KF3UsHub+ZK4Cau32N1iS1T3cUG5krAC4ki51J5nvWJLXsvvv4LUueSbknzVpcg2D6/XRp81A6skJNrBYhcqF6DINRIfvqwyvO9581Dm0VC6yCXOeJPmmc8z5qAyDiQPegkHtDzQT5z7R81USOH3j5rGMg5jzVwffcUGUJnjc4+akbVSA+sCsMOVc3eg2DK1w3jyKnjxBvE2PetTn71UOQb+KvuLXuOXBb/AALa3GMGkY7CsUrKXLubHKcn+E9n4Lgw624+SlZO9u43Heg+h9m+nrGqVzWYzTU2Ixe00dTJ8Lgr1fZfpc2WxzJHJVnDqp2nVVYyi/c/1fiF8VxV1tHAhZ0VZcA3BHmg/QeKRskbXsc1zHC7XNNwR3K5fEeyW3eO7NStdhOIzRRXu6FxzxO8Wn5jVe47HdOuH1oZDtNTegTaD0mC74T3uG9vxHeg9rRY2H19JiFIypoamKpp3+rJE8OafeFkoCIiAiIgIiICIiAiIgIiICIiAiIgIiICIiAiIgIiICIiAiIgIiICIiAiIgIiICIiAiIgIiICIiAiIgIiICIiAiIgIiICIiAiE2GqiqaiGmp5J6iVkMMYzPkkcGtaOZJ3IJbhcft30g4JsfCW10/XV5F46OGxkd48GjvPxXlnSX02G8tBsk8sZq19e4dp3Pq2n/iPuXgdbXz1M0k00j3SSG7pJHFznHmTxQd/t50p49tQXxPnNDhxvalp3WBH43b3fAdy86mqtLC1u7QLBnqWtJFy53eVhSSucdTpyQZU1YSeyfJYkkpf6x9yhL+9WGQc0EhKtLu9RZ8zw1ty4mwAFyVt6TZ+tnIdNlp4z7freSDVFypGHzSBkLHSPP3WC5XZ0uz+HwgF8bqh4+9KdPILbwMjgaGwRsibyY2yDiqfZ3E5wCYGwg8ZXAHyWfHsjKQOuroxzDIyfmuqul/JBpItlsOYB1jqmU8y/L8Ashmz2EtP9zDu9z3FbQKoCDFiwzDomhrKCnAHNl/mrnYdQON3UNMf/TAWSq2QYpw3D/8A6Gm/+2FDLhGGSAh9BB7hY/BbBUsg0z9m8KedIpo/5JSFjzbKUT2/YVFRE78RDwugsqW5IORqNkatmtNUwSjk4FhWsqsGxOmaXS0crmj70fbHw1XoOvNVa8tOmh5oPLQ/tZSbO5Herw/W19V6PW0VJXC1XTxSn2i2zvMLR1uydO5hNBO+J/BkpzN896Dlg9XteRaxIPMKTEMNrsO1q4CWbusabt81iMkBG7TxQbamrYjZtQ10Z/1sWvm3j7ltCyaGmFVG5s9IXZevhOZoPJw3tPcVzIcCOIWTRVdRRVAno53wTWsXMO8ciNxHcUHebJ7X4ts3VtqMGrpKfXtMBzRyfzN3FfQ2wHTRheNmOj2gEeG1zrNbMD9hIfH7h7jp3r5Thq6Kts2dkeHVmgE0YIppT+Nv8M/ibpzCnzz0kxhqG5HjW1wQRzBGhB5jRB+gTXtc0FrgQRcEHeq3XyL0ddKeL7Kujp3PNdhVwDSyu1YOcbvu+G7wX01sftZhO1mHCrwioD7aSQu7MkR5Obw8dxQdAipcXVUBERAREQEREBERAREQEREBERAREQEREBERAREQEREBERAREQEREBERAREQEREBERAREQEREBERAREQEREBERARFze3W2GG7HYKa7E3F0j7sgpmH7Sd9vVaPmdwCDN2m2hw3ZzCZcQxaoEFO3QcXPdwa0cSV8rdJnSZie2U74Iy6kwhp+zpgdHd7z94/AfFaXbja3E9r8VfW4vKMouIaZhPVwN5DmeZ4rk6icC5JsEFJHhpcScx5lauqrC4kMPvUdVUmUkNNmfNYpKCrnkqJzlQuurCUFSb8VkYfQ1FfLkp23aD2nn1WeKvwvD5cQms27YWn7R4+Q5ldpSwx08LIYGNZG3c0IIcLwynw5t4hmmI7UrtSfDkFsQrGq8ILgrgVYFcEF19FcFaFcgqrgrQUugvVVaCl0FyKgKoSEFSiApdAIVparrqqCOyK8q0hA3gh1iDvBFx5LQYvs7BU5pKQdTKdbDcfct+qEIPM6mmmpZOrnaWHhyKta5d/ieHxVsRa9oJK4jEaCWhkOa5jv63LxQRtd7+Cy6ereyIRO7cQN2tP3DzaeHyWva5SNPJBuqaoBsWldHs3tDX4DiUVfhdU+mqo90jdxHsuG4jmCuGY8tIINiFs6WqzdzuSD7K6L+k+h2uiio63q6TGg3WEHsT2Groz827x3r0gG6+BKGrkp5WSwSOZIxwe1zTlLXDcQeBHNfTfQ90qR48IsH2gkazFfVhqDYCp7jyf8D4oPYEVA65tZVQEREBERAREQEREBERAREQEREBERAREQEREBERAREQEREBERAREQEREBERAREQEREBERAREQEREBERARFj19XDQ0c1VVSNip4WF8j3GwaALlBp9tdqaHZLApcSxAl1uxDC3R00hBsweWp4DVfIW2G0uI7T4zPiWLTB8z9GMb6kLL6MZyHfvJ1K2/SftpPtjj76pxdHh8N46SE6ZWe0R7Tt59w4LgKuo32OqBVVAa062WjqJzK7f2eSrVzmR9tcoWK4+HvQVc9RFyG9r205qO99yCpPcs3C8PfXz21bA09t/wCQ71jUlPJV1DYIB23ceQ5rt8Po46SnZFD6rdb8zzQX00DIImRxMDGN3ALJa1VY3uUrWoLQ1XhquDVIGoIsqqApLJZBZZU1V5CoTZBRUJsrXPUbngIJC5WmS3FQmQ8FGSgyeuIVRNzWLdLoMwShXh91gglXseUGaCrgVjsep2uBQXpZL6hSiyCLKqWUxCpZBCW8Vg4lRNqYj2QXW1B4rZlqsLUHmmI0TqOUkX6onfy7isdrtV3OO0Akhc9oFrWcFw9TCaaYsNy3geYQXtcOO9XtcWkEb+aspR1lRGy2YE6i3BbCpw5zG56fNIzi22oQSUlVmFibOC3FHUEOaWuLXggtcDYgjdquWBLT2TqCtjSVF7a6jRB9c9CvSWNoYY8FxuUfXETfsZXaelMA/wCMDfz3816203XwTh1bJBNFLDK+GaN4fHKx1nMcNzgeYX170TbcM2ywEGoyMxemsyqjboHcpG/hPwNwg7pECICIiAiIgIiICIiAiIgIiICIiAiIgIiICIiAiIgIiICIiAiIgIiICIiAiIgIiICIiAiIgIiICIiAvAPpDbcslLtlsNcHMY4PrpQdMw1bEPm7y529V6SdqGbJ7K1WIAtNUfsqZh+9Kd3uG8+C+MsUq3yySSTSOkkkcXPeTq5xNyUGJWT23LTVc9rgHtFSVM2pN1riXSyWYLvcdBzQWk8BqSs+noMozTi7j93l4rJpKNtMM0hDpvg1XvcgwcQYDTuDGgW10WoLuK3ch1WvZHDBXQPmBdT5xcBB0mz1B6LSB8g+2lGY9w4BbxgUbRrqsiNqC5rVM0Ixuqla1BaGqtlfZLILLK0hSEKJ5sbILXFRPcqvdZQOcboKPcoiVc4qNyBdUuqEq26C+6BWA6q4ILwVc3RWAq4FBI11lMx6xwVeCgzWOuFM1ywo3WWQxyDICqArWlSBBSytIUllQhBjvYHNII0Oi4naKiLHyNA7Te03vC7twWg2lhORkwG7QnuQchhDSHmY3tbK1buGS3FayHKwZWaNWTG+yDIq8Pjqhniyxz/B3itM5klNOWStLHje0/Nb2CTvWRNTw1kIjnG7c8b2oNXTTkHeu46PtqqnZjaGkxOku7qzkmi/1sR9ZvjxHeF57PBNRT9VML8WvG5w/wCuCzqGoLXAHdxQfoHhVfT4phtNXUUglpaiNssbxxaRcLKXgX0cNr/32zdZKA1156TMeP32D/iHvXvoQEREBERAREQEREBERAREQEREBERAREQEREBERAREQEREBERAREQEREBERAREQEREBERAREQERabbHG4tnNmcRxaa1qaEuaD9550a33uICD53+kNtT9abU/VsEhNJhg6sgbjMfXPuFm+a8RrJyXHVbLGa2WpnmnqZDJPK4ySPP3nE3J8yucnku7Xcgimc57g1oJcdwHFbmjpG0cd32M7vWPLuCphNEI2ekyi8rvVB+6Ofipp3b0EUr9VjPcr5Csd7rFBa911jzND2FrhcFXvKjJQdTs7P19C1jnEyw9l1/gVuoxuXA0VbLQ1Amh1O5zCdHjkV3eHVDKukhqI9GSDcd4PEIMxoUgVjSLqQFBVCl1a4oLXFY8jlfI5Y7ygse5RuKq4qwnVBRyjcr3ODW3cQBzK3WBbH7RbQWOEYNVTR/wCue3q4h/U6wVuyPLQG6pYr0FnRlVQNJxzaTZrCSDqyWrEjvIW+aq3YvZVmlR0i4XnG/qqYuHndOyXn1lUL0EbC7OTnLQ9IuCuedwqIurv5uVJuijHpC44LXYJjEdr3pKwBx/pP6p2Hn91cCs7G8CxfApSzGsNq6Eg75YzkP9Y0PmteNdRqFGhIDqrwVCCpGlQJ2lStdZY7SpWlBmMcpWFYrCpmFBkN1CFWtPBVKC1y5/a+qEFHHTjWSY3Ou5o/Vb6eVkML5ZTZjBmJvb3LzKtq31tXNUSaGRxdbkOAQXMfuWQx+iwWuWRG7RBnwvWdA+9lqmO3LLhfuQbSSGOsgMMw03gje08wufmhloqgxS7xqHcHDmFvIX66KatpW19L1eglGsTuR5HuKCzZrFp8Or6arpJOrqaeRssTuTgf+gvuDZDHINo9nKHFKUjJURglvsO3OafA3C+AaWR0Upa/suabEHgeS+h/o17X9RiM2z1XJ9jWXlprnRsoHab3ZgL+IKD6PRBuRAREQEREBERAREQEREBERAREQEREBERAREQEREBERAREQEREBERAREQEREBERAREQEREBfP/ANJnajtUeztNJo21VUgc9RG35n3he8YhVQ0NFUVVU8MggjdJI48GgXK+HNtcdmx3HK7FKk3kqpTJbk3c0d1gAg5evm1IuCOajwuk9KnL5P3MZ17zwCx5C+WUNZq5xAA7yuihgbSUrIWfdGp5nigtnfyt5LAmdqdVkTvWFI5BG9ygeVe8qFx1QWuKjKucVGUAlbDBMWkw2pbnLnUjj9pH/wAw71rbq0nVB6fS1EVVTsnp5BJE7c8cf8+5T3uvNsIxWXCqgyMb1kRBDoi4gHvHIr0KOVr4mSRkFj2hwIN7hBPmUb3q0vUL3oKvddQuKOcoydUAlbLZzAq7aHEH0uHNjAiZ1tRUTOyQ00Y3vkdwGh7ytTK/Ixz7Xygut4L33ZbZelmqMI2ScAcLpaCLGcXaNDX1EhtGx/ONticu42aEGp2G2Sila2bZHDKfE3jftDjbD6KTx9FgGrhycbDvK9GdsFDWdvarHsVxkkdqB9QKam90UdrDxJWT0okxdHeMiImMMhaG5OzlAe2wFty8CwmOjnwHFpaygxStq4rGCogc4xQafxNea5ef1Xs5zDW+230P+K/wX+oenvPc9ay6dSb+u/ez7fRFLspsrhTWvp8DwamG5sjoI7n+p29bKOfC47NZLhzOADXRhfPlSP8A8F4S+tZVH63aeqBJNP2D2Dfdffy1U2w2z1HW0GH1suyuM18/XAmrppmtiJD9DY66cfBZT1uWWUxmPmb/AOajsy/6a4+Piz5eTlv8crj4k8f+2U/54298qIsKqZDT1MeGzSE5TFI2NxJ5ZTqtJiGweyVSc82B4fTSE6TUw9GeD3OYQbryN7Wjp99VpP1rvy/hXdfSA02NpHHQivZa/gVrj6q3DPLX6uPl/wAFMPU+n9POT/u4y7143/8Ae7Zz7J4zQ0z2bO7RPraZw7WH48PS4Ht5CQdtvxXmO0Ww+HYxiLqGkoDsptY4F0eHTyA0WIWGpp5Bpfu0I4ttqvUeh0l3RxhF9f3m/wDnK3+0uAUO02EyYbiTDkf2opWdmSCQerIx29rgbFdPHl14TL7eN6vg/G58+De+m2f7XT43rKapoayakrqeSmq4HFksMgs5juRHx8FY0r1DpKp5Mc2Dw3aavDPr3D6x+DYlKxthUFji0P8AG4B/qIXlYcr1zpw5TNKxQVI1yqMxhUrXLEa5StcgzGu1V4ddYjXrX7QYwMLors1qpQWxDl+I9wQabbXFDLU/V0RIihN5fxP5eAXMtKsLi5xc8lz3G5cTck80BQZDXcFKx3BYzXKVpQZsblkxu3LAjcsmNyDZwv3LYQPtbVamB/NZ8DkEW0FGHNbXQjUdmYD4OV2zmIzUVbT1VM/q6iGRskbx91zTcfFbWmLXtMcovG8ZXDmCuZMT8Pr5Kd51adDe1xwPkg+9tjMeh2l2aoMVgyj0iMF7AfUfuc33G/ust0vnz6M20n21ZgEz+xK01UFz94WDwPdYr6DG5AREQEREBERAREQEREBERAREQEREBERAREQEREBERAREQEREBERAREQEREBERAREQERCbIPKvpFY99V7FDDo3WmxOTqna69U3tP89B718i4pLdxvvJXsH0h8e+tNuKimjkzQYextMADpm3v99zb3LxCtkLnmyDOwCnElQ+d47MWje9xWzqHb1fSw+iUEURsHAZneJ3rFncgxpXLFedVLKbrHeUFjyoXFXuKicUFpKsJVSVYgoTqrbqpKsJQVJ0XQbIYn1Eww+UExzPvEb6MdbUeBXOkrMwWidWVg7RZFEQ57gde4DvKDv3yADfZQOe617ad+i0WM456NIYKUB9STa9swaeQHE9y7PZzoR2u2jpGV+OVtLgtPK0PjbXyHrHA/gB7I8UGm60OvlIPgbqnWXvyXS439H7aXCad1VhNdS4qGjMWUjjHJbf2Q42d7ivPKOtqYaoU1eL3cWNeW2c1w3tcOB7jYoN4+zmlrvVcLFe0bFbWSv+rdocOidW1+HUDcMxzDYheeWmabx1UI+/l4jvIXiWYqSjq6ihq4qqhqJqaqiOaOaF+V7D3EKYPryvlw/pC2HrYNn8Tp5oatgZ1ze11RuCQ9u9p0tYrj8O6KsToqGqo4dqn09JVD9oihprCTS2uvJeUYZtxQVFaKraLDqqmxQ2DsawGb0Wod3yRjsSHvK9HwHbmtnfGzB+kDAcUJFxTY9ROopvDrG2BPfZZcnp+Pky6sp3ej6T/Leq9JxXh4cpMbd95L37fcv06GPonoY9lpMGbic4dLVMqZKjqm3OVpDWht7Aa96iw7ooOHmFtPtTi7IYnh4hZ2WHW9rA8VmUe1+1UsnVM2XwfEJBvOH49Eb99ngFbA7SbUNbd+wOIX5MxKmd+ap+Jw9r0+G3+vf5DVl5N7u72x8/7NRjvRRTYttDV4w3Gq2lqJ5uuAiY37N1raHepKro0NXs5NhNZtHiFUx9SypE87c7mZWkZRc7je62P9pdrJNIej6sB5zYpTsHwutfXbSbXMaTU0Wymz7Be8mI4oZy3vysAB81P43Fu3XlSf5v18mOPufrrXbHtrx8I9n+jvFsFqKNlBthX+gwSte6kEZDHtvdzbA2AK2m0m2bsMqX4PhEUOMbVSvcKagpLlsLT6r6h1/s2jeb79wC8zx/bbCnRPGPbfYhjY/wDoNnqb0SJx5Ol32/qXC4l0iVTKGTDNkaCDZnCpB9oKU5qmbvfMdb/HvV+Pjx45rFy+r9bzesymfNd3/wASf76k233ShX0uDbN4XsTR1rMQraed9fi9Wz1XVLyXWHfmcTbgAF5jm1UOawsL7yeZJ5+Kiq6ltNAZXDNrlaAbXKu5WYHHkSgl1toT3Fb3Y3ot2g2zoGV9bPDhGGSjNFPOXAyN/BGLG34nWW8rvo+M6p31LtlRz1wvliqIjGHEcA4H4oOMZL4jxWQyS+5c9jNFjux2LuwraeklilAuMxuHN9pjtzh8VsqeYOALXAtIuCOKDZPnZFG6SV2WNgzOdyC8+xWtdiFdJUOzAHssB+63gFvdq6tzKKKmb/GN3nuHBcvdBVBvVLoguaVO06LHCkYUGQwrJjO5YbSsiJ25BsIXarOhO5ayI7rLNidoEG3p32I4qDaeAyUsFW0C8RyPPMHd5FWwP3LbRRsqYJIJRdkrS0jx3fGyCLYHHZMD2gw/EojrTTNkLb2u29nD3glfctLUR1NLDUQODopWB7HDiCLhfnthrnwzujkuHMdYjvB1X2R0D459cbBU8MkueegeaZ19+Qas+Bt7kHoyIEQEREBERAREQEREBERAREQEREBERAREQEREBERAREQEREBERAREQEREBERAREQFh4xXR4ZhdXXTfu6aF0ru8NF7fBZi856fMWOGdHlXExwElbIylHPKTd1vcEHyVtJXyVtZU1cxJkne6Vx5lxv+a0mFQ+k4pECLsYS93u/zU+LyZnEcysnZyHJSzVLt8hyt8B/mgzayS5JJWonqGCXJm7XG3BZGJTiNjnXAsNCVvNjNiHYq2KuxQPjppLujhLrPl5HuCDnZYS1gdmadMxAOoHNYcuhXoW2exlLhuDSYxhjp4ZKOqjpa2lkfnBjlBDHtPCzhlI1vcFeeTG6CByicpHKI70FpKjJV5UZQWkq0q46GytKC1xsLrq4w2gwYmEBrmx5yebiN65N+jT4LsYmCpoY2uF2vjaCPcg6joR2dElXTY9UBjqgP62B0guGNadX+JPwBXp2J4/U12JPtI9jXdp0jheVwG85ToxtiCM3AHRaboqkp5sFpKB0jYo6mkfTNO4CRriCCRqPAam6q+B+H176OrpxBICCw5Ltbl3OsLgg3cLkn1u5B2WyuN1Hpfo+Y3YC5oto8NsHt7xqHh2m/RebfSVwmjpsUwvG6RjI5cUbJHUtaLZ5YgCyX+YjQ87LpTXtwSjnxWqLojHCfRGvHblcOyLX3gAkEn7oG6y8u6S5sUrP7P0+LVclRWSweluif/wB3bIewDyLmgu8CEGsa7M1rjxaD8FQuVHWa0NHDRRFyCQkFHBrtHgOB4EXUJdqnWEJsXMjijfmjjYx3NgynzCnbVTt3VVWPCpk/9ywy8kq0u70Ge+tqHAB1XVkDgaiQ/msVzWPcHPY17gbhz+0fMqEPuq50Exd3pm5KHNdVvvQTZrLO2Xw2nxzpA2dwuva59JPUN6yMbnss5zh7w0DwJWtBuNCsrB5IqTaXBa6qqJKaliqGtnmjNnwsOmcHuvf3IPoTbPFpOp6yPJqerhiI7DXNF/V3GwsA3cuZhxqvAYZnelMkDWPhLbxuF7CzbaXdrv1Itv0GPQGQVU+zmLTRsxMTu6meYmxO7Lc8HA3H82qyMTpJcPmdBLTvZdryRlLgSCfc7S1vLuQU6Q4otrtk6T0prmysvHCXG7oX8C0+zfTwPMFeHbOyu6qWmlsHwutYcNdfivfcWppcK2UdDUxvZPVzMkyuI7EYAs4gbuJsdddV4ZQwxOfNWw/94mlcP5Q6wQa/aogzUp45HD4rRrc7TOvUQNJBysJI8StMQgXVeKpZEFbq5pVtyqt3IJ2lTx2uFjMN1PGUGwpmOke1sYLnO0ACvkqI4JMpkY+xsSxwdZbzYDBYNoto6PCqyV8NHO8uqpGGzmwRtMkmU8CbBt+F7r0KbCcDxOn6qPB8Np6Oc/ZQRNDXxjhY7xYC5ceKDzCmlDrFpuDuW5oZNRYrU49gk+zGM+iyFz6KckwSO3i33T3hZdHJqEGJtHC2mxhs8ejKluc/zbj+S9p+jLjYptpKrDHusyugzMH42a/8JcvJNpoTNg8czRrTyBxP4TofyWx6M8YOD7U4TXg6RVDC4X3tJykeRQfcQ3IqNtlFtyqgIiICIiAiIgIiICIiAiIgIiICIiAiIgIiICIiAiIgIiICIiAiIgIiICIiAiIUAr57+lDiZNbhGGtf2Y4n1D297jlHwDl9Br5B6e8SdW9IWLa3ZTltO3uDWi/xJQeR4jJeQ2XSxx+jYfTw6XawX8d65mFnpOJQR+3IB+a6ivdcutuQWbJ4VHtBtvhmHVbgyiDuuqXu3CNupv3HRemS1dHXY6auOIMo9WRtkJHVtDgA0/G/i0rj+idzItrKuWUXYYCwn2eIK6ihwueCUGrlinMbiI44j2XnjfluGvcgxekutkiwXF444HCKtqoIHuvdsZYTJv5m3zXkEp1K7/pLx5lV1GE0NQJaOmd1krmHsz1JHbf/AEjsDwPNeeyHVBE4qIlXOKjJQWuOqsKucVY5wA1IQUO9BvRt3eq1zv5WkqeGiqpT2Kad3hGUGO4c10ezVWH0YYTd8Rynw4LA+osTc3N6DM0c3WaPiVSjwvFaOcPYIIzxa6oZYjvQd7s7jJwCsdJJTzVeETyCWVkIzSU8nF7RxB0uF0LOlOop8Mka3GqOoIcWxGWEZ2svpcaa+5cVS9aztekU8LwO0GyXt5BZTZ2SG/p9EXb7iO5HwQY+IY7iu0M8khlnqpXNLPSJgWxxt46mw9wWOIxCXvkqJKupkt1lRKbudYWAHcNymmqaWVwbPihd/LC429yxHvoy42q6l/e2ldqgtkdqoXOU37GQLyV5vypSj24eHC8uIhv4YWj5lBjlwvoVa53Z1VJBhed2euxQN4AdW0rEfDs4TeWqxx542dGgm9IiBsZYx/UsaWtjY+xkaR3FZNNQbKTZ7SY22wvdxi1KrBBs1F1jOuxmx0LSyIoKRvBaH3AB1BJ3qkkoDczXBwvbsm9lEaXZcvDesxstPMx/JWej7MjQVGMtHE/Z/JBkslYBcvaAd1ypg7etd6Ns3lBbV4uD3tYbLLpafBiQIsZxUHk6mY780E7XWOgWSxzS0h4a9h0cx25w5FDT4YGAjFqo+NAfjYq4RYaACMZc0/jonj5FBnurpvQ2wGOWsp4x9mQ688I4NIPrtHA7xouo2Y6Q/q+ikpq7GahhYyzGTxlxB4AcQuOijoi9rYcZppJOA6qRpU75Q12V+KUpOnr3+ZCDpNs9sptosIp8OwlkscckYFbidQMpfzETTr7yuVayOGJkUTcsbGhjW9wUroppZLNqaWV5/wBuL/FWOoavgyI25TNQcnjcjZMQeW/dAafFYHcFuKnAcWMz3fV87wXE5mFrgR7isKWgrIjaWkqWHvid+iDERXyRuiH2gLf5hb5qMG+4iyCoVeCtVb23oJWFTsOoWM1TMKDqtkMZkwPFI62MMdeOWneHDe2VmU+B3art6DrZ4cLdDJk6ls0Uj2tGcOJB1O8sDRmtuJAXldOQ9pY7cdL8u9djsfjb6cujqC4XtHNkOunqv7xzHFB0W1VI7Ftk8QM0sxqaKQSRsebhjrXIJt6/A+0STwXE0EmdrXDXMAbr1PIyLBMYMk0VUyopiXysaQ2wvlBvuNyXX33K8kwq4p4r3uGjeEHUQxel0c1OT+9jLB420+K5fA3FrshNng5fArpsMkyvaeRBXNzx+ibQVkLTp1hcD46/mg+6dg8TOL7G4PXH1pqZhdr94Cx+IW+Xl30d8S9N2CMBJLqSpfHrydZ4/wCJentcHDskEcwguREQEREBERAREQEREBERAREQEREBERAREQEREBERAREQEREBERAREQEREBWyODGFzjZoFyeQVy5XpTxM4R0f43VMeWSejmKNwOoc/sj5oK9HeNTY9s19a1Moc2eondGQAA2ISEMt3ZQD718a7b4gcQxvE60k/tNRLL/icSPgV9RdG9SMO6CYau4AjoZ5R7s1vyXyJjchOa51KDH2dZ1uMMeRpG1z7+6wW7rDqtZsm37Wrk5Nawed1un0FROMwZkZ7chsP1Qa2hxKtwmu9Lw17WVAA9cXadeI79Qs3HtscXxiAwy+j0EDtHtpC7NIOWY6geCr9WU7LmeZ8luDBlHnvVAIIB9jTRA+04ZifNBz7YZZWgU8D3Mbp2GaAK76rq3XLmMZbfnetzPUzP0c91uW4LEkcbk66oMAYUBYzVUbe4C6GipGD15ZT5BTuJ5KNwudfNBF1VK0dmmBPDOcyk9KZCPsKWnj78tyonrHkN9EGScVq7ENeGg+y2yjdidW6+ed7gd9ysYjRWWKCV873BxJ1I5rXuu86m4WYQQ0+CxGtuLoL6WplpZc8R36EO1BXRU20MYi+1HVu4hrd65nISUuRvCDppNp2N/dRSOPNxyhYU+01a82hbFD3+sStMrSgzJcUrp79dWT25M0+Cw3ukkP2j3PO7UkqmocDutxTQDfryQGjiFWxVzBoFV2gNkFrHZXcjwVrnEuJO8qouDe2/eqEaWCCy5GoJB7lUA3uU7hxSx3HggXKs+8VeVbuKCVssjbZJHN8HEKZlfWRizamUD+a6x7jJcesgOu4HxQZzMYr26ekuI/E0H8llRY/VN0kippR3x2+S05N3EgW5BXDRBv4schL7zYdE38TN6yn43hz6aRjqU5rdk2sblcyASAeCubcElBsY6iRhzQOfELWsHaWWxhxyrj3vvcWueK1EGrFfZBvRtHWNjyNyFp4PGb5rBqcT6937RRUryeIYB+SwCreKDIe+ika0PoI2HiWdn81A6no3HsmRnxVhVWjTUoLhQxOF2VIB9lwVzcPlP7t8T+7PYqInWykYbILmwTxuJdE8AcQLhZMbi57JI5XQzsGkg1uORHFIpHtIc2R1+47lmRymQ/aNjfzzN1QZtTj+MVlGKOpqovR7WLYI8mY83c/DcsakAbYDcpo6eB40zxnuNwskYdM2zo7SNPLegzqB2oWp2oZ1WPxzbmzxtcPEaFbKlD43We0tPeFh7Zt7OGzcs7L+RQe+fRdxDtY1h5OjmR1DR3glp/5V3vRjjgqcS2nwSWRzpsOxGVzA43+ykcSLdwNwvGfo0Vgi28bETYT0ksYHMjK7/lK3uyGLuwr6ReMUpJ6quqJaZwG4mwe0+YPmg+ikREBERAREQEREBERAREQEREBERAREQEREBERAREQEREBERAREQEREBUduVVHUyCGnklduY0uPuF0HEUvSXhdZtDiOD4fQ4rW1FA8smlp6cOiaQbE5i4cbj3Ljun/aGnxbYeno8DldWzy1rRLDTsdI9ga1x7TWgkdrLv0XI9HWMfUWw21ddEAZ66vjgzE8SxzifEAlZ30d6h9RtjtPVkgyOpGnMf5zZB0DZzhv0dYKKpeKSudRCN0UwIe0mTUOaNQct9F8+0+z9LiNVI2erkyxjM7KzLfwG+y7Tpexiol2ixuKCsqmUTKgdXT5yGAn1uyFxWxTi59a47y4NQb6DC6PC4jFRQhtzdzjqXH3rDqXXPaN/etnWHUrUVJOqDDl1NgsaRoAN96nkdYX36rDlJQQzFt9yx3lSSC50ULy1ujnNHiUFjncvFQvcdyyoqWeoP2EE8p/DGSs+HZfG6m2TDZgPxlrUGgesdwu5dvBsBi8tuukoqccQ+UkjyCzW9Hbi1nW4zRxkCxLKV5v3k3QeeiMk7ir2wG/asAvVKLo5wAAem7XVAPEQYdf4kreUnRrsPL620O0MxG/q6ZjfyKDxOeINpJLWJIsCteYncF9Hno56NIof2vENoXt4l0jWfJqsj2K6HWvAkqcYcd3bq3fkg+dBC7vv4Kw0shdo13PUL6kp9h+hdrWnrpH90lZKfNbFuyfQ5G0F0NK4DcXzylB8lmjmaNWuF+dlb6HKB6hC+tX4B0LMAElNhdvxSSH81YcI6Era0+DEfzyfqg+UH4fOxpc9mVo1OZwVoo3mESB8NrkZTIM3jbkvq92E9CTxrT4If6pP1UMmznQlMLNZhTL8Y5ntPmg+V/RntbcujFubxdWmAlwBLC47gHalfULtiehmTdVxN8K5w/Jc/txsZ0dYbs7JV7JztqMX61jIrVhk6sH1nFvGwQfPhhcHWyPP9JTqHh1upefBpK9Kp8DzkfbG3msz+zcTmWMzweFkHk7mXGscgP8qj6s+y+/gvUZNmNNJzbmsSowHqxpJqg88EDyy7mFrRvc4WHmqdRe/aZ/iXoOFYbTNxuijxZonw187G1MRNvsyQDqN1t917E/YvoWje4elQFoNheucg+XfRzmsHxX/nCejOsLOaR3OC+pmbK9CzLdvDnd76lxUzNnehYNtkwX3yv/VB8rClfY7vMKogf3eYX1czZzoXOoiwS3/nv/VXt2U6GJP4eDH/ANd/6oPlEUzxoT7rq/qHcvgvq0bEdDb9WxYSL8RVuH5qp6OuiKRps+kF+DMQcEHy9Q03WNcHOy2/CSsx2GgAZZmG/MEL6OZ0cdErHFsVVM0ngytkd+Stqei7o6yB0eL4nTt5iVzh8WoPnCTDpmtBGRw/C4LGfSSMJvGe/Re74l0abCOJEG29ZC7gJmBw/wCELmq7oyw8A/V23OE1HJszHRnzsg8mkjtvFlGbDgu1xDYHG6ZzjE6jrI94dBOHXXP1uAYvSE9dh07W8w26DUb1eDcKssTo9Hsc094VrRroUGREsyArCjuLHgsqEoNpTnctrTO1BGh5jetPTlbWkO5Bu6d2YBsrWyN796vxbAKXFaOJokmb1Ts32YBczS2o4hQUx3FbuhcQ9pB157iEGV0U4TPgG2uEV3ptLJSRzZZHud1Tmtc0tJIOnHWxWv2zrpMG6dKnEnCSOJmIxzMlc0hr29m5abWcLX1HetjVYtV4dhU9ZTPjNVTOD45JWBxFjqNd45r0/oUxOjxfBIfSKdkkxnc18RaBFDxaWs1AvfS26yD18ysDczntaLX1NtFj4fiFHiMbpaCrp6qNriwvgkEgDhvBINr9y+cdkdp8Ro8cw4T4rXMpZKubrWOlL2vIl3EHuJC6voIlGH7a7aYMx32BqX1EbODS2QtNvcW+SD25ERAREQEREBERAREQEREBERAREQEREBERAREQEREBERAREQEREBarauXqNl8XmGhjo5nD3MK2q53pEl6nYTH38qKUebSEHy3RVRh6OhHe3WYpJKe/LC0D5ldP0APfAzayrYZWltHCM0Qu4Evd+S88kqQ3YqkaD/Hnffn6g/JekdDjeqwXa1oDgXRUDeybHUm6DjukmjfJiOJ1TpaWFktQ4xxtkzucBy5rn9iYJIm1HWscwukuMzSLi3BdXtfWRU8jXem0FM05nfYQ53eub5Sd3hzWk2TqnVpr3vqpaljH9kyCxsgz6wrT1LgLg71s619nEA7uasw7BK7FZwIIiGHUvdoAg0Ep1FuO4DUrMw7AMQxJ46iLIz23/ovSMJ2NoMPaJK0iWW1zfd5Lby1dPTtDYGN7uCnQ4eh2BpxY10ks55ZsjQt7R7PYZRN+wo4Gka3yXPmVt7uks+pqqaihP8Wd2UfHf5LDqsa2VoriXEKrEpRo6OlaQ0f1G11F7Jkt8LHGKIaZWjuNljzVQGgv5XWtrtsKD1cPwUtHB80gv7wP1Wpn2pr3D7GKlg72sufiVHVFpx5X4dLHU05H2jqkjiGRlSNq8KaR/o+ulPMj/NcNPjOJSi7qyQH8IAWG+rqJP3tRM/xcq3OLThyemfXNFELQYGc3OR7RbvtdaatqcSqm2diFPGw7o8zYwPIriA4byS7xUrZmW1iZfnlVbyyLz0+Vb6pYyOIddU4a55dvfUk2UMNZDC4/6Qwlp/CXH5BaapqGBrR1ce+47IUPpIHqgDwCj3otPTX7dRDjEDT2K/DT4RyH8le/FqucaYpTubwy0R/Ncoat9tCR3hWmqcSNVHv/ANLT0v8AbpHROqHWfiMXvp7Kz6oa42+sac35tAC5/wBJJIvbyQzA/dHko/I/o/En23r9nA461lJc7iHNVP7KSnVtZSkdzm/qtHnB+6L+CdY03uxt/wCVPyP6L6T+3QN2RqyB+00juGskenxWFj+DVGEYb1s09PdzgwCJzXG/PQ3WqeWkeo3/AAhYjqdhzlrQ1zt5ACt72/hW+ms+V9Hi80bgySTTde63FPiz7dmbMO/euYkoyXXzC/OylgheGnti9+Sn3IpeHKOgq8XkYCQ8XHALSVuLzvfo6w+KxZqV5dckaqwUTnC5eB7k9yfZ7OSxtdK+ZmZ5ILxrzF11T9mJnOc7r6YNJzAZ28feuaZQ5XtLn3AN7KRtNG05mxtBJJ3J7siZ6e3y339m3jT0qnHgWlP7PZLZ62nA7spWkytNrtHkrS1g1yjyVff/AKX/ABf7b76phgaS7EoGtPJl1WNsEZ7OKUx7nQ/5LQtLQb2A9ymZKW7jbwT8i/SfxZ9uliqsrWtOJ0ZY25AdEANd/BWSVUBtevw1p9oMcD8lo2VLwfWKlbWyAeuSeV9yn8i/R+JPtvKWsa2YObilARawtdp+S29Fi+JRSB1NjTGgcDMHN8iVyLK92e5DbnfopzVtcdYozbm0KZz7+Fb6X+3qlPtXRtoMuO0UGJT3tmp2Nabd4JsfcsGpxXY+cZpcAxGnv95jNPgV5q6eIm5ijB3aCysbM2M5o3Ss5ZJCLK05YrfT37dlUTbPdYHUtTiETeIkiIWO+uYzWkxFzxus+4XMHEqhnqVs3g+zx8Ve7Gam32kVHUD8UZafgVacmNZ3hyjfur2y9iqp6aoB5tBJWJUYPs9WNvLQ+jud96I2WHDjeHNH7XhczCd74HteP8J/VZdJUbOVslvrP0B3BtRE8A+9twFO5fCtxynw18+wUEoLsLxLX2JRb4haat2XxnDrumpOujH34zmHwXoNPs3WzB0mEVdNXxtGYmllbLYd4BB+CpSV2IUpIkaXhuhtrb8x7wp0q8zgcGvyvBY/dZy2lM61j8l6JJDg+NNy1lNGJD99os4e8LTYjsRU0wM2Eyioi35D61vzUDW0jty3dEe0FzdOXxTGKRpjkbva7Qhb/D3ZiCPegmxgZsDr282ldT9H2tEWdjvvTQn/AHgPzXNYo2+FV4/AT8FXonqHU2E4tNGS2WKITNI4ZS03+CDHrgad0J3OixCeM+Od36LtuhquL+mPEyT/AHqCY277sd+S4fGZuvop6ottmxJ0hHLNIf1W26HJzF0y0jSdXOlYe8GJ1kH1ciIgIiICIiAiIgIiICIiAiIgIiICIiAiIgIiICIiAiIgIiICIiAuU6V35OjnaE/+DeF1a5HpcF+jbaEf+Ed8wg+L6ioczZujhaDYmZxP9QAXs3Rc1owvHmPZfr6rDKZpJtlcQSHe7fZeQsldDskz2Xyvvp6zQRp5hez9F8bpcLxJ0dszMWoyRzywkoPJNv66WqngfMyEPdG8ARMyiwkcN3x96v2D+ywqsIFi6UAd+iwduWltRSMv2nQgnuzEldX0S4UK6lqaidpbSxyj+rTQe9BvdndnHVr/AEyvGSnGrQeK6epr6ehh6qma1rQOCxsUxLTqobNYNAOAHMnkuHxrFXueY4DmeeP/AFwTwtMdt1i20TY75pDfkCucnx2umJ9HIgafvfeWuZGQc8rs8nNUe/XRUyzrow4pFs4dK7PUySTPHF7iVZcD1RYclc4XKttbesra3k0oSSqEI54GgULpNVCUmlrKMvACic88FA93iqp2yTIALq0S671i3JtdHODBdxt4qNHUlqpNWhRtfyKxphJK8dUCRbfwCvMDYiPSKuNjuLWguI8k1DdZGc2371W57lqa/EqeluyHrZpfxENA8lqX4vWOccrmsHIC6vOK3uyy5pjdOuHeQrmkc1xv1lWH+O4eACvjrKp7gDPIfep9mqfkx2WZotcgeKOe0a3Hmtc1jjkZwLdXZuPJaOrzNnc3M6w71nhjMrpry8lxjrDNGG6uA8SozUQj+IzzXIFoJ118dVfGBmIy3bbctfbkZTltdQZ4bE9azzVnpcLdOsZr3rnJGuyOs2zN3iooBcA2Hdfgo6It7l26j02AjKXsve+/cgqobgF7fNaIR5LvDQHW32VXWa3O6PNJbTgq6W6q3fpMVz2292qqZ4rb7+9c+6Pt5w3M8DVZDmmNnXObd4A3G5Ki6iZbW1L2nc5WkjmtFWXJDhmBtY2Kw3Tzsd2ZZB71aYbUy5em6dRmHApfl5Ll24hVA/vL/wAwupm4xUNNnMjI8LK3tVHvx0YJHimc+9aRuNAaPid/S5TxYpTSEAvc0n2gq3jsXnNjflto5DnF/NT9YRxWDE65BGo5hTZlExWuScy6671Qv0WOT3q0uTpR1JXOVheVYXK0u1VpEWr87r6EqOQAnWxVS5AM29WjOqQl8MjZIHvje3UOabEeHJbyl2mxRkbY5phURt1AmFyPB2/4rS5SNAr2jRXl0zsjtaHaKlqXD0mMwPta51F/Ea+d10+FYkY3N6iXM08Cd/hwXlbG7ls8PqpaVwMbtOLTuK0l35UuL1msoMP2hpRHO3q5hqx7dHMPMH8iuOnoanB63qaka/deNzxz8e5Z2C4r1tnMcQW7wdS3v7wusdHT43QGmqABKNWO4tPNTYzcjiIBwmreNc0Lj8FrOi516LGBmsDh0517mgrcVMEkNJVU1S0texpY7wPFa/o4pmQVVZStcZI300w7O/WM6Koxa4ufs3UmxJbUh3++P1WZ0WvdH070Av8AxnaeMRUGcR4DiBcRZsjv+Jqv6N3h3TvhrhudOP8A+pB9iIgRAREQEREBERAREQEREBERAREQEREBERAREQEREBERAREQEREBcp0qtzdHO0I/8G/5Lq1zvSNH1uwW0LLXvQzfBhKD4vnjH9g6Nw1LpJr+569n6HmmTAsQlbrbF4XeNqYry6uw2SDorwCqflLKp9W5tjrpLbXyXq3QJFm2DxSY65cRa7ygt+aDyrbtjMRqsEw+lp2tqWwNfJKN8heNB7rLusDZHheDDD6cfu3WJA1JtqVyuHs63HZK6RrbUkLYRbdfUD4LodmZHS0GIVxJOWTq4/GymT5PLAx6q6iNzAbk6E8zy8AuchZbM99y93FbHF/tqwR3NmnisR4yiwVcq6cMdIJN+m5QFTyDTRROWVbRE42UL3EnRSSKIqqyNxVnFXlUtqoFhCikDWjM5wAG9SzPbFG58hytbqVqqd0uIzne2LgBy7018o331ErpZJXZaduVvtkLIgpQx13HO/mVkNaxrxGzVrd9uKlay7gBbJvN1llk0kkYGISGN4jDrAC60NbVNp+zHq87geHesvaOu6qrdFH2pLAD8K5wuubkkk7yVtx4dt1z8vL31FziS4lxuTvJVL6Kwu571Rrr6rpcdShZNNrI0brmyxGnis+gbmnj1HrDVVy8Jk26CJ7IZGw3N7WDjuPvWorWhkrmNvYaam63zY2xxZZZY89je2mbwC0FWHNe4EjNzAsuThst7O31E7RACNQr2Wvl1txULtx11V8D7ktzBriNDyXRXPj5Tl7Y2uibfdvPBQwkZQbK6Z1obXu+ytgPaFrXA38lT4afLJcC1pefA210VX2YA91y42aOKqMzdXEZToFU5mON3DIdAO9VaKPIis9zzc6ZbXVZG5e24nKRYN71aLB15C3Lwtoqvu24drc9lVTOyyqGVpc9xJNgG8lq5Rv10WycC5liRlG7/NYr4rON7HwWuFYcvnbCDSdyEG+qyC217BQvJJ3LeVgstbuKtIuFe66oASpG6wWozOax5N2DS3ELpaiAPdYANda9+a4eFzonh7SQ5uoK7iOVtVQU9Qw6kWI5dy5s8dXcdfFluarAlbJFvbmUbXtfex15Hes8nO6xAtbXmsOtozYZTra4cBuUS/FXs+kdib67lQi25R005c/qZ7B97B24OWS9pHDVT4U8oNbq9p1QhAFIlabqQC6iYp2K0quksY3LMiF1jM3rLhCvipYzcPmfBO10ZykG4N9y73CqpxgZPHoG6EDh3fmP8l5/GLWtvXc7FZKiqipnkBtQDESdwf8AdP5e9aVnlG62jhbWYPJWx/vGMLX945rkujCS+L1oc0utA94Dd/qOBXW4a8+i1lHMLHI9jmnhwXP9DcTjtXOwNsRDJHu3EAhUUa3aCgqcKwrGKTEIHU9Q2ZpfG4i4zFjhuPIgqzo8Bj6eMMayNzwKhos3eB1e/wABvXT9NgttLjzAdH1VKz/+KP8ARaDopjcen2hztLSJJHWIsSOpdY/JB9fDciIgIiICIiAiIgIiICIiAiIgIiICIiAiIgIiICIiAiIgIiICIiAtXtVD6Tsxi8Fr9bRzMtzuxwW0VkzBJE6N3quBafAoPkOviM3Qhs+4boaurhPddwcvTPo6Qtl6LcaJ3Grmt7o2haDAMA9P6Gq6gncY56PGpozYXyusG2PvK7L6OlKYujKvjcLF9ZUX8gEHi1afQsEllb607sx+QXSYARDsdSQgWe9zpXfi5Lndr2dVSQ04OjdPit3hj7YYyO/7mFo8Li6vpbDy5+TtVUzzzWNNxV/XNzOvoSTvUbzcdyyydOPhA5RPUryBxWO929Z1rFkg1UDtFI82UD33O9UWCrXODWlzjZo1uVHLMxgJJAHMrQ4jXuq3dVEcsd7d5Vscbazz5JjF1XUvxGpDIwRA02A9rvK3UMYpqYMH7w7lg4PTtjaZJN6yTUNfUOe54aBoL7kz79p4Tx/xx3fNTxAlgNrEcFBV1gicYoT2idXb7KHEMRbYx05u7i7h7lr4hdwvxOt+Krjx775MuTl1/HFp8UJOITFxvcrEKysS1r5v5ljWXS51j92qrG1X5ArmsAVoqNHNbHDW5p2ADisJrQTqtnhYAqo3G+UG5ss+T9ath+0biNrnsbOYSwt7PMjuWorAXPLnsyv4hb4uZK6OeJ7+rykZRppztzWnrSDI54J13aLk4b3dvqe2mvLTa4AzclcyMt7QZ2uSuNgbnVXsIsXG9l01z4rZmgw5ranTvUdO3XcdLKep0YSN5VkDS51sxtvVfheeWVlBu21xfTvTqrudnboDobq5pbKHM1BBuSNLFV7Etmhx7Jue5ZtUAAc9xkaTY6fqpGjM8F7CLHS43+CrlDnCzndg2OXmrurDyHsfbISLX3qEyIcpe24aQBuJWM+xA0IssvsvGYO04AG4WPIQ6xG5XxZcsYr7E+CicAXKcgF2ijeOK3xrlQubZGg8NyvLee9WWJN1YXW0XU4FI5uHts3ML2IXL2GXQarpcFAOH662duWeUa8fatiTZ2cH7M689VHKTdpcbjX3KNs7YXEEOsfWFlTr4Xsc6F1xxaeCw1ZXVjlGHilPmjLh6w3EKzDqv0iMxSH7ZnH2hzWwe0OhItvF1zE14qkujOVzTcFa4Tc0y5b0WZR0DgrbarHpKttQwZuzI31gfyWQos0mXc3F7Apm6WULCpmKYismMXWbELLCiWdBuCvFayo23tbet7gbzFM7KSHNs8W5grSxbwttg/ar2NJ9bsrWKWOzxyQR1s1ZHoyog6+3I2sR5qvQxA07azyBtxLB1ot36H5rFxskbMNe7UxRyRrbfR+i9IxmGU7hSEHzBVaxajpqGbbTFIhvdWU3whB/JZexNDl+ks5gGlNRNee79maPm5T7f0cmIdNM1I1t2PlheeP8FoW86PKMzfSH2zq2t+zpacQ3PAkxgDyYVA9wREQEREBERAREQEREBERAREQEREBERAREQEREBERAREQEREBERAREQaSXAqCjoMRbQ0kcRqpjVTBov1kml3WPE2WBsLhzcOoMWhjhbBHJiE8jIwb5WuOi6l7Q5padxFliYaGuikkj9SV5ePl+SD5M25jvXvjO8PLPiszC5hN9ZECzWNa0DuDQFbtwz/Tso/8AEuH+8sTA5SIsW01yfM2W2U1iYX+TV9QZGnS9+Khkp3MHZcfet9S0/V0YJGrtVjzRArlyydmGM00D2vBtcKB7ZDyW9kpQ5RuogBfgqbadLSdTK7eR5LTVMsrahzA7sjuXe0tOC1+gDchJ79F59itoq1wcDYfFWw71Tl7SaYVVmN8xc7x3LDhF5h4rOzRuiLXNcHb7h2iwzEc1ua1l+HLfO2xnqi2Lq2kXI4cFg3ubm58Vdly6aKltUxmjLK5XuDesiAdrXmoANVkwWLhfTVKq0Neb1038xUI4b7qWs/vs38xUbiXEFxvYWCkVudFe1RnepG71MQlaFtMJafS4tbdpasbls8IGasjaRdpNiq8v61bD9o3bmFk0T2FroLE5fZPeeS0dbIXTOIcMp3LfvflzxGK8TWWHLwsucqQA8sDbNG4Lh4PLt9TNaRgPJ03d+5SQktdq9hHBY7tdCbjkr4y1wyObp3rrc2NTVQLmXNsp3Ab1FTgkHLod2qklcCzKQbDddW0zi0FzQTuvqqXw0nllOc4MAZa9wrnmxAjAtfW4VxiEbXva0lzjwVHR5B1jGuOYi4G/xWTXwrcgtsABftHuV4DnOaAABqTooxEYyXAO7RubKVhbA4NLXESaggbioWiMgizQ0BpBJssR4ubNGlrhZLi1jsjcwaQTqsWUhtg24NlfBlzISLE7lA82U59WyxpL3XRi5atc651VG71Tiqt38FakXDyXT4Hb6uJPNcxxXSYEM2GvBNhzJ3KlaY+Tsl0gk/e38wsOSBxb1kILHAk2N1nVIaS4tsA0bwVjB9rF9w9t1AyYJ80N3CzrWstDVi9Q4E2ud62j5QScoAcd9728VhVMTHNLw45wdb7imM1VuTLqx0igaSLt0txWS2tMekov3hXUxz0zbAa6G3FYk7QCQE83ur3xnZuIZWuYHg2aeJWQyVh+8D71lbM0Iq8Llu0uLWC3cbq+bDHx72fBVl7tdWyVFHI3ndZ0Mm6yw2UzmnVqzYIiOCtKpds2CTQLcYGb4lCe9aeJtu5bjBL+mtI4AlaxWuu2kbk2Yqzwyu+IW3+jbc1N+ULh8lqdpj/8DV7jvAafMWW8+jWz7WoPKH5kKKxehU2DQSdI2IYhNC8zCVgjk+7lEIuPG9lu9n9l6HBMaxvFKZ0r6rFphLMZHXDbDRreQ1J96yWM/wBOGzfalLuXZY0D/rktvZQCIiAiIgIiICIiAiIgIiICIiAiIgIiICIiAiIgIiICIiAiIgIiICIiAVZGxsbcrRYXur0KD5Y6RIeqxrEbC+StPxctXS0/UDFsu6TKB/iK6npYh6vGcbNjZtVG/wA7LRzQuho5Wuvdxa7XvJK2yu8TD9ktgI8vADKtdLbMQs0uJzhYsouSuTJ3Ysaw1424KtS0CFvNVFjIL3tfcrqrVrbaqsXQyO6qnBI3rz3EojUYtI37u+67nFnERRi9gG6rkQwy4vK1o1cQPzU43VtV5JuSMB1GRoB71E6nyi+i6aWm0s1ugWLJSAAuc3QaqOtHtRofRnvY9zGkhqw11kULfQSYonsDjnu7c4nkuaqYjFM9ptYH4K/Hn1bjDl4+nViHUnRZEFszbBRBpvdTQaSDxWm2Tn67++1B3dsqK1ypa7+/TfzFRDeFMRV5ba3gr2u0A4KhI0sqN37xzVohM3eFssJZnnY0OLb/AHhwWrafNbDDzJ1g6j95wVOX9atx/tG4leTCaZznFwABd+YWpmyvccxJDdNBvW5qLPuY3jNuJtex4rSVhHWHIdFx8Pl2ep8RjvIO4WVWHMbclYSeCoC7MbFdWnLKlLrgAXNipoC1ri52jeI/NR2aYiXl2bTLbd71LEO3oezvN+Spl4a4+Wb2WgyulIZlvbgFc5wLQ8uIaRe3DxVoa8C7HAtGlldd2XM0gsGpt87rFusJ6txkc85DYWPBXteQ453aE6X4eCsDnOdoWmNwQtLXWdlc0i+qhM7JPVFnnNcnLcLXzd+/msxsjiXCUAC/ZPNYVTcON7Aq+HllzXwidbL3rFlNz3qd17XO9YryunFy1TVGbzffwQFVGh33U1EXX38l0eBNzYfI0333HFc1feuhwFxNFKbgAHW6o0iswF3AXLGm1yNFjPZJICGGx1uTussp7Hsu0eo/WxVaaAyytjYQb/eG6yi3S0m+zVCKVh17QvoRuKq/N1ZaBe/FbmWMPqS1lsoGVo4aKN9KDrZU61vaaqnkdFEWBmYnUHkopC4DtC11uGU45K2tgYaY3GrdVMz7l47p1mwNnYXINLkj810M9O147QuuR2Fn6vD3X8Piuzp5eupw887KmU1bW/Hq4yOerImxSkclSMgKfFP707uWMwrSKVmRtD2m/JZ+BMJrbDiCFhUozX8FttnWXxOMLbHwxzdHtveHYKrA0LhGwldP9G2KzK13KJvxK5XpLHV7HWG6SSMDyF13X0d4SzDa1/4WN+ZUVg9eZGWzSPL7h1gBbcApURQCIiAiIgIiICIiAiIgIiICIiAiIgIiICIiAiIgIiICIiAiIgIiICIiAhRDuQfP/TFAG4tj4I0MUUo8bhaLGwDQRy29enjd5Bdb0yxf6axK336EE+5cnXgSYLTHgMPid7yrzwY/s1ch7RtxUM1w1SXNmOtvYD8FFKSQSb35LCu3Fj/xBb3WVat1wByNtytGjrq2pPbHefcqtGBjR1aAdLLnsLs7HJXezr8LLd4w8mYjktFg5zYlUu77KJ8ovmOp9Ha9t/mo3wxuDmvbcWWbAR1F+Kx2uJe4AAkqjSNI1pgmlpA/rYx2hbey+5c9i8RbNnIHa057l1bxfEGjJZzou04DQ25960WPwFzH+qAw3GU6kd/xUYXWelOXHfHtos2upClhP2g4arH4XtZXxvDXC9tCum9nDJvw0+JRFtbM63ZLisUEcFs6+RjqqQNJJB1WI6O6vFKivchHFUykO4qXS25XhVoJuOIWww1zmzMygE3WC0LbYObVLDbW6pyzeNTx/tGaJSWdloabgnvWsqyOsNty6kykMDbAW1JA1K5uusZXkrl4ZLXZ6qaka8ucNw0VM2osrnAaBu87tUZoTmA03hdVjklTMu6wAvZZMbbi5cLKtNlAY4A3vuWS1xa/XW+5YZOnCIg/KLNILfFSMqMtmxsaWDeLqZjhrcAjwQsYbAsas22kDywkCJosd4BsqvcwR5QCYzo4clkCmidGSIwMp4blT0eDK1oaQLbxzUaJKxyWvJaG2YBvusOY2dca+K2jaSC59YWG9ayeMNNgd3er4Y78MebtraBwsN4KxH7zossi7ViSCxXTI5asG5VaqAKaJoadUpF0UJe7XQLfUQEVI8NZmad61LJmx3I1PJbSgDpqMnd2rWCovF7qgMvdxDRqNFnYQA50krCCL5Wk/FayancQ52mnN1rrdYZGIKWBjg3M4kgcSTyWXLdYt+GbyX4XR+m4yC4Wjia4uA0tfcVNWUwjLgLaclsNkIY5W1dTqH5smbN63fbgr8UiAc64tyvxVY1c9kABusCsN2PA5FZ1S7K823LXVBu0+CtPKt8M/ZR5ZQEA73Fd1hTr0lu9cDswP2Ei/wB4rusGdemfwTLzU8XiMHEBeqdfiVjsb2jwCy8Qb9oD3rDae13K8UrPoxYuut1sy0nFGEcL/JaWi+8TyXQbJNz4kD3FbYscvDd9L4Eey2Fw6AuncT3gWC9F6AosuzNU8j1pGi/g1eadNT7U+CQjjmd/vFeu9CUIi2JjdbV8zj5WVaxd+iIgIiICIiAiIgIiICIiAiIgIiICIiAiIgIiICIiAiIgIiICIiAiIgIiICIiDx7phpy7HG2/jUMjfEgFcHTOFRsvhrri7qQxkcewSvTelyO2LYPIdzmvj/6815LgLwcFpIz60bpYreJJV54J5YjHXp4jyaArJyMumiRaRW5PcFZUfBY5OzHwx72cOfJRyuBkFzoFeCb34KKUDrNAs2rVYi7NO7dv0WowM/t1SfxFbKut1riFq8D/AL5Vj8STxVb+0dlFb0awvoFBcCUfFSwu/ZtOSx7/AGlwqNYxqvsTU0gcRGyQtOvPcFqcWgcfSGveXXJsdBlFty22KFjacyPYS1kjX6GywcQaS5zhKXlzswJAsByCr3mUqbN42OPIAvofeo4pNdGk3KkcbOcCeJSEWIXZfDzZdVpMRJ9On4dpRMkcBa+iyMTb+3THgXLGA3q0US5w9osDfirblViFlLlCshRm/csqmdI2xY7K4KFrQs2mZ6uawzc1lyXstx/tFxqqnJYy6c7LGkfI4OLjc+CzeqzNO4jkseRuj9wCxxvd1cstndhOve9uHBVYCHXUj4tRbXRXtjsNAtNueRcx7mjQjyUjXPDrkg6amysDdbAXV1iLaHvF1FaxeyaYO0DFcaia4IDVFvsbEWKrnOoAIPMKrTd+2fDVTmllIaNCM1zp3KBtVNqTGNO/erIHSdXK1tyXAA38VYbtaLkk9wVEzKsh9a+5Ijs08LrDmlzagEE8Lq94JboFG9l96vj2U5P5eVNQO0FjPNzrwWQ4aKAetqFtK5rNIvVO5WucSVOQDdQEaqdoSUtusN11GENb9XP1+9vXJglrgQurwftYUT7TlStMarOGvvlJ8P0W1kJhgaWAueeyCT6um8rSyPtM3gC4AALdVDstNKGgvzXDgDrbkFhy+Y6uH5dFswyRmEgyFpc43JbxWFjElnOA4Lb4TEYcIhaGZezewOq5zFnEvfffdIvfDSTuu4rDl9V3gsqfesKd1o3+Ctj5Uy8M/ZrSgv8AiK7PBpLwye5cXs8SMOZfmV2GEX9Hdx1CZeacd/jF2IuBOm5YIWTWuu4gLHYr4q1m0mjHHuXT7CMLq53uHxC5inOWJy63YLsTPeTa1j5XW0YZoel2YzYlgsV9Gwg/Fe+9FUHo+w2HAj12l/mV87dJTxLtbRxtNwyBg+AK+m9iYDTbJ4VEd4p2nz1VWTeIiICIiAiIgIiICIiAiIgIiICIiAiIgIiICIiAiIgIiICIiAiIgIiICIiAiIg846ZRlpcIm4MqCCfJeFQzGgxKZhcRDHUyX950Xv3TRDn2TbKN8c7T53Xz/iUL34XilYeAcffYWV8fCPlM02lnbwDwfMKyoOgVrCHSZv8AWQsf8Em3XO9ZZR24XsgGhBGqikd9obqVzgD3rHlIBvqsmrTVZu92p3rV4JpXVXe4rZ1ZHaI5rVYM8NxGpB11UzxVb+0djSG8dtb96gGYSX3WKhZO6I9l1gQpBNn7el1nWsWVd3QzNbYktJAI3ngtb1bRRsdGT2xdwJvZ3ELZTNzAGwsQbrWwxNFNKGuJe11jwI5eKjLwmTdcjUNIrJWXFw463V0J7QBCur2htfNl1GbRItHXPBdfw8yzvWoxb+/zAagFYg32G5ZuMtAr5bb9FicdQVaKqt7J1WQwaAneVC3fpuWRHYNJvqOCshXT8llUwJcDoQNNVjxgWN/cs2lbd7RwWPJ4Xw/aJ8uVrspBJWLMCL3bYHms6wLSLeJtuWJUMDTlbfKsMb3dfLNYsbIRuAKvYLXIA8FbYgEAEqQN7Ln2N99lpaxxi5rBa9rOVQwDtTNJI4ApG0mzshBtcXKvIEjM5zNcOBVdtJGOWXGoI5KjW3Ooc0X381KW5gQLtsVdfrLhrspGhtwTaySCUNjkjse0Bckae5QFwY9zWlznHiVILkvZG5oI7r2UrY3NaA7K5556Km9J0xrWPrXcdNyufGWjtCwPNTBhaLHKXW+KsmuWm47ROqmVF8MRwA3qGS3AKZ2/vUUl1ti5skWlt6jcAXGxV5J7lYdSrI0NAvYrpcGNsIIPt2XPQR53km1gunw2IfVLcl7l19eCrtbGIQ1rq2IWAAcBY81uKo5WPa1ric3aLd9ytQxpFXGHAjtj5rbuy9czO/Kc/Dee7xWPJ5jq4u0rpxUiKla2wY0DLrzsudxV4e8rOnkaWXeSTwANwPctRVvzuvpbgia18vwWvqz9m/wK2Mx8lq6s/ZuV8PLPO9mz2fI9BYBz/NdjhhDaPN3lchgYtRw38V1tM9raQAGx37kvkxn8YsqHBz+XuUcYsVV5BJIt7lVg3K8KyGaRFdRsu8sZ2QbuB/6+K5cm0YC7TYul62cN9mIm3P8A6stZ4c+dcxtLKarbvJvDQxnv0C+vMLi6nDKSPdkiY3yAXyVFSuqOk3qbXLqmNg8wvr9osABuCqzEREBERAREQEREBERAREQEREBERAREQEREBERAREQEREBERAREQEREBERAREQcp0o0/pGxOID2A1/kV4LUxdf0dYo5gGcFwJ8CF9HbXU/pWzOJw+1A74C/5L59wKM1WzGP0Y1e27gO4tP5hWxHJUEolpMPkG59PY+5ZE3itdgp/wBE0ZP8OV8Z81sZjcAHgqZurCsdxAuSPBRTkbxuUrj3jTcoJHNAuNVlW22lrbZnDgtNRnJisvC+q3eIEFxsLHitEw5cXPeEniq5eY6iIdbDbW45qAPMe/8AyV8LyCCdylngilBc02PEXVGqgkaWWuNN+uiw3COOrnvGR1jL3bc6qOSKWA5mOu3kdyjdVEmNweGPjdfKfVd3KLNp3posWj6msFtxYooLEG6z9oIzkhkDS1tzv3i618Jue5dXHd4uDlms612NN/bnO5gfJYUji+2llm42D6XfmxqwwND4aK0Z1RvrKZg13K1rRwI0KmjaTrbTcpiF7QALLNojaVp5lYoFuAWZQj7dt7HUKvJOxj5jYSdXG113bz8+C19QC1xBJIvbXgtuY3fbZhu9W35rWV181gLAbrLj4+907vUdsWMAGkuv2VIG2u4cRqFbFcusRpfjxU1zmtl0Gua62sY4DGlzwCdLHS288FQWdlLdW8e9SaBzWWOoJzBMrIXNY0Gx07O4eKpezXyhmYTuAuNSbq4i4aYmgk2BV5aIhlcOy46DkUaGxC/3SR8VG0hjDWZwLnfpoVVzWMvKWdq2tt57lcxojc5zj2XHidB3KRsZZIXFzQHbgTuVavEVhq5w7Vt/5LHn33JO5ZYY/M4kjL90BY0oJc4kaX0U4qcnhhPab6jUqFyy5CRuWM4kLoxclQSA2UdraX3q9xN1fSMzy9rcBcqSd+yaFrWx2OpvddJh/wD8miOm87+K0DmtAJadOC6HDh/omBum8kBZ1vjNUpgJahma12nMsx1vSYxIG9gG2YX3qyFhjzzGzbjK0cbKEVToXOcGse92pubrLzk2naMyouAHG5/EVr5HEk8lWSeWZxLtAeAVhUqoZjYLUVruwbLaVG4rUVZ7NhxNlphO7Pk8N/hItTQi33Qukpnfs1nNz2+C52hbZrAbaALfRSkR238NLhR5q/wqd+jbXUrN6ij3qZo1V4rUu9zQvQuj9t8ZY0btAfIlefQ6zMHevSejaLNWzSey13mdB+a0nhz5tbszRifpoaxnaDaoPPdYXX04vnTodZ6f0qYhVntNY+ZwPcOyF9FqFBERAREQEREBERAREQEREBERAREQEREBERAREQEREBERAREQEREBERAREQEREEVZGJaSaM7nsc3zC+eNiGCLa+uopB2ZoXCx4lrv0uvowr51xdv1L0mMeTlYyrMbj+F+l/iEHANgNK/FqTcaardp3XWVIczcwW420oPQ9usViA7FZCyoHK50PxC0MD81OL+sLtKjJ0cd2teL8Viz5Wjn3LKkCwqg2Fysq3layuIOq0U3ZxCM8wt1V8Vo8R7EsT+RspxV5HQQyOcwWNrBVbUtZdrja+7RYlBMC0c96y5mtkZqQFnWsqVsjJWncbLAracNJsee8JLEBqw28CsZ8rm6G/Lemi1bVRyVOFHMWnq9QG8Lc1poTrot3RyBsrmZLiT5+C1tRT+j1TmlpDT2mk8QteO9rjXPzY+Mmsxlv7RG7nGFgNGgu6+m7ktri7QZoTzbZatg4cFri57EkbLkahvepmNIVsW/VTBt+HvVlVGg8ll0Tbys04hWRNI4LKpg4Pacul1GdnTU61W4IZUBzO1obOtpcrVYkA6QgFt279VuJHB72OgIBv2nFYGIR2e7q+JuuLi7ZO71PfFqw0vJGbVTXBaW5u1wV+Us1aAXE+Su6q9yACea6L3c+MWRua1uUk5raHero25GWe7M48TpdOrIGbLqFWOMSsa6RgDgdO4rLJvFdcpbIQTfSw0srIQ4F3Wjd6qvLTKbOabtN7KR8Qkja4ntAklutxbRQshYHOcWSNAAOn5LIiiEjX5gLcLngo5sr25Rdrg65I4q9oMgAY6z2+tfiOSrUxcyOOoDorEBp0138lhzAOuLWymxHethnd2OqLQRo479OSxK3hl3nf3Jj5V5P1a2R2uhB9yxncVlPbmvZQyMsRxHJdMclYhBUtLuJO5VkAaNFWNoaw3103KanGd15f2ct9Dqumw1rn4ZTsZYF19eXeuVNyDcbhoV2eE5afBYJ5m3c9paxo324lZ5eG2PeoMQmtkjYfs2ix5rDElvu371SR2d1363GpCsaBxKprS+9pw+6re4UYsBoVUmwRFqGp3Gy1UvbmiYOLlsKl19ywIGmSvjHLVaYss/p0lIQxwIY1x5HctsZ6iRgHYjaODQtTSOa0gk/wCa2bH5hodOQCiNJ/aWMO3kgnuWSzUKFt7KYEBqvFbU9ECZyeAC9Q2Fy0WB4pXy/u4YSSfAE/ovNMPb2S62pPwXo20JOEdE0kWrZ69zYm+DiD/wj4rT4YZsr6NlK51XX1jxqY9T3ucCvfF5b0CUHouAVU1rdY9rR7h/mvUlVQREQEREBERAREQEREBERAREQEREBERAREQEREBERAREQEREBERAREQEREBERAXhXTXhxjxt9QwW6+NsgPeNPyC91XC9LmFen7PmpjaDLSHMeeQ6H8kHk21EjcWoMBxqKzpOrdTT872uP94FcW/7CtliPqvs4fmup2ala91VglU7Kyc5oCfuvXO7QU74nlxBbLC7UJ8L4ZarHedVjVLbtKvbIJY2uHEKjm5mFZ11Tu0lVxI4LUYizNGSN41W+qo7ArVVDbhRPKc5uMfDZrtbc3W3a+41XPwtNNVFjrZTq1bqB2ZuqZRXDL4WzO1PBYUruZWfMGu4FYcrFm28sVzu1fkQtjLE+tw8Pc1vWtu9mU+YWve2xU9BN1UuRz8rTqDfS6jdneI1L2rTYqbiA7r30WtjFyui2kpwGQzRj7JzrON72fxC5Zsrw7snS5XThervHHnLhdVnxNF9VlxZbcytXG9/tG6mbI8aZtO5aa2z6o2jW9oAGyyqUHNqNN1lpWvkv67lkQiRzgOscCVnnOyZlL2dG0CG+UAN4gb7qCbKXXbprqOCwDQzOJu6XIB62YhRSUsjRbO8nldc8x7+XZyZXp7xl9XYnIPFXGNzefvWA1jxpdx8SpWwylnrO7hdbdNYTL+mSBobC5+aucz1CbjLqAFiihcQSXuva+8qooXlgdnde24OVbP7XmV+mW0Z7Zw4G+ljZX8LOv3EarViim07b2m+gzLLHXNa0ah265dvVemfa/VfplFp43tzsrnNaAxzCAXC4I181r5xUPIBLrgWu0/NRdVLraZ7QLa3vdR0p6v6bNrSMxvYjlxUMsdxewvxWABKGkCZw1VXGZtrTk396TBGWfbuSQlvLX2VjvhO+2ikfJMDbNm5aKF1Q+3qgraSue5RC+B1w22pO5XjNG97WnUix0upKaUTVIbaxyklVeQ1ztS0HQ9yi9qvjq91lJQyVcrI4w7K92Uvto3RdZiz2tgpqeG4ijjDQONgsHAqUCBojBdPMSXG9srBut38Vn4o4Gc5SLbgCNNFjM+rKz6dEw6cd/bUOAvoNVbbRTP1uCBe+8Kws4q21Vm7uVrn2Cuc225RSkBvepitY1Q/QqDDbvqZJOAGUeKVTgAd6noIjFG0O3k3PirW6ikm8m0hvcFbWluQtfRsL3LbxMDGX4qMYvWRoGgBULrmwURfxU1CwvmB4BaSM66XZnD3V2I0dI0H7R4DjyHE+S6vpRn9MxTCMJg1hpu0Wj2raDyTYaBuF4bNjFQO28GKnaePMrZbH4K/Htto5qlrnRQN66V3fe9lpWGV3XrWw2HDC9naWlItLlD5ByLl0CwqF2arrDbsh7WDTk0fqs1UQIiICIiAiIgIiICIiAiIgIiICIiAiIgIiICIiAiIgIiICIiAiIgIiICIiAiIgLDrBDPMaSYBwlidmYfvN3H5rMWh2qD6VlLi0IJNC/NMAPWgOknkLO9yDwHbbA5sC2glpwSDERNC9v3oyeyfhY94V20EP1lSenNaBO0BtQ0bjpo8ePFd104y00J2eqKqSOOjqXyU4q3Dswvc0OY51v4brEHlcHguaEE1HlMkJbI0dXLC/iOLT8wfeg8slYaaoLM+VhOmizQWhoG8cwt5tNgTJIXVFIC6ndrYetGeS5KF74fsXP8AtDqL7iO5Vym2/Hnryyp4WvBWmqqZzDcC4WVJUTxv1cLjgQsc1sgJu1jvdZZ6dG5WsxCDPCXsHbZqpaGQvia8ceCpXVwAOaINuCMw4jvVmE26oN96nXZXc6m1MXWMzDQrEfEQdVsYtBYq2RlzoqVpJpqZYLrFMTmPDmmzhqPFb3qs2hAVrqO97WuqrMWmhGIQmikc4ukINwLFrxexH/XFcH1Tmvc1zS1zXEFpFiLFdoJn00rhJrlIewAaBwPFY+09AZcdNW0vdDXgSxute5sMwFuRWnFem6Yc+PVJXOwwuO5pusqOmebEAi/NehbJdF+0WOsZLQ4ZM2nd2eum+zZb362XquB/R9cIg7GMaa2S2jKaHMB3EuOq36/pzdEnmvnSKk4PcAeVlt8NwaqrJhHQ089TJ7MUZf8AJfVOyvQ7s7gk/X1bX4rMPVFU1uRveGDS/ivQqOhpaJmSjpoKdvKKMNHwUW2o3J4fJ+H9H21dbmEOCVHbt+/AjA81s2dCW11eQ+ZlBSd0k9z8AvqXxVVnOKS7aZc2WU0+bKT6P2NFt58Xw+F3JjHOWWz6Pdbe7toIL8bU7v1X0QivqM+uvnw/R7ntcbRMzd9Np81C/wCj3iHWNczaGmtaxvTO/VfRKKOmJ9zJ82VH0f8AHQ9pgxrDnge1G9qxJugfanKctXhL8gDm3e8XPEbtF9PInRE+7k+V2dBu2JIcThIvrYzm4+Cw6roS20hJcyjopib/ALqpHyK+tEUe3E+7k+L63o02so2/tGAVul/3QEg+BXP4ts3ieH9qvwytpWe1NTuaO7Vfd+4aadytkY2Rpa9oc08HC4ToLy2zVj8+XUznfu7XbyOoWM+mcBc7jvuNV92Y1sHsvjN/rDA6KR2vbbGGO1722XnuPdAODVcr5MKxGqomkdmF7RK0HxOtlPeKy418tYLBmxCRoF/sXkeOiugo3VVayB1yHayWPqtGrj5L0fFOi/aTZatdU1+HGWhDZGOnpj1jQLGxPEDTiuQp6YUVNUTlpEj3CJnePvLLPLu6OPHcZD6xwEszQI4gB2WjWw0AUVYCXi2uguoI6d1VIyBjnEkBridGtZe/mtvXwNhlczQWWXHNbrpzu+zUCIAXKjfoNyyZQSbAKIxEm5WjLTGcNLrEmBAWzdHvJ0WuqtGkqYpkwGM66cNOrRqVtaeBzzoCsTBnws6587S65sAOK3MeJhpPU0sbBa3aNz4qcjDxtmUcHVt1tdZMhDWrVNmkkdq4XPIWWXoLNc8mQ7gFOKMqkBLyGt3ldZshgjsSqwyQ9XSxjPPKfut4+87lqtm8Fmr6gNjB01fIdzQvR6aBkVIyhowW04N5HcZXd/ctYwyyZMkoxCoYIY8lHCAyGMcB+q9d2MwNuD4a50jbVVQQ+Qkbhwb7v1XlL5nYVDEKVrTicwzwBzbthYDrM+29o3AcT4LrMC2hxLFtmKmJ8xlrq6s9Cp35ctrtBkdYbg0Zj3aBTtm7jZyo9MoH1bdY55nvjO+7L2B+C2wUFFTR0dHDTU7csUTAxg5ACynUAiIgIiICIiAiIgIiICIiAiIgIiICIiAiIgIiICIiAiIgIiICIiAiIgIiICIiArZGCRpa4BzXCxBFwfFXIg8h6YMElf0cYjhlnyjDXtrqTs3L4GntM8WAkeGU8Tbzro02jjxDC4sFxmpa2WnPU0VZIbAt+7FIeXsu4bjovprEKKGup3w1LGuje0t1G64IPwJHvXxzVYK7Z7F8Uw4P62BshEL3C2ZrSW6/BB6jW0U1HPJG5hZI3svjcLX/AOua5LHdn4KxpfAOrlOuU7iefcrMP2vrKekhgri6rp4gGROcftI2j7mbi0cAdy6WiraHF4s1PIC7lxCDymqhmpnmCsaRbc8jVYE8LmbtW8wvXq/DaeeMxV1P1sR+83RwXMYjsNU2fNs7OMQhGroBpKwd7ePuVbi1x5NeXnsjA5pa6xB4FR07RBIMnq33cls6mnMcro5Y3Qyt9ZjgdPEbwsSSEjWxtzCrZY2mUrNEo3tddSNlG93BakZmk2Vj5Xt4khU0vuxvGTADVSRzNz3O4LRR1ftFVNSTuNwp0dSfFnMkbKWDhfRe6fRugw3EqOt9PoaWXEKKQPp5XgOc2N41sDu1G9eBF3WBw5tIXrn0YK2KLamop5WvfNU0h6t4GjMpuQfcUnmKZ98a+nAAAAOG5VRFs5BERAREQEREBERAREQEREBERAREQY9fTNq6KopnmzZo3Rn3iy+JNrmikxF1DC8mnonuYX6EvId2j7yvsbbnFRgmyGL4iXmMwUz3NcODiLN+JC+IcQqnzVEgDnOedXPP3idSfO6y5Jux08F1K3OzLBM4SOs0vcCRfetvilFnlLgRu4rmMLqernja3iblZkuIvDyXvu0bgVXGNrkklo3NJva3NRTUz42BwFxbesCoxR8hDb2b3KrsYyNsAXn4KdI6iQ5nZfNa+tdG8ZI7OdxsrZ5nzvc55AudzdAkULjubZvM6KPAjiiDWgAaBZcMTnAlosBvJ3KgdFH/ALVw4DcuhwXZXFcZY2aZopKEb5ZewwDuG8q2MtZ5ZSNNG+zgynBkkPFdhs3snPK1tVXkxQE/vHDV3c0cV0GD4Vg2DtaKSn9Pqxb7acdgHubxWzrq+OljFXi0/cwW+DQN3gFpJphlntnUNKxkDaelj6qnbvHF3ee9ZMFZRwsqaiSeJlJSNvJIXW6x/CNg+8eZGgHeVwuIbVCvZM0zNoMOhbmku7tFt7C/ifuhcfjOLnFYmRRxyQUTOD9HSDgLcG8bceKlRu8b22rp8TfPhFTJTNzX65mjpDYi/c0A2A4L276O04xbZ99RWObJWUEr4Gabmvs4vP4jYNvyb3r5iDhms1fVX0d8CkwrYuWtnaWy4hMZAD7Dey345vgg9VG5ERAREQEREBERAREQEREBERAREQEREBERAREQEREBERAREQEREBERAREQEREBERAREQCF8mdL9QcA6TcYZLG6SiqJGVJY31oy5ou9nlq3ce46r6zXzV9KPDhHtDhlcxtvSKYxuPMsd+hQcTT9RVU+allZJDJ2o3tPHiCOB7iteX1FDUCWne6KQcjoVwdPiNXg9a+aikyZvXjdq147xz79679tbBXxsEto5HgEXOhuOBQdHg+2zTlixJoa72+BXTwz01UGz0slnbw9jrEe9eS11M6Im+o33ssalxCsoH5qaVw/DfRB7Ric7cSiEWO0kGJNb6srhknZ4PGp965Ku2Op6h5ODYg1kh/7vXfZnwD/AFT77LWYXts02jr2Frt2YHRdNFXU9VEHNcHNI0O8ImXTgsawPEcKcfrPD6iBnCXJeM+DhcHzWo6pkjfs3tPivXabEayjaW0lU9sROsZOaNw72nQrHrIMAxPN9cbPwxyHQz4Y/wBHk8cvqnyVbjKvOWx5K6meD6hPgLqwR8NQeRFl6K/YfBqs5sC2r9Dk4QYrERY8s7dFj1nR3thTszx4XBi1Pv62gnbJcc7Xuq9DSc0vlwzGPG6xuu16B8VhwXpCo34jLFTUzmyRGWV2VozN018RxXO1UD6CXq8Sw6voXg69bE4D5LVmeilkextXHvIyyJqp68a+86Wrp6tgfTTxTNOt43hw+CmuvhehFVThsmG1b4XDc6nnLCPIroqHbjbbDW2gxvEnN5SuEo+IVupn7f1X2Nfki+WaTpt2wpmtbUCgqbcZactcfIhb6i+kNVMIFds/BJzMFSW/BwKdUR7WT6IuqrxOj+kJgslvSsFxOHnkcx9viFuIenXZB9swxNn81Le3kVPVEe3l9PVEXm0HTTsXKQDXVMd+MlK8fkthH0s7DvF/7Q0ze5zHj5tTcR0ZfTuUXEt6VNiHbtpKHzd+ivPSjsT/APqSg/xH9E2jpv07NFxR6UtiBv2koPN36K09K2w4/wDzHRHwzH8k3E9OX07dUuvPqnpi2IgBtjPW/wDlQSO/Jaufp42NjByPxKUj2KUi/mQnVDoy+nqyovE6r6Q+AxkinwfFJuRPVt/NaWt+kVM9xGHbNacDPU3Pk0J1RPt5fT6GTw1Xy7V9OO2NSXGlpMPpmncBA59veSudrukLbzEcwlxqsja7W0AbEB5BR1HRfl6/9JrGDS7MUGGRylprJy6Ro4sYL691yF8uTPJqHEXIHdoVvcQ+sK+frsWxGSeUCwfUzmRwHIXWBM3D4iDPWs04MAVL3u2+NmM0sw55dU3tuBN1DUuL3b7+C2OCOpqqpkjw2jqayQt0DWl3wAXV0XR9tnXNEsOBsw6Ai/X1ZbC0DmS43UzFTLknw4SOkmk1EZA5nRXOp44zeeZoI4N1XoP9hMNpyf7QbZ08rho6mwqJ0778sxs0eKyIodlsJGbDNmpa2Yfx8amzgd4jbYfFW6VPcrz/AA2kqsSl6rBcOqa2Xd9lGZLeNtAuii2IqY8r9o8TpcPad8EbhUT/AOBug95W5xDabE6mI05rfR6U6CmomCCIDllbZa+jpJqh/wBlGRfuuSkxkReTKtlQRYNhLmnCcPMtQ3QVdaRI/wAWt9VvxK2PWVWIvD6iR8n83D9Fpa2tw7BWn02dslRwp4zmf7+S5TFtpayvcY2v6iC37phtp3qynl2+KbRUeEsMdMBVVe7KD2WnvP5Ljq7EqnEKjr6yTrZfugbmjkOQWtp2lwJOjQsmlgMpOQbhckmwHeUGsMokxaB0rHuY0jT7oJJWTXOcyd7CSQDp4LDmnpBVtFJUekSsOd+XdpwBWdW2fWEkakA2PMoNtshhL6+vpW5c008rYoGn2ibZj3C6+3MLo48Pw2lo4QBHBG2NtuQFl8tdBVI3EekejjcQWUTHTW72iw+JX1eNyAiIgIiICIiAiIgIiICIiAiIgIiICIiAiIgIiICIiAiIgIiICIiAiIgIiICIiAiIgIiIC8Y+k5Q9dszhdYGEmCqMZcNzQ9vH3tC9hrXPZRzvi/eNjcW+NtF5t0olu1HQzVVtPdxEMdYANdWOBcP+JB8aYvHllOnmt9hLzUYLTucbubdh93+S1eNs7V9/FZeykmahqYb+o8OHgR+qDYMxKemHVuyzQj7j+HgVcJaSruIpOpmP8OXS/geKxapputZO0braINnWU0sVxIw257wVBSV9VQPzUc74jxG9p8QsKHEKqlP2MxLPYf2mrIbilHObVlM6F/twm48kHRUW2b2WbX0ubnJA6x/wlb6g2mo6l37PXMa4jRkwyO+OhXBsoYasn6vqopeOW+V3ksKpoamMESwOI46XQetCra0XdTtez2h+oWRh+IYbHJmbNW0L94dBIRY+5eL09dUUTx6PUVEB4hj9PJben2qr2i0rqaqHHrWZXeYQfQ2H7RYj6K90O0LcTja27YKuFkpJHAE6rT1m0Gz+JTPix3YrCaiT7zorQSeNuJXktNjsUoY6bDp4yTo6CQOCvq9pKJ0jWPrZGm2gqIz8Cg9Rdsz0YYgBlpcXwiQ+wXPA+ajHRXs9VEnBNvHxfgqGgkeN7Lzqkx2Qs/ZsTY9vAGS/zWdDtDXxPzyRNmHEjj8wg7OTob2jLb4ZtPg9ezhn0PwutZVdEe3UWpoMLqu+OcC/mFoptpWzOa5tC2N/3jGcp+FlLHtNUxgej1eKQEezO79VGot1Uquj7bGmv12y0knfDK1y10uze0EP73ZLFhb2YyV0NFtxjUZAZtHi0fIXzAKKo6UtqqaokYMbrJGg6F0bSPiFHTE+5k5d+H10Z+22fxlh/wD27j+SgcxzD28LxhvjTP0+C7SPph2oaAPrJznc3UzbKdnTNtMTY1tOSPaphb5p0RPuZPP3yxt30WKD+amePyURqIR/3bEPfC79F6hF0v7QvNnzUJHfSj9Ve7pbx0al+EnuFKD+adEPcyeWekRHdS4gfCF36KVgc/8Ad4Xikg4Wp5D+S9Bf0y7RAkA4YPCjH6qKTpo2oA0qKRv8lIP1Toh7uTi46Gvkt1WzmLSX507/ANFmRbP7RTaQbJ4keWaC3zXQy9MW1Tx2cRDRwtStCwJ+lHa2a/8Apusb/wCU1rfyTpiPcyUp9hNt6lv2GzTox/tXsatlTdE/SHN/3GhpgeL5x+QWgn272oqPXxrFXf8ArZfkFjHaDGKkWqKqtlO+8lU8/mp6Yi52u2i6GNpz2sU2jwaibxvLc/kp/wDspwSm/wDm3SJTG29sIBPusSvP21cpOaamjefx9r5rMhxaojjyxQQMaDvDbKdK7dxHsl0V0BzVeI4tirhvaA5rT7wAp4sb6O8DcPqzY2CV49V9Uc5/3rrzaor3kXqqyCJpN7CQX8goW7SYZRuvFNG6QbnMYZH38TuQe/4btWa/DZZ87dmqBtg10UDInPHJptf4Ljcb2k2VDpHPdiWM1WtnTyvc1x95t8F5x/aZlZSyvkgq6mxuDVSZW+4LR1O0NeSRTClpG8OqZd3mUHfVWO1tW6+G4bDQw9wsB4krS11bT9c9+K4tE6UAvdHB23D3DRcJXV1VVG9VVzyjk52nluWABc2aNeQ3oO2k2uoabTDcNdM7hLVOyj/CFq6zarEq1hZPVvjiO6GnHVt8xqVpmUlRKQRE4E8XafBZQo4KY3rapkel8rdTdBU1D5MwjYyCN1rtZrfxJ1KzqKlc6ziLNHE6BYLa+mhAFJTZ3+3J+m9HVU9T++kcWn7o0ag29diVLhtNqDO52gYw2F+8rmsRxisxBvUuLYaa9+pjFgfE8VLi4tRx6WGf8lrI945oMzBoHS1zMg0bqV2NHQuxPG4aRjsgkf2n+wwDtHyHmQtJsv1bWSAta58szWtPEAG5XU7FRPqdsomtcWsYxz3AfeudAe64CD3joio6XDdr6eko4Y4oPq6QtZlu4PD2guJ3kkEX8F7cNy8R6KJBW9IFTM1pDKOCWla72iXNcV7cNyAiIgIiICIiAiIgIiICIiAiIgIiICIiAiIgIiICIiAiIgIiICIiAiIgIiICIiAiIgIiILXjMCDuIsvK+japFXBtTsbWODX08kzYgf8AVSXB8ifiF6sV899IWISbB9M1LjoYfQ6oNfKB96N1my+8WDvcg+f8fpH00stNKCJYHOhcDzabH5LC2XlLMTkiO6WMj3jVej9OeFRUO3eJSUzmvpK9rK+B7To5sg1I7swPmvLsMk9Hxmle7d1mU+B0QdJVt3rWTt3rcVjbOcORWrnGhQa2QalYkgWdINViyBBivAve2o3EbwsqnxevpRljqXOZ7EjQ8fFQOChI1QbgbQRStyV+HRyH2o3ZT5G6kZNs/UN7Tp6WQe0w2+FwtA4KO2pQddT4NTVDc9Di0R4gZwT8CPkocSwnFW2ZE5s4A3Eg381y+VpNy0HvssgVlTBDemqZ4i03BZIQgzWUlUwuE+HXP4WHXyVhlERFoqmBw5SG3kUo9pcXjdY1nWi3qzRteFs27X1TmBtRQ0cgt9zMw/MoMSHESd+ITxke0zN8lnx4rVtB6vEYnjhnZb5hWMx7CJdKzCZxfjG9jvmAVe+r2XmYcra2mJP3oM3yKDJpcdrwWlz6GYX3aXUNbj1WKuQehUm8HT//AFRQUuzsr+xi8THE2tKJGe/cVWrwPCppi+PHqDORuM4FvMILDjTyftMOaf5JCFRuLw2N8Llvz60qE7OszXhxGjeOB9Ij1+Kf2dqR6lRA4fhmYf8AmQZTcYicLSYbUW/C9VOIUBaT9X1w7s4WL/Z7ECRlcDfk9v8A7lU7OYnc2D7cbEf+5BIK+ne49ThVQ6w+89UdiJIu3CHAD2nlWHZ3Eres4d2cf+5W/UFYdXS+b26f7yCVuJ1QhuzC2BgN9XG/+ao3G68Ds0dKP5rfqohs+f4tdTNH4qiMf8yp9RUIBEuLUbD/AOcw/JBK/HMTtq7D4R7liS4nWzEdbiUTR/s2k/ILI+rMFiA6zGaYnjllJ+TVaWbOxuua4vAFrMY83+SDGkqi4faYjVS/ytsPiVEZIXgBwqHge3Kth6fs5F6lNVPcOIiGvm5V+u8OYf2fDHkcC97R8gg14MN7R0rC7vBeVOyLEJCGw00rb+qBFkBWX/aqoY0iCjpWDvc536KGDaLEJ6pjQ6CMOP8ADhF/M3KDoqWgqm4eWva1rrXcXam/uutfWUEMYzVNdEwHhcN/U/Ba+urKif8AvE8snc5xt5Bap7xc5QPJBtpZcHhGjpZ3dzSQfebD4LGnxloaGUlK2JvN5v8AAWWre4k7yoiUGXNX1U+kk5DfZZ2R5BRRi27eogp4wgniathAFhxDRbCAaoLMYYXYeD7L7rRg6/Bda6BtRTPieSA4WvyK1NPgNfJN1TYAS7QPJGUd6CbZuAjEYHOuATmHeCD+i7To2jzbZOdvLacgDvXLxQR0O1EVJTOzsp2hkjreu/LdzvM/BbrZd89NiklRC/q2RxESSWuRcWAb+I305WvwQfRPQnaXHMVqIwOrmfI6Lk6NhDDID+J+b/CvZxuXlX0fsPlbsvLilTGGGpc2CnYN0cEYs1re4uLiTxJJXqoQEREBERAREQEREBERAREQEREBERAREQEREBERAREQEREBERAREQEREBERAREQEREBERAXlX0htnDi2x/1lTszVWGO60gcYnaPHu0PuK9VUVTBHUwSwTsD4pWGN7Tuc0ixCD41qZztHsC2OTt4ts4CWk+tNh7jY+JifbwafFeW1YMNQHj7rg7yXr20+A12w+3UtLTAOkgf1lKXjM2eB9xlcOIcCWOC812no201fM2OGWGMONoZPWj/AAHw5oN9VESNEjdWvAcD3ELVzt3qXA5/SMIY0+tATEfDeEnGpQauUarFkGqzZhqsSQaoMV4UTgp3jVROQQFRlSuUTkBVOsT29ysupWaoMSI9sKZhuVjRj7QKaInMgrJdr7o0g3B3KtR6g53UXLmgq8gPOU6cFa4lxN7HvQ7yVRBQBvstQBpHqhLKoQMo9kKjmt9lXFWncgoWtvuVLN9keSuBF1R28oKZWD7rfJLAbgPJU8E4ILgdUvqrQU4oLwdVI11lDpwVwKCXMFk4V/f2cdD8lg3WfgwHpEh4hlx43QZdW+xKwHlZNSbvcsN55oKEpdUG5VG8IKgarIiGgULRqsmIahBkxBZ8A0CwoQtjANUGdTjULd4dZpDj6re0fctPTi9lkYxVCiwSbL+9m+xYPHefcEGs2XhkxbaPO2VsJqJXOMz90TLkuefButl7E/Aac0VScMw+OnmxWaOmoaZrdYw4gNcfxkAvce/uXNdFuyLhFDiVewhnrQREetyce5e8dG+DjEscfjUrb0uH54KQ30fMdJJP6R2B4uQeh7P4ZDg2CUOHU37qlhbE02tmsNT7zc+9bBB4IgIiICIiAiIgIiICIiAiIgIiICIiAiIgIiICIiAiIgIiICIiAiIgIl0ugIqXRBVFREFbpdURBW6XVEQVul1REHA9L2xsm1OCR1OGNaMcw89dSE6dZxMZPI8ORsvFMbwei21wVtVGOorgDGS4WcyRujmPHcV9UeK8r6RdkJqHEKjaXZ6B0vXWOJ0EY1nA/jRj/WAbx94d+8Pk2GCp2fxuagxKN0Rf2T7N+DgeSzalurhyXsG0WAYVtdhMZflkY9maCpj9Zvh+YO5eU4rg+IYBKKTFAXMHZhqh6kg4A8nINHMDdYkg5LPnbw5LCkGqDFeFC4KeQaqFwQQOsonblM4KJ4QR21Use9Rq9m5BiDR7uYKliFrk7gogPtXDvWSxodGQeKCGV2Ygbhy5qyzd5K2eExsbUSGZ0LW9U4DrQXZj7LQN7jwXWCnp30UUZhe+mic/qXHrQ6FxLe28a9g66fmg4IFvtBUsCNHBd0/CaR73dZA0PN+uIc+zh1ls0PYN9Of+StbguHv9HDYWPmexpjAmDWSjt3zkt7LxYae5Bw1juuEsu1fgWDmnNnyNiy2E5kiLhJ1Ydkc3Q2vfX9CpX7NYU2Woc5tTeES9dTsmhc6INyWe0h1pBZxNh7ri9g4YNcRoCrcrvZd5Lt6rZzC4GFrXZ+r6xwmM7AypY2QNGWzuy/KdW8eGmqhmwTC42TTGOr6mcSspYxO0zwOY4APnbfss138eCDjcpB1BFlQjcu5l2bw1kkkecl1KXhz21gdFXuEjW5KdwB1yuOp/JXN2cwtzBJEwuYZHNfH1sjpKe02VrdGWe5zddPHQ2CDhLFWkW3ld83ZyjjFpaUNFml85bI5tOLu/eA27RAGg08Fe3B6QhnVUlDDVPhHVQTOY1jm5CTK57nGxuN3Pgg8+OUb3W5qoYSdLn3LvPQsLEUhobzxMeRCzMOuMmVpLnZW26sG9tVkyQYbTzVLZWQuc0mQuZC97KvtghjQ5wyNGuqDz10LmtuWuAO4kWHmo+K7SZ0UuFupRUtbTkl7IJGAPab33a6WNgb6rjp2ZZXeKC0HvWwwm+eU/hAWuG9bDCzZ0l+QQTVR1Kw36rKqN5WK5BarhwVArgEEjAsmIKFg1WTENUGTCFsYBqFhwN3LY07LlrRckmwAFyTyHMoM2mDQCXODWNBc5x3ADeV0Wxuyr9oq+HGMWiMeEw/3SneLGb8bhy7uK2uymxrpSypxqO0XrMpHb3cjJyH4fNekUlPUVdXDRYfCJaqQWYy9mtaNC5xHqtHHyGqCfCsOqMXxGLDKAmJ725pZmjSni3F/ifVaOeu4Fe04XRQYbh9PRUkYip4GBjGjgB8zzPNa/ZfAYMBw7qInGWokPWVFQ4WMr7b+4DcBwC3KCt0uqIgrdLqiIK3RURBVEul0BEul0BEuiAiIgIiICIiAiIgIiICIiAiXS6AhVEQLoiICIqXQVRUul0FUVEQVS6oqXQXXVLql1S6C5FbdLoLlS6pdUuguuqKl0ug8+2s2FPpM+J7NNayeZxkqaEnLHO722X0ZJ8Hcbb1wFbTwV0M9LW0wcAcksMzLFruRB3Hv8l7/fvWm2h2cocbjvUNMdS1uVlRH67e7vHcUHyjtJsBNDmmwRxmht/dpD2x/K47/Arz6qikhmdFLG+ORujmPaWlviF9P7R7O4lgZL6iP0ii1tVQi7Wj8Y+78u8LkMYwvD8YiDa6njmsLtfezmjmHDVB4FIDfXgoHr0TGOj+eMufhFQJ23P2U5yvHcHbj71w+I0FVQSmOtp5ad/syty38DuPmg1jgVE4arKe228KF47kEB3o06qTLferSxBiyaTHldTROyuIKsnaQQVadTdBtaCtjpXkVFMyeF4s4EWcPAraibZyRozMxOM23NlJA7uOi5xtnssVCXEAi50KDq2jALg0+M4hTOaQRdx7J7leGU4gMNNtXMIXEOMbtziL2JF+8+a5AlztblWPJI7Rvbmg7QiqMjpGbUtc9zMhc7UltrWJvutorxJiWWMDaGmvGXOYerFwXWv8h+VlwiWHIIO4mFZOwsmxmidGZHS5epbYPJBJAHh5aLIdXYo+trqx+PQel1kT4aiXKM8jH2DhcHUEACx4LgLDkFSw9kIO5Iq+pjhOOxtgjLjFGw2bGXWuWi+h0Cjmhe58Zm2hcSwlwcXC1yb8964nKOQ8lQtAG4IOwdHRs66OXFzI2QgvIcwA+asacHc682JSWboLPbe3uauRsE4IOwcdnGx5XYlWu1vdrnfkFG2p2XY8nq66Ut3FxJB+K5O6qEG8xTF4JY2wYbAYYBvzAZj7+S0rjc34qngrhqgNGqzqHRrjzKxAFnUwtG1Al1WOfBTvOqsKCwBXtCAW4i5U0bbODSNTuHE+A4oKxt7QFlmwR6XOg71ssM2drqkB7420sXt1HZJ8G7z8F1uE4BhlIWmVprp73Dph2G+DBp5oNDgGA1uK5X08TWU97GeU5WDw4uPgvS9mtnqLCi2SMGoq7AGeQer/K37vzUtFFJOWuku1pIa2438gAOPIBelbK7B1lcI58S6ygo94Zunk933B8fBBqcDwusxirNPh8Yc5v72R/qRA8XHn3DU929eu7OYBSYFS9XT3knfYzTvAzSEbvADgBoPiszDaClwykjpaGFkMDNzGCwvxPee8rKuguCqrLqt0FyXVt0uguul1aq3QXXS6tul0FyKiIKoqJdBVEuiAq3VEQVuioiCqKl1W6AiIgIiICXVLogIiICIVRBW6oiICKhVEFbpdUuqIKpdUVEFxKpdUVEF11S6tJS6C66XVl0uguul1bdUugvuqZlZdUugkuqXUZKXQXk3BB1B0PeuL2i2DocQMk+GOFDVO1LWj7Jx728PEeS68uTMg8F2gwHFMFd+3Ur2w3s2ePtxn38PeucqzHUQmOeOOeF2uWRoe34r6aLgQQdQeB1XL43sPgOKZ3ml9FmfqZKbsm/huPkg+Y8R2QweqL3U3W0Uh/1TszL/wAh3ea5fENisShN6QwVbfwOyO8nfqvoTaDorxKIukwarhqmgX6uX7J/nq0/Bef4nQ4xgkpbieHVNOAd8sZDT4O3FB4zWUFVSOy1VPNC78bCPisUjTdcDfZe70OMYVP2cQhyHdd25SYvgGy9Vh0tbFRRVcsQuGR2vv33GtkHgLgHMIuFAWEb16XPgmzeITlwgrqMk3caaobJbwZINPNSydGlFWxdbg20cZDtGsxKlfAb8i9uZvwQeYM7J1Ub2knTcvQa3oq2op8xpoaDEGjcaOujeT7nFp+C0dbsbtLRNJqdn8Va0b3NpnPHmAQg5oXbuVjtQbhZVRFJTuLaiKWFw3tkYWn4hQF7d2dhH8wQQ27wqWU+VpGgafAqhZbg7wQQ20RSFp5GyplPJBGd6o7cpC08imXuKCJLFS2bxNj3qodGB6zL/wAwQRBquDCp4gXm0YLj+Bpd8gtrRbPYvWi9Jg+J1A5x0jyPOyDS5Sr2s1Gl12dF0cbWVdurwOaJvtVMscAHjncFtI+i/EIhmxTHdmsP9pvp3XvH9MbT80Hn0cQc6w0/JZbAALDXwXobNitlKVo9K2kxSvkGrmUGHCOP/FKb/BZ9C3YyjfHDT7KurJS4ZZK6tfNK49zGgNHkUHlkdPJO8CJjnk7gxpJPktxS7K4tPb9lMQP3piG2929fRc52UwbDIJa+Omo5HsDjSi2Zp5ZW8VxWLbYUVTI6HAsJdLmu0OlFh3aDVBwNJsdFESa6ofL+GEZR73HXyWzgiosOs2hgiid7YF3H+o6rrcG2I2s2ie15pH00JHrub1Yt4lejbN9C1JThsmMVr3vBuY6cWv3F518gPFB43R0tVWTNADrvOgIJLvADUr1TZToxxOqaySqj9DiNjnnHa9zAfmQvXsC2fwnAmEYVQQU7netIG3e7xcdSttmQaXZzZPCsCIlgiM9Xb+8T9p4/l4NHgB33XQB2veos2iqCglzKt1GCgKCS6XVl0ugkul1YCq3QXXVbqxVuguuq+9WpdBcitVboLkVoKqCguRW3uqoK3S6oqoK3RUVUBERAVVREFUQIgoiIgIURyCiIiChS6KiAVRCiBdUREFCioiAVREKAqIiAqXVEQVuqXVFQoK3Vt0KoUC6tJQq0oBKtLkKsKC7MqFysKtQX5lZIGyMcyRrXsdoWuAIPuKoVRBy2NbAbN4td02HtgkOuemd1Z8houIxPoZ6uQy4JjDonDc2dmv8AiafmvX1Q70HzljXRltVE8uGHw1pG6WlnaHfGxXL10e0GBDLXYXWwsa43dLTOAP8AUNF9aHehJtbgg+Tf7cRzxxwTwsJYLAOsfmkG0r29ulnraV198Uj2j/ddZfUOI4JhWJA/WGGUVVfjNA15+IXN1PRfsdUPc76jgiceMMj4/g11kHg/9s8VLckmNVMgG5tQQ8e/M0qKp2oc1oNTSbP1bHby7D4ZD7yGgr2Wr6G9nZLmmqMTp78Gzh4Huc381p5+g+lc4mHH6kN5PpGO+IIQeS/XGATj9p2V2bkJ+8KZ8Z/3XKx39lJzd2y+EMv/AKqWdv8AzL0up6CqjXqMapHcuspC35ErXnoJxa5viuHf0seg8+9B2UkIy4FAwfhqpfzKpNQ7LAHq8Hj99VIfzXpcXQRWFlpsaY13+zi/Uqh6Bqq9xjun/lD9UHlclLs2x3YweB/808h/NXB+zjALbO4YSPbdK7/mXqT+gWotduMgu5mOw+BUP/YRid7HFaAj8THoPNxjGFU1hS4FgUZ39qk6zX+olSHbCoa4GGnwmAjcYcLhB+S9Pp+geoFuuxumbf2KYu+ZWxi6C4APtNoZ/COjYPmUHkQ20xtxHVYjXM7oGMjA/wALVWTaPEqkWq5sSqB+Od/6he20/QlgrQPScUxaf+VzIwfIFbai6Idjqe3WYfNVHnUVL3fIgIPnZmMMiaOso2ZgTZ0jwSR77lXMxOtrXmPD6VznSaZYIy4nyC+psP2H2Yw+3ouA4ewjcXQh583XXQQRRwNyQxsjaPusaGj4IPlPDdgtr8XGZuEV4jdv6y0IPjmIPwXebO9Em0NOwH0zDsLcfvxNM03+LS3uXut0CDzPDOhnAYpOuxaqrsTqCbuc53Vhx8Bqu8wjZ3BsIY1uG4ZS0+XcWxjN5nVbFVCCUO431VcyjCqEEocrg5RBVCCUFXAqMK4IJAVUFWK4ILgVUFWqqC4FVVqqEFbqqogQXXRUsiC66KiqEFUCIgqqhUQIKqoVEQXIiIAVVQKqAiIgKqoqoKIiICFEQURCiChVFciCworiqWQWoqpZBbZUV1lSyC0hFdZCgsKK4hUsgtsiqQlkFtlQhX2VLILFSyvsqWQRkK0hS5VTKghIVpap8uqtLUEGVWlqyC1UyIMfKqELILFQsQQZVblWRkTIgxrdyZVkZVTIgx8qZe5ZHVpkQY2VCFk9WqdX3IMbKmVZPV9ydWgxsqZVk9WnVoMbKmVZPVp1aDHyqtlP1ar1aDHy9yZVkZEyIIA1VDVP1aBiCDKqhqnyIGIIQ1VDVNlTIgisq2UwaqhiCMBVDVJlVcqCwBXAK4NV2VBbZVAV1lUBBaAq2V1lUBBaAqq4BLIKKqrZLIKKtlWyWQUVQFVLICBAqoCqEARAVQlkQVREsgBVREBERARVCICoqogoiWRAQoiCiKqILbJZVsiCipZXKlkFtksrrJZBZZLK5LILSFSyvslkFllQhX2SyCyyWV9lSyCyypZSWSyCOyplUmVLIIy1ULVLZLIIS1UyqeyoQghLVTIp8qoWoIciZFNlTKggyKmRZGVUyoIMiZFPlTKggyJkU+VMqCDImRT5UyoIMl0yKfKmVBBkTIp8qZUEGRMinyplQQZEyKfKgaghDFXIpsqZUEORAxTZUyoIciqGKUNVcqCLImVS2VbIIsqZVLZVyoIsqrlUmVLILA1LK+yWQW2SyusqgILQEsrrJZBbZVsrrJZBbZVsq2VUFtksrrJZBSyqEVUFEVUsgIqogpZVREBERAVQiICIiAiIgIiIBVFVEFEVUsgpdFWyWQUSyrZLIKWVLKqIKWSyqiCllSyuRBbZLK6yWQW2SyuslkFtksrrJZBbZLK6yWQWWSyuslkFtksrrJZBbZUIV9ksgsyplV9ksgsyplV1ksgtypZXWSyC3KmVXWSyCzKmVX2SyCzKmVX2SyCzKmVX2SyC3KmVXWSyC3KmVXWSyC2yWV1ksgtyoArrKtkFtksrrJZBbZLK6yWQW2VbKtlWyC2yWVbJZBSyWV1ksgtASyuslkFtksrrIgtsq2VyogpZLKqIFksiIACIq2QURVslkFLoq2RBSyrZEQEREBERAREQEREBERAREQEREBERAREQLJZEQLJZEQLJZEQLJZEQLJZEQLKiqiCiKqIKIqoUFFW6oiCt0uqIgrdUREBLIiBZLIiBZLIiBZLIiBZLIiBZLIiBZLIiBZLIiBZLIiANFW6oiCt0uqIgIiICKqIKIqogoq2RECyWRECyWRECyWRECyWREBERAREQEREBERAREQEREBERAREQf//Z\" data-filename=\"jb.jpg\" style=\"width: 669.5px;\"></div><div style=\"background-repeat: no-repeat;\"><img src=\"data:image/jpeg;base64,/9j/2wBDAAYEBQYFBAYGBQYHBwYIChAKCgkJChQODwwQFxQYGBcUFhYaHSUfGhsjHBYWICwgIyYnKSopGR8tMC0oMCUoKSj/2wBDAQcHBwoIChMKChMoGhYaKCgoKCgoKCgoKCgoKCgoKCgoKCgoKCgoKCgoKCgoKCgoKCgoKCgoKCgoKCgoKCgoKCj/wAARCAK8ArwDASIAAhEBAxEB/8QAHQABAAIDAQEBAQAAAAAAAAAAAAECAwQFBgcICf/EAFEQAAIBAwIDBQUEBQoDBgQGAwABAgMEEQUhBhIxE0FRYXEHIoGRoRQyQrEII1JiwRUkM0NygpKi0fBTsuEWNERjwtIlZHOTFyY1NlR0g6Px/8QAGQEBAQEBAQEAAAAAAAAAAAAAAAECAwQF/8QAIhEBAQACAgIDAQADAAAAAAAAAAECEQMxEiEEQVETIlJh/9oADAMBAAIRAxEAPwD9UgAAAAAAAAAAAAAAAAAAAAAAAAAAAAAAAAAAAAAAAAAAAAAAAAAAAAAAAAAAAAAAAAAAAAAAAAAAAAAAAAAAAAAAAAAAAAAAAAAAAAAAAAAAAAAAAAAAAAAAAAAAAAAAAAAAAAAAAAAAAAAAAAAAAAAAAAAAAAAAAAAAAAAAAAAAAAAAAAAAAAAAAAAAAAAAAAAAAAAAAAAAAAAAAAAAAAAAAAAAAAAAAAAAAAAAAAAAAAAAAAAAAAAAAAAAAAAAAAAAAAAAAAAAAAAAAAAAAAAAAAAAAAAAAAAAAAAAAAAAAAAAAAAAAAAAAAAAAAAAAAAAAAAAAAAAAAAAAAAAAAAAAAAAAAAAAAAAAAAAAAAAAAAAAAAAAAAAAAAAAAAAAAAAAAAAAAAAAAAAAAAAAAAAAAAAAAAAAAAAAAAAAAAAAAAAAAAAAAAAAAAAAAAAAAAAAAAAAAAAAAAAAAAAAAAAAAAAAAAAAAAAAAAAAAAAAAAAAAAAAAAAAAAAAAAAAAAAAAAAAAAAAAAAAAAAAAAAAAAAAAAAAAAAAAAAAAAAAAAAAAAAAAAAAAAAAAAAAAAAAAAAAAAAAAAAAAAAAAAAAAAAAAAAAAAAAAAAAAAAAAAAAAAAAAAAAAAAAAAAAA1L3UrGyhz3t5bW8OmatWMV9WedvvaNwhY57fiCwljqqM+1fyjkD1oPmd57bOC7b+jvLq5f/lW0v/Vg49z+kDw1BPsLHVKj7uaEIZ/zMD7ID4RV/SJ09f0Wg3M1+9cxj/6Wa0/0jKX9Xw9L+9eL/wBgH6AB+eX+kVJ9NAgvW5f/ALTJR/SKhzfrtAzH926w/rED9BA+DQ/SKsn97QK69LtP/wBJu2/6Qmhya+0aXfU/HklCX+gH2wHyW39vfCVXHaUtUpf2qEX+Ujr23tk4IuEs6vKk33VLeovyi0B9DB5vT+OeF9QX8117TpP9mVdQl8pYZ3qFzQrxUqFanUi+jhJNP5AZgAAAAAAAAAAAAAAAAAAAAAAAAAAAAAAAAAAAAAAAAAAAAAAAAAAAAAAAAAAAAAAAAAAAAAAAAAAAAAAAAAAAAADIyABrX19a2FB1725o29FdZ1ZqMfqfM+JfbhwtpLnTsJV9Urrb9RHlp/45bNemQPqpiurmha0ZVrqtTo0o9Z1JKMV6tn5X4l9vnEd85w0uFrplF/ddOHaVEvOUtvkkfLtc4q1PV6zq6pqNzdTffVquXyQH7D132rcIaO6kaur07mrDrTtYuq/mtvqfP9a/SIs6bnHRtGq1sP3alzVUIteiyz8wVL99E2zXq3c1Jrmj8HsB9u1f288VXjmrSdnYwfRUqPNJfGX+h4nVvaHxJqUm73Xb+plYaVdwWPSOF9Dw9KNzcvFKnVqN/sxbOjb8NapXScqMaSf/ABJYfyAtX1aVWo51ajlN9W3lv4mvLUc97OvQ4LunjtbunFfuxb/M3aPBVJY7W5qy/spIDy875vpnPqY5Xsu5HtqfB2np+920/Wp/0N2nwzpkFtaUn6tv8wPnTvZkO8m9sn06OiafFJK0t1jp+rX+hdaVZL/w1D/7aA+WK6k395fMfa5eKPqq0yzXShR/+2g9Otf+FS/wID5aryfl8yyvZH0etoVhVealrQf9xI1KvC+mze1BL+zJoDwyvvHJkjfrvZ6yfCdhhpQqLzVRmlX4PpYzRuK0P7SUv9AOPTvJP7rz6M27bVbi0qqdGrVoVFvzRk4P6Fa/CV3Bt0a9Ka7s5izQq2Wr2aanRquK8PfiB7nSvaTxVpzX2XXr9LwnU7Rf58ns9G9vXE1q4q9jY30F3Tp8kn8Yv+B8K+2ShhVqEcrrs4v/AE+hkp3lKWcynT22yuYD9YaJ+kBo1xyR1bTru0lhc06TVWOfTZ4PoGhe0LhbWmo2OtWnaNZ7OrLs5emJY+h+GKVaUo5pzhOPfyy3XwM0Lqaa6L49AP6GRakk4tNPo0SfhjhzjnXtAnH+StVu6EE89nzuVN+sXlM+ucNfpB3MFCnxBplK4XR1rSXJL/C9n80B+iweO4Y9pHDHETjCy1KnSuGs9hcfq5/DOz+B7FNMABnIAAAAAAAAAAAAAAAAAAAAAAAAAAAAAAAAAAAAAAAAAAAAAAAAAAAAAAAAAAAAAAAAAAAAAMoAMo8vxpxxofCNt2mrXcVWazC2p+9Vn6R7vVn56459uGtauqlvoy/km0eVmEuatJecui+AH6J4r424f4WhnWdRpUqzWY0Ie/Ul/dW/xeEfEOMPb/e1+1ocN2ULOnulcV8Tqeqj92P1Pgd9qlStVlVrVJ1KsnmUpScnJ+bZy6l3Ob2fXZLxA9PxFxTqWtXHbavqFxeVO7tqjlj0XRfA89WvpS6NvzNvTtAv79qUodjSf459X6I9Vp3CVnR5ZV4yrz8anT5IDwtNXN3PloU6lSXhCLZ1rLhXULnEqzhQi/2vel8kfQ6FpRoQUYxjFLuisIz5jHogPI2fBlrFfzidWrLv97lX03+p3LTRLG1jinb0Y+fLl/Nm+6hXn3AtClSppqKwvLZF8wX3UjC5leYDNz+hDmYckNgZechzZiciOfYDK6jI5jE5Ec24GbnHOYOYjL8QNjm8xzM18sKTA2OYjJiUmOYC7ee4q1HwRGSMZA1rvT7W5TVWlGWe/B5+94ToyzK1qOL8GepaI3A+bXui3lq96fMv2l1NJTqQlyyc013POx9TnFSTU0mn4o5Wo6Jb3cXiKjLuA8PTupRe+H9DboXUZd+GW1DQri1k3TzJLufU5bUoScZJxl4MDv0rhrDjJnv+DPanxHwyo0ra7+02iefs9zmcfg85XwZ8khWnHo3g26N5uub5gfsXg722cP6z2dDVubSruWE3UfNRb8p93xS9T6nRrU61KNWjUhUpyWYyg8pryaP560bnvTPb8D+0LWuE6+dMuea2f3ras3KnL4dz81gD9rA+X8De2PQuIOS31JrS757ctWWaU3+7Pu9GfT4zjKKlFpxaymt0wJAAAAAAAAAAAAAAAAAAAAAAAAAAAAAAAAAAAAAAAAAAAAAAAAAAAAAAAAAAAAAA9kG9jwvtG9pWkcF28qdSSu9UazC0py3Xg5v8K+rA9dqepWemWNW71G5pW1tSWZ1aslGMfifn/wBpPt0nVVWx4P5qNP7sr6cfff8AYi+nq9z5Lx3x3rHFl87jVblunF5p28NqdLyS/i9zwtzdubbT28QOnqeq1bmvUrXNapWrTeZVJzcpSfi29zkzr1K1RRgpOT2SSy2bWmaRdalJSinCl3zl/Bd57bR9DttPinThmpjepLdsDy+ncL3dzid03Qh4dZf9D1ul8P2diswppz/bnvL/AKHUhywXupEynlgZIqEPupfEiVQwuZRyAzOZRyMbkVcwMrkQ5mJyKuW4GZzIczC5EcwGZzKuZicirmvEDNzFeYw9ovEjtF4gbHMRlGDtBz+YGfmGTBzZJUgM3MTkw5LJ7gZUyyMaaLJgXJKolMCyRPKQmXQFHEq4GdLJHLkDWqUo1I4nFNeaOBq+hwrRcoRyu7xR6dxIwB8vraZUpSxF58M7GvUoVaf34P17j1/FNKFC4ouMUnKLb+ZyqdXb/qBxIVHFvlZtUbrdZ6nSna29ZZlTipeMdmatTSZPehUUvKWz+YGxQu3HG59C4G9p+u8LJUrO5VxZZy7W5zKH93fMX6fI+U1FVtp8tWMo+plp3DT2YH7L4T9s/DusRp09SlLSrqWE1W96m35TX8cH0q2uqF1SVW2rU61J9J05KUX8Ufz2t75xeObc9LwzxbqegXkLjSL6tbTW2Iy9xrwcXs0B+6gee4B4hXE/Cen6rydnUrQaqRxhKcXiWPLKPQgAAAAAAAAAAAAAAAAAAAAAAAAAAAAAAAAAAAAAAAAAAAAAAAAAAAAAArKfKm3skY7m5pWtCpWuakKVGnFynObwopdW2fmj2w+16rq7r6Rw5VlR0v7tW4jlTuPJeEfq/QD0/ta9ssdOnV0rhOtTnXSca18sSjTfhT7m/wB7oj81apqNS4r1K1xVnVq1G5SnOTbk31bZq3t28vvfcc6Kq3VZUqScqk3sgJqVJ16kYwUm28RjHqz02icORThWvo89Rb9n+FepvaHo9KxgpNKVdr3p/wAEduLUVhdAMlKnCmkkkvJLYycyRh5yHMDK5lecxc2e8hywBkciOYx82SrYGRyKuRRyKOQGVzKSqGGU0u8wyqoDZlWwY5XHmakqmTG5gbcrh9xjddvvNZzI5gNjtn4kdq/EwZQygNhVH4lu1NZPBPMBtKr5l1WNPmJ5vMDdVUuqxoKfmWUwOjGrkyRqJ95zYz8zLCp5gdFSLKRpRqrxMsamegG2nuXTNVTx1MsaiA2EyyZhUi6fmBkIwiE0HJRTlLok2wPEcWXCqas4Rz+qioP16/xOTCeGYrq5de7rVXn35ylvu8ZIjJAb9OobNKqc2MjNCeGB1E4VI8lWKlHwluadxo9Ooua0lyS/Zlun6Ewq4NqjV8ANPS9O/WVo3dLuWMmzU02NOnUqUKkouEXLlluuhvQq56kX6lLT6/ZJuTj3dcZ3A/W/so17RK/Dum6JplxTV3aWVKUqGd2nFPmj+0svfzPen4A4c1u60q/oXVjXqW9zRlzQqQe8X/vqu8/W/so9pltxjbK0vFChrFOGZQW0ayXWUP4ruA+kAAAAAAAAAAAAAAAAAAAAAAAAAAAAAAAAAAAAAAAAAAAAAAAAAAAYbqvC3ozrVqkaVGmnKc5tJRS3bb8C9SXKm3JJJZbbwkfmH23e1B6/Wq6LolVrSaUsVasP/EyXh+5np49QND2ye1GvxRc1dO0qUqOiU5ekrhr8UvLwj8XvsvjV7dYzvlstfXWF3Z7kcarNybbeWwJm51aijFOUpPCS6s9voGkxsKPPUSlcTXvvw8kc7hjTFTiruuv1kl7kX+FeJ6SL6AZk9iyfcY0WSAuRkJE4AqMksqwIbKuQbMU5AWlIwzqYKzma85Ze4Fp1MmJyKtlGwLuRVyMbkVcgMnMHIxcxDkBl5ieYw8w5gM3MTzmDmI5gM/Myecwcw5gNjmRZSNbmJ5wNpSLqRqKZZTA3FPzMkanmaKqGSNQDfjU88mWNVHNVQyRqgdWFTzMsahyYVd+psQrAdJTOHxle/Z9IdOFRxqV5cu3Vx7zoRrN7JnheLNQV5qbhBPloJ08t9XnLaA5sZbdxeMjWjIyxkBtQnsZoTRpRkZYyA3ozwbNKfmc6EzYhMDp059NzdoVcSW5x6VQ2qdTcDJqGmKs5V7T3avVwXR+hi0XVbrTb2lWt6tS3uaM1KM4vEotd5v0KvTcm+sad/TcoYhcr7svF+DA/U/si9pNHi+zVlfuFLWKMcyS2jXj3yivHxX8D6WfgTh/WLzRdUpV6FSpb3dvPMZJ4cWu8/YXss47t+M9JXO409UoRX2iiu9dOePk/owPcgAAAAAAAAAAAAAAAAAAAAAAAAAAAAAAAAAAAAAAAAAAAABD6knzv2zcdR4P0LsrOSer3kXGgs/0UejqNeXRefoB4b9IL2iulGrwxolfEmsX9aD6f+Un+fwXifm+8uFFNs2r+6lVqVKlWTlOTcpNvLbfVvzPP3VZ1anX3UBhrVHObk+/obmhWDvbtTn/Q02nLzfcjnt7pLfPQ9vpNorSyp00vfe834tgb9MzQW5SnHY2IRAmMTIkSorBZICuAWKsCjMcmXkzDUeEBWczXqTFSfUwSkBMmYpSEpGNyANmOT3EpGOUgJbIyUcirkBdyI5jG5EOQGRyCkYeYjmAzOW5HMl1MLlgjnXiBnUyXMwc3mMgZ+fBPaGDI5gNlT2Lc68TUyE8MDcUi3OjUUmTzsDcUy6maKmy6qAb0ZmWNRo56q+ZdVn4gZtXvXbabWqR+81yrfvZ4U3tavZ3Vy6fSlTk0kvzZoICU9y6kY3syywBmhLqZYyNVMyRkBtxlgzwmaUZGVMDfpywzapzObTmbFOe/UDqUp9DdoVcNbs5NKfQ26U2Bv6jYx1Gkp0sRuYfdb/F5Mngfie94b1yhe2dR07ihLDjLpJd8ZLwfeLWriS3MWr6criLvLVLt47zivxrx9QP2rwbxLZcVaJR1GwltJctSk371KffF/wC9zun499ivHkuF9dj9om3p1ziFxDrhd0l5r8j9e21ancUKdahONSlUipwnF5Uk90wMoAAAAAAAAAAAAAAAAAAAAAAAAAAAAAAAAAAAAAAAABDA0Ne1S00XSrnUtQqqna20HOcu/wBF5voj8VcdcS3fE+v3ep3snz1Ze5DupwX3YryS/wB7n1D9IjjVahqK4fsKmbWzlzXEoy2nVx93+7+bZ8Fva+Mgad/cZXKnuznSkXqScpNvfLFKlKs3jaK7wN3QbT7VfqUl+rpJSfm+5HtacW2cHhtUaanSWFVbz6no4LwAyU47IzxRSCMsUBZIkghsAzHJkykYZzQETlg1qs/MVahq1KnUBKRhlIiUzFKYEymY3IrKRSU8AWcijkjHKeSkpYAyORXm33MFWvClFupJRXmaFXVqUU+yjKb+SA6dSooLMnj1I5jgy1CdeLU4qEevumCvcTqdZz5fDmA9DKvTjnmqRWPFo156lbQ3dTm/so88lFLcrLHcB2KusU9+WnJ+pgervHu0vnI5feMAdCWq15LEVGJSWo3Un/StehposBnV9cp/00i8tSunBR7THmlhmoyMMDbV9cbfrpfMtG9uE+btZfM0ycgbz1C4b/pZLBH8oXSee2kzTROQN9arcqUW5Jpd2OpaGsXEZ5lySj4Ywc7OxVgdyjrccLtaTT8YvJnr6pRnbT7GT7TGMNYPOd5ejJKTyBsZ3ff3jvKrxJT8QJayF4DIyBJaLwVCYGaLM0ZGsmZISA2Ysz05dHk1IyMsJYYHRpT6bm3Smc2nPobVKYHUozwzp2lZrBxKUjet6mH3ga2sWv2C5hdUE1QqS97C2i/+p+iv0c+NZXlrLh2/qJzpRdS0be/L+KHw6ryyfEYwp3VtKhWWac1ho5XD+o3XDuv05UKjp3FtVU6c15dH6dwH71BxODeILbibh611S1aSqxxUh+xNfeidsAAAAAAAAAAAAAAAAAAAAAAAAAAAAAAAAAAAAAAHlPabxVT4S4Uub5NO7n+ptoP8VR9H6Lr8D1U3hZPyl7d+MFxFxMrW1k/sGnc1KDztObfvy+iXw8wPl2pXM6tSpUqzlOpNuUpSeW23lt+p569q8zwmb97V64ONLM57btsC1GlKtPlXTvOm4KnT5YpJFragqFHD+892UqMDDzShNSi3GSeU13HoNE1eVer2F04qbwovxZ56TMLbTynh+K6gfSoF1I8RpWv1rSShdOVah4v70fTxPW293QuYc1vVhUWMvlfQDbcijkY3LzMU6nmBedQ1qkzHOozXqVAJqTNecyk55MUpgXlIxORSUzDWrQpQc6klGK8WBllLzMNWrGnHmqSUY+LOTd6ws4t45/ekcivcVbibdWbk/ogO3c6xRp5VJOo/FbI5txqleqsRfZr93qaOA0BM5ym8zlKT82TGWxQAXc9iHLKKgCcsZZDCewBsnJD6gCUiSCcgQF1JIAnIXUjIzsBbLGSEyGwJbz0GSqYYFsggnIGelNPCfVF+hq5M9OXMvMDIRkIYAtnYJkJkgSi6ZRE5AzxZlgaye5mgwNqEsM2ac+hoxe5s0mB06Ujcoy6HLoyecG9RkB17WphrLKcQ2nb2sbyn/S0PvY/FH/oYKM8YOtZ1Mrlksxls0+9AfR/0beL/ALLq89EuJ/ze/wB6eX92qlt80sfBH6Wi89D8E2dWtoPEcZW05U3TmqtGfh3p/M/b3B+tUuIeHLHU6Mk+3pJzS/DP8S+YHZAAAAAAAAAAAAAAAAAAAAAAAAAAAAAAAAAAAPYES6bgeI9sHE0+G+DbmtbTcLy4/UUGu6T6v4LLPxxqVbLk+Zttt5fefaP0htar6nrat6MKn8nac+wlVx7rryjzNeqjj6nwa+qpze4Ghd1G9l1Zm0u2TX2iotvw5/M1qVKV1dKmuj6+SO1PEFGMNopYQGCrLqas2Zqj3NaTAxzZikZJmOQFH1M1leVrGt2ltLlljD70/UwsowPXWfEFCvyQrrsqre+N4/M6EqiaynlPwZ8/njGNsdxmstQr2koqE26ae8H0YHsqtQ1Z1TXo3cLqkpwbS6YfVGOVTcDLKoYZ1VGLcnhLvfQ07rUKNB8s5Zl+zHdnDvbypdT3zGHdHIHRvNYSfLbJS8ZS6fA5FevUuJ89WXM/ojGGBVoLqSyMYYEsgNgARglkAAQwBLA6rowAJwGvgMrxABbMLcLqBJD6jKDAgYJWPEMAgEO8CCVuQXigK94XUtOPgVQE4JTw8gAZ4tNZyXNeEnF+RsIAluWKgCwIRIF10MkJbmJPYsnuBsxZmpywa0GZYAb0Jbm9Rn0ObSe5t0WB1KUzoWs90zk0nubtvLDAz8R27r2NO7ppupbvfHfHv+R9t/Rj4m7WF3odWTakvtNHL6NYUl9U/mfI7XlqU5U57wmnGS8mYPZ9q9XhXjG2rczSta6b/ep5w/nED9xAx21anc29KvRkpUqsVOEl3prKZkAAAAAAAAAAAAAAAAAAAAAAAAAAAAAAAAAHP4gv6el6Nd3lZ4jRpuXq+iXxeEdBnyn266u6dlY6TRm4zqy+0VOuOWO0U35t9PID4DxZVnHRJXVa7r1q+pahWrzVSWU3Tioufq3N/JHza4nmTbZ63jfU1c1LW1pbULKj2ENur5nKUvi39DylrS+03UYfhT5pegG9plDsbd1JbTqb+iLV5bmxWlhYWxpVn1AwTZgl3l5sy6Zp9XVryNtQfvSkkljOW+iA17ejWua8aVClUqzl0jCLk38EZbuwr283CvSqUqiXM6dSLjNLxw98H27g9R4Mozo2sqULmTiq03BTnNY27/u5TWD3PGemWXHPAVevc0qMNXs6brW1xHrGSXNjL35JLOYsD8lyyjFI2rnl7RuG0X7y+Pd/vwNWQGORSXUs+pRgZbW5+y1OdpyT2aTNm+1LCUaDXM1ly8Dl1X72xibAmcnOTcm231bIHUAAABGQlnd7EAAxkkjAB9CCQBXctGDk0opt+h0dO0qtduMpZp0n+Jrd+h6Oy0q3tUnGC5vGW7A8za6TdV91Hkj4yOrbaDBPNeTm/Dojv4jHwKuaj06gaMNKtE1+oht8TMtPt8f0NP5GbtfQw1b2lT+/OK9WBEtLtJv3rem/ga9fRLJ79k4/2ZNF/wCWLVf18NvUvHU7WrhRuKbfm8Acmvw9lN21V+PLP/U493Y3Fq/11GUV+11T+J7mjUTSakmvIvPkqLEksPxXUD518Cy3PT6loNKrmpaNU5/s9zPOVaU6FWdKrFxnF4aAxsEoloCrReJA6SWHlAXx1Mb6sy4KNpZXiBXIyMDAEm3Qh2kNuq3waq3Ni3m6clJdUBZrDZCNyrSVSHa0+j6rwNVrDAgAASiyW5CJTAywZmgYIszRA2ab3Num9zRg+82qb6YA6NGWxu0ZYObQkbtJ7Adi0njDyafEdN0b61vYr3Zrs548V/v6GS1l0NvU6Lu9HrwisziuePqgP1H7EddWs8CWkJzUq9k/s01nLwt4/Tb4Hvz83/ovay6Wq3+l1pcvb0VUjF98oP8A0bP0gugAAAAAAAAAAAAAAAAAAAAAAAAAAAAAAAAB9D86e1zVKVXinUa7w6dmo0fgl0+Lb+R+iK8uShUn+zFv6H4s464mnq6qznyfaLmUataVOWY4S91J97aeXjbuA8Fq1xKvc1Jy6yk5P4mbSKfLQnUksObwvQ5881q8Yx6t4O3JKlSUI7KKwgMNeW7NKq+psVpGpN9QMM/LwPd+yCnGnVvNSrUuenaRabfRZ3k/llejZ4NtKSz0ysn1X2VuhZK/sJZ/Xy7aMc7yWMdO/GF8GBmlUn2k5yqVFKUYqcn+GaWG/u9Huv8AC+reetq2r3VDhutYWlSTt52TnXiusFHmbSa238vEpX4etba65oXULiCeYwjCUJNdyk892681j1ONx/rtDTNNqaZYzpu6rxX2hxX9HDbEF4N4eV4AfJ6738PU1pMy1JZ6mCQFJFHtuWbKVHiLAwTeW2U7izGNgKAloY2AEEpACBJEkNgG9iAiGgJ9Gd/R9H5oqtdx84wZOg6ZFRjc3Efee8Ivu8zt1K0KMG5SjFeLeAMiUYxSisLyMN1dU6Uc1ZxgvFs41/rkd42i5n0530+Rwa1WpWlzVZucvMD0lXXbdPEeefnjCOfca1VqLFOPJvlYZyH0ZK6AZ6l3cVW3OrOWe7meDA11zuxnuG4EpYxlJpFZbtvxJf8A/wBIAtTqTpPmpTlB/uvBsU9Qu4z5lcVM+byauBgDrw167jhSjSljxXUx3t9Tv4pzoKNZdZJ9xzGIycXlAZpU8dG/iUz3PZmWMuZLxEoqS3QGL8iCzTTw+hDXgBeLyVl1Jg8ESAruTgBASjJB+9gxpF0B0bGeHOH7UcYMFT70ljGGY4ScZxed0bN0lzcy6NZA1iQiQCJRBKAyR8zJBmFMywYGeD3Nmm9kacHubMHgDeoM3qTOdRZvUmB0rd7o7NlLPuvdPZo4NB9Dr2csNMDf9l+qPQfaNp85TapxuFTk/wB1+7j6n7Qj0PwZqPPbcUKtSzGUlGrFrxW35o/cXDN/HVOHtNvoPMbi3hUz6xWQOkAAAAAAAAAAAAAAAAAAAAAAAAAAAAABgiclGDk+iWQPmHGPtLpaRG6t5UKbUu0px5ptSaWVzdMYPyre0LOtUVOjeyTfupTp/m0z6B7aNTjd8RXMYJKNOTgkj5ppdH7TqMc/djuwNm04auaddVY1rWrFdOSpvn0aMtxpV8ntbyn/AGGpP5JndrSUIqMMJJdxo1a0oyfLJp+TA85d29eg/wBfRqUv7cHH8zQn3nsaWrXdu0qNxOK8Obb5GGpqMKu11Y2Ffzlbxi38Y4YHjpb7Yydqx1aDs6dOvVq215QfNb3dNZccdzRvVIaNW3q6bUpP/wCWuJL6ST/Mwx0bSLmpy29/d27fRV6KkvnF5+gF73i/V6tPk/lKM3jHaUqHJKS9X3nmKtWVRuU25NvLbeW34nornhOrGrUp2mp6bdVKcnFwVV05ZT/eSOdX4b1qhFylptxKC35qcedfOOQORIwz6mzWp1KMsV4Tpy8JxcfzNefTPcBjW+TFV7kZdjFPeQGFmSG5PLuvEuo4SQGu1jYYM8117jG44AxkF2ioFWtwW3ISAgzWUYTuqaqtKGd2zC8EAd+91uNNOnax5mvxvZfA4VatVrycq03NvrkrgJZ6AF0J6llB4y8kScYrCe/qA5BjL2WS0IOplKUeZLOG8t+hmjbVnv2dTD8Kcv8AQDEoppYMkYx6t/Q2KWnXlaOaVtWn6QZkjoGp1FtbSiv3mkBz6jWXypOJj9TpT0LUqablbTa72tzRrW9alLFSMoNdzWAK8mSri11RManK8M2licPd3X5AaePESjh7dDZdL3cxe/h3mGSwmn1ArF4exsQeUYILMjKsptgTNZKYaRZkoDGlhiRdrcpgCMAtjYjGwBFkFsSsAXWGvI2JOU4LPRGumvibNm81OST92Sx8QMRDMlWDjJ56lACZMSveSgLovEpHqXj1AywNiBrQM9PoBuUmb1B7HPps3Ld7AdCi+h1LOXQ5NJ4wdK1e4FOJly1NPuEt03Bv6n6s9g+oK+9nVlDLcrapOi89yzzJfKSPy1xDDtNEc11pTjP4dGfdf0X9Q7TSdWsnL7kqdaK9U0/yQH3IBAAAAAAAAAAAAAAAAAAAAAAAAAAAABz9euPsukXVb9mmzoHk/aDqdla6S7O7q1FUvYyo0YUY81Sc2sLC+vwYH5B44vJXGsXU5PPNNs1eGqGKUqz6yexs8V6f9k1CdvONSpVjtOXPF5l5d2DatKKt7SMI06iWOuMsCK83lnPqP3jaruCzmWH+8mjUqRbb5cNeTA16veYJPJlqKSzlMwS7wKTZVT5VLD3fmJGOXQCs6jbbby2KF9c20s29erSfTMJtfkY5+RiYHVXEuqpctS6daL7q8VNfVGCes0azf2zSNNrN9ZRpckvnFo5dV4ZibA686nD9V4lplzb+dK5yvlJMwSs+Haj9291Gln9qlCePimjnPoa84+88AdpaLok2uTiFR8qlnNfVNl1oFg37nENg15wqL+BxYRjjPLuTyr0A69Thyi0mtd02Se2f1n/tMUuGlGUeXWdKl/fn9fdOY4PxKJNbfVgdSfDdGME/5c0tvwTqv/0Go9DWcfyrp667uU//AGmDZZRWMXUqU6aaSlLG6A6r4ZtqUWrjXbKE08OMKc5P6pGCpo+m0m+bVp1POlb5X1kjRuq9S4r1KtR5lN5+HcvkY45ktljHgB0XY6HGLzX1CrL92NOC+uTGqGjRe/25p+NSCf8AymmotdckTi84YG1OOl9aVtcNL9qt1+SRs2tWzhKPJplvOX/mylL6Zwc6EPcz9DPzdjR58YzlIDYutRpUmo0rHT+ZeFvF4+ZSnq110p07aku/koQX8Dnxg6k3KW2dzf0rT531drLhRj9+fh5LzA2be41bUKzhb3FTb70k0ox82zt29hGnyu6uK1zVXVzk+VeiM9KEKVOFvaUsR6RhHq34tnTt9NisSu25/uR+6v8AUDTpVlnlgpSx3QTZsRdSU0oUJSb9F/E6EIxw4xjiHTHdg2balFxXMsTi8JgcuSrQXvW1TrjbD3+BiqRtLv3LqjF92Jx3R361PMZZS5c4eeqNC6hCqkqiy4vDTfeB5HVeE6NwpT06fJPr2cunwfceNuKFaxrOnXhKE14n1eS7CXNCTdPwl3GHVdLttasnCquWst4TS6AfMadRT8pdxMoqazj3u8rqVjX026nRrrEovZ9zXkRSm3iT7gKpcuXjdFk+mUWrLZNdGUSwgJfTYhE4wQ+oD/Qqlh79C6XQloCq2J5n3IYZDWWAW4QJ6gWis7mSEnGSa6rcpBF+m4G7ewxJSX3ZJSXxNNo6nKq2lQl+Kk3Tfp1RzZLcCgDAF0WXgY0XQGWJnpmvAzwA2qRuW7NKkzaoP3gOlT6G/bPEkc2kzft3ugOpcw7bSbunjrSbXw3PoP6Lt+qfEda3k/8AvFpKKXnFp/kmeDs12kXB9Jxcfmdr9Hi6+y8e6dF9HOpS+cWgP1+ugCAAAAAAAAAAAAAAAAAAAAAAAAAAAAGfC/bNqNevxPG10yNWd7RpwoRdLrFzTm/TKSWfDbvPuj6H5y9qd1q3CXG0desqEJ2+o0XCrTrw5qVXlk8J+DxjD6geSuuB+I9Rulc17aDcpZk00jPdcI3lBc11GtTwv2Nvmd3SvabbXOlX077R6dK6g4Ro21CrVUKif3pNvKSX+hs0dd+16HLU7ey1Ozt1N03OlXVVRkvCMlHb4geMlw+ln9dJ+TimblpoOjVKSp6layU1/XUZNP5HU/7UW9V4d/bT7lG9tnCXzSkv8xnoXlG7aULK2uG+6zuFJ+uE3j5GpIunDqezi3vE5aLrdNSfSlcLD9Dz+rcAcTadByq6c7imvxUPe/I9y/5PqNfrLi2ln+thlfPZ/Q6FjqOr6e1/J98rimukFNTWP7L3Hij4Xc0alCq4XFCtRmusZR3Xw6mq4Kf3JqUvDvP0bX4k0nVIq34p0SnPbl7SNNZ9cPdfBnNufZjwjxFGU9A1SVCs1tSm+Zr+7LEvqTVg/P8AUpyjs0zXkj6lr/sj4l0mM5WlP7bRjv8AqXzPH9l7nz+9sq1rUlSvbSrRqR6rlaa+D3IOPNZKcnibtS12bpSjUXXZ7/IwRhhtPYDXnDZbmsotyfqdapSh9nclNNruNGjGMml8gI5cdS8YqSw0XqQSbWH1JjlRwBhWU2RKHNh7bGxKKxskRtjdYA0nF579zNQp+9OcsYjB7efRfmXnHm2RsU6GLao3lvMV+f8AoBzHTxjYtBYWO/xNmVLClJ7Iw1Y4pqS6MDXm231a8CU2+vd9S6guVycsvHRdzyY23l7AWju/d+Rkrxc6sacV93YtZwxNSa2jvk2dLp9rdOpLDxmXyAwSt5/aKVtTWas2kvU9ZToQtLaFvQXuw2z+1LvZy+Hafa3FzeziswfJBv8Aaf8A0/M9NpNFVKzq1F7lLpn9p9ANjT7PsYe8k67ScpeHkjZpSeHJLbrgyKG+VJ8z2ZrZfatfhfUDJSxN9fNMmNZJ8q2yt/TfcwwbhDky1ssb7M3KGlXteCqU7afJ44AKvKeJL3u6XphmrcpRUn1hP3du5ro/4HQnpd9Z5nWt6ipy6z5Nk/U51ZYm4vOE8N/6gYubmhL97bdijzUsLwaezzgo+WhUcZLFOeXHHc0Z1iUcdMrD/eTA5vFOlw1KwlUjFdtBZTfgfMqSdKrKE1unho+yUmnBxk/u+5L0PmPFto7PWJpRxGe6YGlhOEo+G5hxt6GSMnzRf7SwY2t2gJ7iAumxZAQSlsVLxAgYxuS5YZRvLAljG5C6lkBZd3eZG8x3WxjLraCA6mkyVSheUe9xVRfB7/mc+rHEmbWjTUb7ka/pIuCfhkw3UcTl6gaxKIwAJRZFUWQGSDM0GYImaIG1SZtUXuadJm1Te4HSovob1u90c+g+hvUGB3NPliUWZfZNV+ye0jTk84hqEU8f2jUsW00YuHKn2Tj+E1+G7hNb+LX+oH7lXQBAAAAAAAAAAAAAAAAAAAAAAAAAAAAMF9N07So11xhfHY519p9pqFn9m1C2o3NBpZhVjzJm3qLTdCn3ynnHkt2SwOFacJ8P2cZK20eypqX3l2SefmdOrZW1WzdpUoUnbSXK6XKlHHobLIA+JcceySblO70J9pB79j0kv9T5VecN3trUlTq0pxqJ55ZRw0z9g5fiaOp6TYanDlvrWnV8JNe8viVqZPyHO/1iwliVzcJLbE3zpfCWTNb8TVY7V7ejUXjDNN/TqfoPWPZtZ3fP9nr4jL8FWOcfFHzviH2RX9CM6lpS54p/1Uub6dSXbcsrzNrxPZV0qdatUo52xXipx/xLp8joRo0q1PtrZrlW/aW800vXDaXzTPJ6rwrqdhNqdGe3VNYZx4q6sqyqUnVoVY9JRbi16NFnJZ2v88a+v6TxbrukJU41o39tH+puOqXk3uvmdufEHCPFiVtxFZRtLhrCddbJ+U1uvifHLPiu8pJRvKdO8p+NT3Z/4l+bTZ3rXVNK1OnGKrQpVX/UXW2fKL6NejW3UvljWLx2O5xR7FaNyndcM38ZQkuaFOtLb4VI/wAT5FrnD+raFcuhq1lVhvhOUd36SWzPqWm32p8P3LqaXczo05PmdvVzKlJPy/ieupcY6Prdo7Hiqwhb9osN1I89FvxUusX5i46c35pUIyhNwbeNnCSw4mnQpyjXSeEm+8+7cZeyKjdUPtfC1d1IP3lQlNPb9yfR+jPjdxaXOnXtW21O3qUq1PKanBxlH+0mZVoVJ5zhIpT7895kq0uVeT3TMaXK0wMtOGZqOUs97JrRSypdSrk234PuKNuT3ApGOXudylFf9m5fqNndP9fj9mC93/Pn4nHa95PuO7Qk/wDsi4xbk/ts8xXSP6ulv8cfRgcC7g1T26ZMd/Dkt6CS67syXWe/ORfyThQX7uQNWMei72WUN+hkVNtxfRYRnUElkDE6jjQqU8JLr8WLKbpWVecdm1y5KXS5e08GkXt4N6bU9cgd7h+ljRqG29SUpyfjvhHq7Kj2WmSk4PMnzZ8V3HndDWNHs8f8P+LPYSbp2dl1dN0FzZ8cvqBrQXLFSTTizWqRUKrcYtrHV95npwXI10cW3448GVeXKSm3jIHp+B+Hv5UX2q4SlQhU7OnFrKlLGX8Etz1+u28LGahVg4pftLbBtez7T77UOEtN/kaFJzpOp2ynJRzLmff6YOlxNpWo21OFzqkbafYpNJ1XUnnuaiBg4Y0O4upU6lquWlLHPCazCcX3NdGjxntU4Qo6DqNOpZxcbau5bZ2i1vyr8ztWGpXN+5fzmnZxziUZKfT0TwYPaPK2t+FNPpQuvtc51nPtEns8b9QPltzbKdKGF7+Mp+LREEpxXK8SXVNmxJqM54/o5PbyZrtPslKGyeMtPpuAhH357pcy+7nfbvPKe0KhzUqFZL3kj1MXzXEUnulJSXnhHnfaG+XT6Czu20B4umuanDyZSptNl7f+iWfEivjtHgCiJRVMkCxMdmVTLIBLdlO/Bka22KPqARKIXQlASngvH7uO4oWQGayqdne0ZeE0bWpx5LiovM5zeDran7ypT/bgn9AOZkgmS3IAksipKYGSPUzQMK6oywA2IGzS7jWgbNIDoUeiN+j1Rz6D2RvUOqA69k94mpSfJxi5LrzU5fRG1ZdxpVnjimb/AHIfkgP3VZz7S0oz/ahF/QzGlor5tHsX40Kb/wAqN0AAAAAAAAAAAAAAAAAAAAAAAAAAAOfce9qMF1jCm36NsyGvRl2l/ezXSMo0/ksv8zYAhkEsgCA0SQwIWxJAA1r2wtL6HLeW1Ksv345fzPIax7M9C1DmlTjKhUl/eR7gdAstj4Nr/sVuoqc9Mq0quOiTw2vRnzTX+DNW0eo43drVgv3o4X+h+wylxRo3NJ0rilTq0n1hOKkvkyWNzksfi2z1XUdKkoZdSin/AENbMo+eN8r4NHqNJ1mz1BdnFqhXezt6zzCf9l9H6bP1PuXEPsv0DV+adCk7Ks+rprMf8P8AofJeKvZBq+lxnVtYK5oQ/FS3aXmuqEti3LHLtFlX1HRK6uNFqzSj/SafUb5Jf2f9Op3K13w37RLaNpq0ZWOqwi4UqrxzLyTf3ln8LPnVhrN5o1SNnrFOrWtlsm950vNPv9H8MHoL/T7fUKCuqM4zdRZp3Edo1fKXhL6p9SudmnguOeDNU4SvezuKfa2dTelXp5dOfo30fkzy6Ud3H7r657j7lpHFULe2q6LxbSlfaTVfI5VFmdJ/venj18Mo8Vx7wHU0KVPU9MqRvdEuHmjcU900+kZeEvowjwMsPosehVR6rqZasOVc9Ntw6PPVFVLGG13gY2sHoNKUZ8K3i/rIXcHFvolKlUz9YR+nicCTXM8dO49Bw3UhLQtftpP9Y4UK0F0fu1OV7/2asgODdpqrUi0vvP8AM0ZOU+XOdlg3Lhy5k2tmstmCVzGLxCnh+L3AvP3YRee4unPsO0SSXTqauZy6tmVxxBJ9QMMpyqQqJvOxs6bLtLavSb35Gka7XLUXg9i1hJ0b1J9JbMD0fDdbm0qnB9acpQfzye1sn2uj0pKX3HKnJLwW6+eX8j59oUnb6jcWctlUXPD1X/T8j1ej3apSqUpycadRZzjOJLp/oB1IpSUeRLLXUwKDnOdJvDzhG1NNRWVyNrGMbJ+Bryh2dVN5fMwPW+zbjO44XvHRuXL7DXb7TCy6U2sc3p0Z6zXtXrXVeM+2jcUJe8qtu1JSXmuqPktWWZNvZxfK5Lb0ZlpSlz55uSUc5Sf1A9Df3Uu3m3P7PSznnn19Eu9nA1rV56nVtoJSVvTjyUYPu8ZPzbMFWnJPMm233t538jVVJ5lFxajNNxw+kl3AZ5JdmlJvpgxU1i4dJ7RfTYmPNOgtm5dN9jHVm1jnbwur8MATCL+0zb6pYfq3/oeP9pFwnVtrddUnNnsKK5abctm8yZ8t4lvft+s1qqeYRfJH0QGCj/QpeZiqPMmZ6a5aaz3bmrJ5bAlE5KJll3AXRddDGu8unsBOSmS2UV6sCVuTgjoWXXyAnuJSI6l10Ao+p1q/vadaSe+ItfJnK6vvOvHfRqGUvvyA5cupGC0upUCcbBEFkBZdxmgYF1M8AM8DZpGtA2aYG/Q6LJvUHujQo9Eb9HqgOvY/eRz7nP8A2nqv9yP5I37Hqjn13zcTVkuqhFf5UB+5tB//AESw/wD69P8A5EbxoaAmtD05Pqren/yI3wAAAAAAAAAAAAAAAAAAAAAAAAABgvqyt7KvWfSnTlL5IDnaZvbyqPrUqTlnx954fySNw19Op9lY29PvhBRfqkbAEMglkACCQBDIJZAAhkkMAMAACU8EADzHFXA+i8S0pfaraNG4f9dSik/iu8+LcQ8Aa/wVWqXGmL7dpkveqU1vFrzXc8d5+kA8NNSSafVPvC7flqCtNWtoVIpOEvcfP96DX4Jfwfd6F9G1avwxWnY39J3mgXeY1reos5Xe14SXX6n1/iv2aWd5WqX+hctpdzWatD+qrfD8L8D5nqGnVKFWrpmsUKlOeE4uW0l4ST8v+gR8/wCNOGoaRdQvNNmrnSLpc9CqvxR/Zl4SXeeOuKPLFOG8H91/wZ9GulcaYq+lXT7WzqSUmluot9Jx8MnkdQsXQ56KWFJ5j5MDzk3yPuZ0uFZ9prtC3qZxdQnbLDxmU4tR+HNg5lenOE2pJ83eUt6tS3uKVek2qlKUZxa65TyB09TockoZe8t8eCayvz+hyJwcW0lg9hxPShUmrigkqFWKrUl4xl70cfOS/unmq0Ob3ktu8DXp7RzuZVJvOVskVe+z6maks4zjD8wMFem3RVSLTjnHXcw14y5IVYdV18jPXhJSwVjUUpTi1iEu4DPVlOrQpXlF4q0Wt8npLO5p3lrC4gklP70c/dl3o8tZ1Ps1y4VFmjNYaNinWnpN5KpTSlbVOsO6X+jA+g6deK7oK2rNdqlhSl3r/Uz8lSrQeXy8vutPrny+R5e3r069GNWhLnpPx6ryZ17PU3Tjy3EXNbe9348/EDdhDtPvrEGsp+D8PmTiVNwnJJ+7u852EK9Cr/RVYZe+O/5F2pckksemOoFZS5uZbbtOPkY67WMNd6kvUtmcJxjUSjy9G+9Y6GpUu6cZPdyffGLzuBklVUbjaUXGSTeH5ZME3CvKDp7QW7f7bzs/Q1m3cTbnFQi9+VP8zW1rWaGk27y4yrvaFP8AiwNbjHWFY2MrejL+cVljZ/dXifOoLMjNe3VW9uZ168nKcv8AeCkFhZAy1KrxhGDOWTKWWQAzuWUtyCVHvAumMlYk53AnJOcFclu7dAT6lzGiyAuizeTHklMCTq2r59Jkl1hVf1Ry8HU0zewuljbmj/EDQqLcxmSp1Mb7wBKZBIF11M8TXibEQM0DapGrT7jao9QN6h3G/Q7jRom9Q6gday3wc+3XacW1l41Ix/JHRsOqXiaOjLteLZtLrdRX+ZAfunTqfZWFtTf4KcY/JI2BHZbdAAAAAAAAAAAAAAAAAAAAAAAAAAOdxBLGlV44z2rjS/xSUf4nROTrzblp9JLKqXUcryjGUvzSA2UsLCJAAhkEhgQAABDJAFQSyAIBJAAgkMCAgAJPL+0HhyPEGjuVFf8AxC2TnQf7XjB+uPmenRKeH1A/M2o0I6jpsnUg1dW3uzysNx815fQ8ldWTqUq1vUj+todH1zHuZ9r9pejLSNepaxb08Wlz7taC2XN0l81v65PnV/aq21ShLm5oQcacpPpOlP7kvnlMut+x8p1W3k5Opj317s/XuOM01+Z9A4p05WdwqkIt05vlkvLGU/r9DyfElgrC65aMnO3rRVWjPH3oNbP818CDraXVlqXDSorllc2c1TUZd9OTzD/NzR/vLxOFQfM3CS27iOHtSjpmourVTlb1YSo1ox68klu15pqMl5xRmv6VS01O4o1Zc1SnN5kltLzXk85+IGldR5aiUV0WSKa95Mz1XHtMd2NmQ4YaeAK3LeE87mnjrl/E7dWjCrR937yXU5NWmkk0A92tHll9/uZEK3LHsLlPl7n4GKTaxjvOvQ0W7r0I1b/srG2azG4u59mmv3U/el8EBzaf2iwqKrY1m4y6rGz9Ude31ujLljdQnbTffjMX/oYXX0HTVijWvtUm1u4R+zUk/jmT+Rgnr82m7Ox063fTm7DtanznlfJAehpyhWhz0pQqRXfB5/ItFTeeWc1/eZ4u71XUKvMp3dXHeoctNdPCKRqrUbyCxC6rr++2B9DVKU/vTm89csw17mzsU3cV6cP3c5fyPn1W+vKuVO6rSXTebNZ5zlvLfV97A9XqfFi3p6dTw+na1F+SPK3Fapc1XUrTc6je7fVlY05TeEmWkuV4AiKWNw5eBDe4imwIiuZ4LYa2wWyo9OpG7eWBHTqS33iS2K57gLR2QT3Kpkp7gWWCxTJIF0CESBOSyKdxZAZF0OrpHvWl3DuxGRyF0OroskoXUX3wT+oGlW+8zEZq6xJmF9QJCILJgWilkzxMETPEDPTNmia9NbGzS6gb1DojfobmhS6I6FDuA6+nL3lgp7N6H8occ2NPGe3voL/Mi1pLkpym/wAMXL5LJ0fYVb/aPaBojSz/ADntPllgftFALogAAAAAAAAAAAAAAAAAAAAAAAAAOPqknLW9MpfhUa1V/BRS/wCZnYOHWzPirf7tKzTX96bz/wAqA6AAAgMBgQAAAAAhkEkACCSAAYDAgAAAgAOZxRpcNZ0G6spY5pR5oN90o7r8sfE/P9akriw7KeVWt+ak89XSkts+aePqfpSPVHwnjzTpafxVqFCh7sa8XVp47njK+rfyNY/g8NxFQd9pNKpL79Sm6cl4Tj3/AEl8zx2vQ/lHhKzvEl2tjWdtKK/DTqZnHPpPtF8j6DFfbba6pxf3kriHq1v/AMr+Z5C1oKdPibTvw1LOdenHvbp8tZY+EZr4ko+cSjjc7lDn1fT3jLv7Kktu+rRj+bgv8vocmrH3jLp93WsLyjd20+StRkpwfVZ813prZ+KbIMNRvx7jZs6sZJRm/Pc3dUs6NSjHUdOivslaXvUl1t5vdwf7vfF969Di1W6VSXc0B1lVdJvDymUo6fWvrmXYJKmlzTnJ4jBd7b7i+hWTv+0rXMuysaK5q1V9Ev4vyNbWdZjdQdrZU3b6dCXu0+rqfvTfe/LogNmer2Wktw0anG4u1969rxzGL/8ALg/zZ5+/ua99cyuL2vOvXk8udSTkzXk057EPPXDAiUmumUXVRLDb3KNNoxPcDN2ibbIbTMKZO4F5JdUymd9g2RkCeZ9xXr4jvJi8AWjDKy+4hy7kG2+hUCUmWyRnGB0eX8ADZXvEm316lQLEpkJgCyexK6lclogXyF1KZJ3AuiUyncSBlib+my5YXDX7K/M5ibRuW1RRpzTz72OgEVnmb9TGvMmby8lcgSSiCQMkTPE14rc2KaAzw6I2aPVGvBG1SQG7SRv2/VGjR7joW3VAbtzPsdKuqneqbXz2Pb/ozWLrcb21VLKtqFWq/jHlX1keB1yfZ6JUj3zlGP1Ps36LFli91a6x/R28KX+KWf8A0AfopAAAAAAAAAAAAAAAAAAAAAAAAAAAcKlipxLqE8b0qFGnn4yl/E7pwtPxLVdYqLo60If4acUB0RkEYABgMCAAAAAAhjIAggkgARkkjAAAAAAAR8w9sNsoXen3u/3eWTXgnj8mz6eeJ9rlv23DdOpjLp1GvLeP/QsuqPjWnPstRlRltL36bWOnLLOPk0eftaSXtCtLeUWqd1F20ktsqXNT5W/7M8M7tdY1ShJbOpJSbffzQ/6HH4hlGy460+892LhXhNc2yeMP+GfNoVHymaajFPrhGNJPOeh1Ndoq31q+oRbapXFWmm+uFNpZ+Ry8rD8SK6fD15C01OlC4f8AM7h9lcRe6cZbZx4p4a9DDLSLm61lWEUlWjKUKspdIcv3pPyWGaKi3Up4bzzrp6nquMLl6RC9oUnFXup1HUqzj+Cl3JecnlsDg8SatSq06emaW3HTLZ4T768++b/gcGdTm7uVeRST3Kt4AvhJdNiG8fdzgopP4E589gJcmu7JX3W90WzFrrhkejTAYgMQxnvGH4B+gFKjW2FuU7i8luVf0AgfAl4I+ICD8Se7ITis75ZEpZXgBOUvUq8tkd4fUCckMBgSgEAJ7yyKokCckpkAC6GSqJAnJnpPYwGWk9gMjIAAklN5IRK6gZYmekYIGeHcBswNqitzWp9DborcDcordHRtV7yNGijp2Ud4vzA1eJJpxs7ddZSc3+R+m/0atO+zcE3N5KOJXVy0peMYxSX1cj8uanL7RxBGC3VKKj17z9n+yHT3pvs60WjJYlUo9u14Obcv4gexAAAAAAAAAAAAAAAAAAAAAAAAAAB9Dz+gydSWqS/+eqx+WEegZ5nhSfa6ZWrbvtbqvP8AztAdepz4j2ai3zLPNthd+C+QMAQGAwIAAAAAQyCWQAIJIAEZJIAAAAAAB5z2h01U4Vr5x7lSEvq1/E9GcTjf/wDat916Q/54gfn66hySs5crljs8/BzRw/aQ1T1mwklmfNHmx4qUvrsdrW6vY0beSnjDSbXX+kkea4yrRvteprPuRrqK7/2n/EtHkuNKfJxTqaW+aznt195Kfz97fzPPuSw00uuT0PHsl/2qv8Pp2a2feqVNfwPNvrsQei4FsYXWrzu7qDdnYwlXqZ6ZSbin4rKbx38rR53Xr6WoalWuJ4TlLaK6Jdy+CPcucNA9mlKNSPLc6tOVbpu4LHKvT7kvhI+bTeXkCkjGzIyjAgMMh+YEMj1JDWwEqTCk89WR0AFm2VGSMgH0ZUkYAgMnBD6gQAEAHR+JJIEEroQMgSTncgnAEggkCVsSSngtjK8QKGWnsinI0XjsgLokgkBgvBblUXh1AyQRsU1kwwNimgNiktjcoroatNG5RQG5ROrZ4Ty9kllnOt45aNq+qfZ9LuKn4nHkXq9gNThuhLVuIIRWea5rqEcdfekl/E/e1nQjbWlGhBJQpQUEl4JYPyB+jxo38o8d6c5xbp23NcyeMr3Vsvm0fsVdNwAAAAAAAAAAAAAAAAAAAAAAAAAAAM8zwbvw5ayX4nUl85yPRV5clGpP9mLf0PO8GJrhXTMvrS5vm2wO0Q4rOcbkgCCCSGAAAAAAQyCWQAyQAAIAAAAAAABxeNmlwve57+TH+JHaPLe0i4VHh5QfWdVP4RTb/gB8E4lXPa2kVnLkpNvphzl/oeQ1aSq6vTlzfeuX8Ul/1PV8Qy5p0aae0ezz8IuW/wDjPMadBXXEml0J4cZ1pSfpKSj9Fn/e5aPL8Z1HU4p1d74VzUppeCjJxXpsjkWNvK8v7e1gnKVapGGF35e/0yZtVune391dT+9cVZ1n6yk5fxPReyu2jV4rhd1lmlYUp3Uv7q2IM/tcrU4aha2VNpq1j2McdMQ91v8Ax8/0PnL2+J3+Mb2d9rdWpUeZJJP1xlv4t5ODJYAo2VZaXUowDKteBI6AQGAAAAEeoZPUh7AQTkgnr1AjJHeTgq9mBIAAYbJ9SETgBggl7BAETncYJitwAiWa2CSWwB9QpNMtjcNAXjNSWSe/YxJb7mTAF0SisSwBMyQKJbmWCAyxRs010MNNZZs0kBnpLJuUVjqa1FG7SWcAbtsnlGDiOb7K2t10k3N/DY3bSDbSOVez+1601HeFLEF8OrA/Q/6LWjOFLVdWnFpcsbWDxs/xS/h8z9AI+c+wa1dlwBbUJ0qUJucqrlTqKfOpdG8dHhYa67H0YAAAAAAAAAAAAAAAAAAAAAAAAAAANfUP+43H/wBKX5M4nCEeXhfSk+62idrUnjTrp+FKf/KzicHvm4V0ht5/m0PyA7AAAgMBgQAAAAAhkEsgCAAAIAAAAAAAIPnntXuuf7LZU8Oajv5Obxj5I+iLzeD4bx/rHa6pf3ql+roxlOL8/uwXz3QHzLXrvtb69q089nGpJQ3/AAr3V+RwLS+VpeXF0m3UoUXTh5Nwk8/B4N7U5KFvSpuXNnr6dWeYrT/mE6n4q03J/wAAOJVSXTu2Pe8FUlYcD6/qctpXLjZ0n39U2vj/AAPASblLy6HvOJ5y0bgzStKb5arjO5qJ7NSlsk/R83yA+eXVXtbmrUazzNvr0ya0i8nuUYGNkMllQAY7wBBDRfl8iVBt9AMYLSjhkNYQEEEjHmASQz1JfQjGAC6MrJbosiGBDQRIAYJSDJwuVvKyu7xAq0+8JAgCVuWSIRb/AEAnC5SFuR5EoCy2RZLJCLLYCyhnr0Je3QmL91EYQEEroxgmIF0s7mamvQxxMsEBmpdTbpo1qS8jbprYDYorobtBbmtRRv20M4YGzUqq0sqteXWK91eL7ifZvoc9f4n02xxKTuq8Yza6qOczfwWX8DncRVnihax6v35fwPuH6LWgxqalqGr1YZVrTVGm+5Tnu/jypfNgfobStOs9KtFbada0ba3TbUKUVFZfV+puBAAAAAAAAAAAAAAAAAAAAAAAAAAAANTV9tKvH/5M/wDlZx+EVjhXSF/8rTfh3HZ1RZ027XjRn/ys4vBqa4T0jmnzv7NDflx3AdgAAQGAwIAAAhkkMCAABAAAgAAAAAGMlak4UqcqlWcacIrLlJ4SXmfI+OPatGrXlo/BcJXl9L3Z3XSnT3xs/wCPyLoey4t4rtrKN1p9nU57xU/1s4vagn4v9rq0vL5/BeL7uVWFG3i4xdaXb1Ip7qC2ij0EqEtPs3b3V129eTda7ryWE33+fKsY8cLfc+f6vqn2l3F06aVSc/c8VHpGPywXxK4GuXTTnGD95/qo+r+99DjarUUVCk4/djhJPozJcTda9+8pQpZUn4y7/wDQ5t7U56snkyNvhewnqWu2lGmlL9YpSTWVjK6+rwvibntD1Onf69W+zvNCm+zp5f4ILlXz3fxOpwnCGj8NX+s1/dr1X2Fs8dHjDfw3fyPCXFXtatSct2+gGFvxKNtkye5WXQCrI+BJABEqOXhdQjPbQTlFvvYGzaWFe4nCnRpyqVJPCjE9FT4M1J0Y1Ju2im8cqq5+q2Povso0aznpMbm4pqUrl1abfhyr3V88mzThCWn3sU+WVN88F5ZwwPkGqaDcWU5QuIOMu7wa9TgVYcjaaxvg+y6pWpajwdd07iCjXtpxqUKne09pQ9Hs/gfItSWLieNt/qBpkE9CALJLBWa94suhE+oEeJDRKwRgAgupBIAhkkd4EloRyxCOdzMkkkBilHDIL1JLHQrFd4BdScEpeJZJAVROdyXsRjcDNH7u4ZEWSBCJXUExQGSKM0EUijLTQGakuht0ksmCmjbpRA2aK6HStcLeTxFbt+Ro0I5RXVq3YWThF4nV91eneBqRqfbdTqV39zmxHPckftb2LaD/ACDwBp9OpDluLmP2mrt3y6L/AA4PyV7M+H6mv8TabptNN9vWiptLPLBbyfwSZ+6raNOnRhToqKpwXJFLoktsAZQAAAAAAAAAAAAAAAAAAAAAAAAAAAAGtqO9hcr/AMqf5M8/wJLm4N0Z5/8ADR/iejvFm1rLxhL8jy3s7io8F6VFObxSeeaWfxPYD0YAAgMEMAAABDAYEEMkAQAAIBJhvLq2sqMql5XpUYJZbqSwBlwcnibiLTeGdOld6tcKnHHuU1vOo/CK7zzup+0G2c6lHRKMrmrBZlVksRT7kl1eT4vxlrtP+U56hrE4alqv4aDlmlR26NeXgvj4DpZja2uOOL9Z4xhKd5UnonDae0ZZU63kl1m/ojFwrQp07WnfUrdWtkv+50XvOpjKVao8e8+vL3dWlhb8TR9Ku9fu4atxHKc7XGaNCTx2q6LEe6C+vRHpNa1Gna2sq1bDljlhT8X4bd3j5YRvDHfu9NZWY+o4vFWqqND7LHDqVXzVXn8K6R/33YPBa1qCjCUoJRxtCK8X/ob2sV5qc6l1JKpU99t7NI8pKq7m47aSxTp/dRvL05Mkv5vaqLf6yW8mathZ19T1GhaWy561afLFfx+RWvVdSbb65PY8Lwjw7w5da/cxX2mv+qs0+7vc/To/gvE4tNX2jX9GhO20PTpfzPT4dk2v6yp+OXz2+B4NvJnu68ri4nUm25Sfe/zMD6ARnBV+fUllH1AhshvYMhgSnsbFGeNjWLxeAPpfAvFr022+yVZckYz7WlNfhl3p+p2q9w5U6lejUXJUyvvdEz49GrKO8W0zO7+vycnaS5QPacR65TpWkbWhySk3mbi9ljojwlep2knJ9W87lalRyW7Zj7gD6EJolle8C6ZV9SUyWBREh7sNAQBgAR3l4xzgiKyZorCAmKS6ETlhbCcsepj6sB1LLYqjJFAFuiXhkrqSkBjaJiiziSo7AEWCLYAhIvFDBeKAvBGemjFBGemgM0EbdFGvBG7Rj5AbdCON3svE4l5Vd7qDcMunBckUvI7FO1utTm7XT6c6kntLkWZY/h8T2Oj+zitToJ3VSlbya2ivfl6N7fQDtewiFC3v9Rnc3zsKde0lb/aqX9LBya3g8bPzPS+zm+1jgP2m0OGr3UJ6hpGpPNCtzOUailnE03+LKwz5/qGlXmhX1nbULhV+2fuQpx5X1x0PvPDPB9avxRw5c3tH9XoNpUc6jeFK5qPPIvFQTef3mB9Xj5kkRWFuSAAAAAAAAAAAAAAAAAAAAAAAAAAAESXNFp9HseU4Ca/7LWkF+CVSHynI9WzyXAuI6PcU1/V3lxH/ADsD0QyCADIJZAAAgAyCe8Y3736AQO45mqa/pmmScLu6h2yWeyguefyXT44Pn/Evtas7FONoqVKaznnfaz/wxeF8WXSPqUnGMXKTUYrq28JHmtc440TSIy57pV6iT2otNejl0PzzxN7VdQ1GU1TqTlF/8WWV8IrZfU+d6lrV5fVHKvWlJ573nBZF1X3Hir20XdR1KWkqnbRT+9D3pfN/wR4GF5xDxbeRVKVafO25XFST5YrxcjyOhabca5qdvY2mHVrSw5S6QS3cm/BI+ralarTdKjoukuraWMXmtNSzdXcu9tZxSj5SafkLPqNY6+3Eub/+SKS0Th6U7q8qtKrVpxzKpPG+F3d5Gi8O0KdSNe/cL67b2pr3qMH5v+sl5L3V4vbHT0ywoWtrUjQo0La3x+tqOWU/7dR7z9Nl5Pqc7UdbpuM7exlNU2uSVbGJzz3RX4V9Waxwk90yz306ep6rGi5RhPtKmffnnOH4Lxfn0j0ODKtRoWr1nWcTpR920tm8dtLxx+wvHvZzdWu6Om083ii5pe7aqX/Pjp/ZXxweK1TU7rVrl17qo+5LuSS6JLuXkjWWc6jnIarf19VvatSb2k25Pu/35GpUkox5YpKK2XmOfZxisRN3SNMqalUlOrONC0pLmrVp7RhHxz/vPccrdtNrhPRI6lVq3uoz7HSbTEq9R9JeEF5s1OMuIqmt3+Ka7OzorkoUl0jFdCOItdV3Qp6dpylR0ug8wj0dSX7cv4I8692QQyr6kvd9SrW4Fdssh7FtirAqAMAOgG3eAJyQO8AR3BeYXgF1wBbv3Klu4gCcCWESlsQ0BAfUErqBXqSkXUCXsgJUcEOWNiW2l4mPDAPdlkiIovFAQkXiiUiUgCXiSupONhjxAkhIlIAEsl0tiEiyAItFCKwZacJymowhKU5dIpbsC0I9DYiklltI7ul8I6hcpTvHCxovvqbza8onq9M0PQ9McZSp/bK63562/wAo9APH6PouoapU5bG0nUXfOXuwXxf8D3+i+z6jDlnq9y6kuvYUHyx+L6s7FDVHKKhTioxXRJYSOlpn23VK7t9Mt615WXWFFZ5fV9F8WBuWVvZ6bbqlZ0adCC/DCOPn3s1qmoVLi8jY6Xb1b7UKn3LaguaXrJ9IrzZ7bQ/Zhf3yjPiG8VpRby7a0lmcl4Sqd391H03QNA0zQLP7NpFnRtaT3lyL3pvxlJ7yfm2B4L2dezappuoR13ierTutYx+pow3p2y8v2peZ9QisZJSwwAAAAAAAAAAAAAAAAAAAAAAAAAAAAAADyPBq5HrdJ9aepVV18cM9c+h4/hduOu8UUX3Xqn/iggPSDADAgh7IltRTcsKK72ziajxPptkmo1VczXdRw0n5y6IDtNY6mC8u7eypOpd1qdGC75yx9D5fxD7SalOMqds1SedlQWZfGT/gj5XxHxjqNeU3OrGin+Jycp/Ngfc9d9o2l6bGXZe/jPvVXyR+XV/Q+VcVe1a5u1Up0q9WVJraEP1cPjj3n8WfLoVb3U7iULOjcXVV91OEpy+h1qPAfEVSMa1/Qo6ZQl0qX9aNFP0T3YGhqvFWoXqcXWcKX7FNcsfjjqedr1nN+9LZ957634K06hNO91OtdpP3o2dLs1/jqfwizs2mm6Zp6TsNOowqRe1xV/XVPnJcq9UkWLvT5lpuhapqq57GzrVKSe9aS5acfNyeEen0/gKmv1mqX6nBrKVniUfR1J4j/hUj2sp1bqpmdRzml96b5sencn6I3KVrSXv1pyqyXVylk2ztytEsaNhRnQ0ijGkqiUJ1IZUprwlUfvP0jyryOjc2cLCwlcXFOVWNPpTprCy+hS+4h0zSIydzcU6WO7KyeU1P2hfymlbaXpda5oKSk5zl2alh52kLnomNvRxhWnRuKVLVLqKnGCkrSjnlg33Puyu/d/Q8Pe6zVt67Vt7tRbKUXlx+J0+INajqVSKq29tb0qHvdhOcqk5t9cyxvhI8lUajFdmuVeHiYt2utMqcqs5Tryc28sxVYNzSSfkjPQtqs4OcsU6a3c5+6vqVq6rStFizoqdb/jVVlL+zHx82QbFOxoWlKFxq9TsqUt40lvOp6I5+sa1W1CMbenBW1jSeadvF5Sf7Un+KXm+ncc+vWq3NWVW4qSqVJdZSe5j+QFWyG8Et7kMCj8Spdoq0BVkP0LoiQFO8Y+QJbeF5AVYRJAAAnGwEIAlfMB3DBZdNyMAF0DLpENAUxuXhHKyRgyQXugCs+hZ9CmM9QIROBjcskASLpBLBZIAuhKQwWSAJBrctFbmWEHJpJbt4XmwMSiOXc9TofBWv6vTdWz02srZPDuKuKVJf/wCSeInftuCLK2klf38ryt30NPpt/wD+ySx8k/UD5yoPGcHWteH764UJU6ScWstt4S9Wz6hYcH3PLzWGiwtqa6Va/vz+MpbmjqlK3sW43d/GrWW3JTfNh+AHBp6FplKjSjcuLlHDn2WW5Pzk+70RvQvbeyjiwtoUu7m6yfxe5WhSuL9qNlbSS/bkuh7/AIN9ker6zKnXuqboWknl1K2YZXlFrL/LzA+fwr3d5L3XLDZ73hH2ba9reKitnQoNZVa5zCL9Nsv4I+78J+zvQuHacJU7aN1dx/r68VJp/urovzPYYA+b8P8Asl0eyjCeqVa2oVFvyZdOkvgt38XjyPoNlZW1jQjQs6FK3oxWFClBRS+CNjAAYAAAAAAAAAAAAAAAAAAAAAAAAAAAAAAAAAAA8jpTVPjriKl056dvW/y4/geuPDX13T0v2g31es2qdTSo1Hjv5ZtfxA9bJpJt9EcjWNYjZ205Uuz58PldV8scnKXGFKtTXLRpRT751UcLiHV9IvnTleR06rOnnlVSHaJfB5QHP1DVPt1RrUdap1v/ACItKEfSC6/HJjr2VvVornlWjSXXMORY9Jcra9DSr8QWlGn2dpOpCHRRt6UaUfocS71SjVk26Lnj/izyBfUrTQaadOpcXPL+KnaRUpP+/jY5lvYaPTlzWHDsa8v+NfVHVb+C2JnqOH7kKcO/Kjlr4vLNSvfVareZzl6tsDsz1C/p0VShewsqK6U7NKikvD3N/qcqtUtacpVXzVKkt3N7Sb9XlnHvNSoUc9vc0qfk5ZfyOLe8RWkE1SVas/Jcq+bA9fRr1LiS7GC3eNlls1r7UbelD9fVjGcNmurNPgvijtbbUkrelC5p0HKnJttpb5x59Oh5udJ1qnNJczbzvuTk5JxybdOPivI7FbipU/dsqM6z6Jvocm91TWb9SVW5jb02to092l+ReNBJZnLCJl2MHnY82Xycr16erH42E7cy30a25+epCVxV681aXNudyFm1QqKOIe40kl5Gm7zlwoLYO6qz25tjhllb7r0Y444zUjzevQo3NKjcVrmnSUV2c6j/ABY8EupoR1e3tacYWdpCrOLf66tnf4I2uIrLs7K5UF7vN9oh8eqPLUmsNHs4cvLF87mx8cm9dXVa6q89efNLw7l6GvW6JiHd+ReosxOrk1s+BPcVezLIAkVkWKsCvj5kFsDAEJESWxbp0Ia2AxME4C2AgYJ6hAVwTgnvGAIS2JSJRKQEYyicFuXvIaAjJPLsMGWKWPMDE44LJ7Ey6lWnkCMNkpMnBaK6AVSLqOxKT8C6pvKT2beEn1foBRIlI9fofs64n1ikq9vpdWha/wD8m8krekv708Hfo8FcLaO+biTiiN3VX3rTR6XaP07SXup/MD5mos9VwzwDxLxGoz0rSLmpbv8A8ROPZ0kvHnlhY9D3FrxHoujcv/ZLhKzo1V9291OX2iv8E/dT9EaWrcS63rlRvXNauasG/wChpy5IenLHCAy0PZroeirn4w4rs6dVdbPS/wCc1H5OXRHRt9Z4Y0bMeFuG6Sqrb7ZqGLmt6pS9yPyPNW1s7ifJptlUryf4lFv6m5PRnbRT1nU7ayz0pQl2tR/3Y9PmB3a/GtW4qx+1Ws7+4jtzXFVyx6RW0V6Hfs+OI2+ncltpNCtqj/qrWLko/wBprO54CFxpls+TTNPr3tWTwql5NqLflThjPxZ7zhz2c8YcTxpu6f8AJGmNdHHsk15U47v4k21437eZ13WdX1WUlrWrUrGj1VtQfNLH9mP8Weg4I9m2oa32dxZaU6Ns/wDxuqPCkvGFNby+LR9q4L9lfDnDDhWjb/br2O/b3KUuV/ux6L6vzPepJdEVl43hb2faTotOnO4ir+6juqlaEVCL/dgtl8cvzPZ4QWwAAAAAAAAAAAAAAAAAAAAAAAAAAAAAAAAAAAAAAAAAHgeL9Phf8aWVrWX6q9024t3nxTUup748jxf+o4j4Zu1HPJXqU5NPpGUUvzA+Ga3oFThlzThyxjJxlGpN83wT6o4stXt1H3qii0ev9rmo6jecQXNnfRpyp202qCjh8sJYx65PnVWyqpe5Qnv39mwOhPXLVL71SX9mJo3HESiv1VtUl4Oc1E1np19UbVO1uJY68tN4+hr3Gk3VN/zl0bfx7avCDS9G8/QCtfiG+lnl7ChHyhzv6nMvtSubhSjUuq9SPm+VfJF61PT6Mmq2qW+2z7CnKr/oaNe+0un/AEVO8uH4ycacc+m7wBrTk8tpJeeCqp1q+OSM552WFkrW1h7q2s7aivFp1JL0b/0NC5v7q4UlVuKkoy6xT5Yv4LC+gHaspfYLlSuK8LbfEuaeGlj9lb4+B6aM4ypKVNqUWsr0PmO3hjfuPe8OVVc6RR3XNT9yWPJnD5M3JXq+Ll7sbVWUpbJ7GJwbNqcFncmMJVaip0IOpUa2jFbv/fmeWS3p67ZPda8aazujNGimvA6tTQLqlyqtcWVOs4qXZTqtSSfj7uPr4mrUoVbas6VeDjNeaf1WxbhlJuxMeTHK6lc/UbVXFlUjJKWE8rxWNz5jKm6NeVOa3g+U+uQeG14dT5xxXbfZ9XlJLEZ7/E6/Hy1bi4/Kx3Jk58VhmVdDFF5ZlR63hasvvMlCqsTZHRAGwMACEiRgAQO4MnuAxNbjBZryIArjYjledzJgYArgFkkSkBTG5aK3LYRIBIhrx6lkTLD6AUJLxpyljli/U6ekaDqWrV1R02yuLyrn7lCm5tebwBycZJUG3hJtn0q29lV/bwjV4l1PTdBpPdxuaqnW/wDtR3OhQtPZ/oEcQhqfEVyvxVGrag/gsya+KA+V2tnWua8aNvSnVqyeFCEXJv5Ht9M9l/ENalGvqVK30W0fWtqdZUNvKL95/I71T2g6hbU+w4ftdO4ftntiypKMsedRpyfzPK3t7e39zOdxXr3NTO9Scm382ND0VPh/gfRE3qWq3+u3Ef6mwpfZ6WfBznmTXmkjYjxvDSU4cK8P6Vo/d2zpdvXfrOed/RI83p+j3l9P+bUqlTPfTi2vi+i+Z1FoNraPOqX9pQn300+2qP4R2T9Qsm+nO1XWdX1yr2mp393dz8KlRtL4dEYdPsa9er2drQnWmvwUoubXm8dPidp3mlW+1nYVbyS6Tu54ivSEfybYqalq17FUKdV0KLeI0raKpR/y7sz5xucWV7VWjTtkparfW1jF/hlPtKv+CP8AqWjd6TaP+Z2da/qrZVbmXLD/AALr8z03DHsp4k13FSNjK2oy61rrNNNeSay/l8T7Bwx7ENGsOWprVepqNTG9Nfq6f03fzJvK9LccMe/b4LaT4i4grKy0+Fdqbx9nsafLF+qX5s+jcI+wrUbmUa2v14WFJ79nBqpVl/BfN+h+hNK0yx0m2Vtp1rRtqK/BSgor4+L9TdL4/qXk/I8twtwJw9w3GD0+wpyuIrDuKy56j+L6fA9ThAGmLdgACAAAAAAAAAAAAAAAAAAAAAAAAAAAAAAAAAAAAAAAAAAAGC6taF1DkuqFKtBbpVIqS+pnAHwj9ISvecM0dNr6B2NnSrqcKjhRi+aSw11XgfE9O4p1y/s6k7jU68qsZ8vNFqG3wP0V+khYfauBqVwll29zHfHRSTT/AIH5a4ceKl5RflJfkBs317e3L/nF3cVO/wB+o5HKqrfffzOncxxJmhVQGlUT3NaRt1Uas+oGGaMbMlQxsCj6npuCbj37m3b64ml49x5mSNrR7r7FqVKs/u55ZejMcmPljY6cWXhlK+gXD5ZbPDzu/I9Dw/SVr2MpRXa1MTk8brwX+/M4U4xq0Hy4eYtHdtJxlc29TOYygnjHkcuDXt3+TvUdPjpShV069oYblCVOosbYW6z8zju8o3vZfbF2dvKSU5496D6c2PL8tj0Gl1bi7ttXo6k12VCr+rn91Ok45TT8jyFzbxjpzrqsqnM+WLxu/J/A9HbyS69xn1Gwq2F5Wtbjl7WlPkly9HjvXk+qPDe0GiuW2rRW72f+/ge5utSepRpV5Jqp2VKnNvZylGCjn/KjxXHtRfZLeltzSlt6b5PHjPHk1Hvzvlxbrx9PuM6MMcbbdxlSPY8DDcL38mPOyM1wujMXcA7hh4JWMPKzttuWiubCApgnBm7OK6lakYxjs9wMYXUnAx4AUkssYLPr0HI2BXALqJdQeM4x5sDF3k8p29F4Y1rXKqp6Tpd5eSf/AAaMmvn0Pfaf7E9djQ+0a/eaZolvjLd3XUpY/sx7/VgfJ4x22WdzIqTnJRS959y3fyPsdLhv2caFyvUL/U+Iq/8Aw7ZdhSfxW7XxN1cdUtNpOnwjw1pGkRW3bOiqtZrxcpdQPnfD/s54p1yCnZaNdKg/6+vHsKX+KWD0tD2caPpWJcUcVWNGa+9babTdzVXq9o/JmLWuJNZ1bNTV9XuK0cf0cqrjFekVtg1NKsNQ1OXLpOmXN1NdXGm2l5t9xdDuwvuC9Ia/kfhyrqVaOyuNWrOUfVU47fBmtqnH+v17Z21K8jYWa2+z2NNUIL/CsmxDgq7op1Nd1TTdLg1vFz7SfphbZ+JX/wDJmmYxTvdarrvqPs6efRY2+ZLZO6sxyvUeNlXlXq80+0qzffJ7nQtdA1O99+la1I0+vPNckfnLH5nZuOKq69zStOsdPprZdlSUpNerOdN6lq1ZQuK1xczlsoOTfyiZ/pPp1nDe6LRdMs5Z1HU4Smt3StIurJer2S9csyx1CxtsLTtKhKS6VbyXaP8AwL3T2HDXsi4m1ZQk7H7HQb/pLp9nt48v3vofUOHvYVplryz1m/q3U1u6dCPZw9G3lv6Gd51dceP/AF+f6t5q2pYpVLitKMtlRpLki/Llieo4d9lPE2r8s6emzt6Mt+0uX2ax8d2fqLQ+FdD0OCWl6ZbUGtudQzN+snudtF8P1Ly/6x8S4d9g9nR5Z63qM6su+lbR5V/iefyPpugcHaBoKi9M0u3p1Yr+llDmqf4nuehBqSRzuVvYACsgAAAAAAAAAAAAAAAAAAAAAAAAAAAAAAAAAAAAAAAAAAAAAAAAAAAZGQPM+0fS5axwPrFnCOakqEpwSWXzR95Y+WD8U2MHb6/UhLbnhJNeZ++35H5o/ST4Yo6TxDpXEVjRVOldS7O4UVhc67/ivyA+TXsd2cysjsX8UpNnKrIDQqrY1anU3KvealQDBMxMyzMUgKso/MuyrQHs+FtVdxbu3rS/W01j+1E9La3EYU1Tbxht02+iz3eh8poValvWjVozcKkekkeksuI6c4KN3BwmvxRWU/gcbhcb5YvRjnjnj45voFLUf5nK3u6knConCUc4WGebhzOMbd1PxdZb/FGCnqtrVppK4puPg5Y+hSep2VKT/nFGLfhuy3lv1PaThn3l6dCH6mnyJ5eeZv8A3/vY8LxLfq/1Jyg+ajSXZwfj4s2db1+ddTt7NSp02sSnL70vTwRwV93ZdCcfHZfLLtebllnjj0tEzRMMX0M0Ts86tdZiYcGzNc0TClv0Aqolo7MsollDfHVgVbZTlb6G1ToTqTUKcW5vpFLLfw6nsNB9mHFmtqErPR7mNGX9bcLsofUDw6il35LKOdoxyfcbH2H22n0o1+LuJ7CwjjLpUmpS+bx9EbVL/wDCrhqX83srriG5gsOdTMoN+myX1A+H6fpd5qNZUbG1q3FR9I0YOb+h77QfYvxdqqhUq2VPT6L37S8qKDXj7qyz2Ooe2a+oW7tuG9E03R7dbLEeaXwSwl9Tw2scVcQa839v1O9uIv8ADGfJD5LCA9S/Zlwfw/iXFfF9OrUS963sIrPpnd/kbNHifgHh7C4d4TjfXEdo3GoS5s+eHn8j5tbWVe4qctvScpt9Kac3n4HVjw7dUoqV66NnF9XcVVFr+6twPVar7UeJL+n2Vvc0tNtvw0rSCikvD/aPI3eoVbypGpd1Li8qYzzVajaXzM8bbR7X+mubi8mvw0IckfnL+CMq1WnQx/J+nW1DHSdROrP1TfQzc8Z26Y8WWXStlY6hfpO0tZcn7UY+6vWT2OnT0bTraPNresU6cuvYWuKkn6vojj3l9f3v/ebmrUXdFvb5G9pHCmtaxNR07Tbu4z3wpvHz6Gby/kdJwSe8q3lreg6bL/4Tocbip3Vr59o8+KXQ1dS4x1zUIdm7t0aPRUqCUIrywj3eh+w/iC85Z6hUtbCD3anLnlj0j/E+iaF7EOH7LlnqVxdX9RPplUoNeGFl/Un+eS+XHh0/Mqt7i7qrmdSpUk9s7tnteHPZVxNrXLOGnVLel/xLr9Ul6J7v5H6l0XhvRtEpqOlabbW370YZk/WT3Z1yzj/Wbz36j4xw37CrC2xPXL6pcy/4Vuuzj/i6n0/QuGNG0KnGOladb27X44wTm/7z3OwDckjlcrexLqSRknJWQDIyAyTkjIyBORkjIyBORkjIAnIyQAJyMkACcjJAAnIyQAJyCABIGRkABkZAAZAAAAAAAAAAAAAAAAAADIyADIADIAAAEZAkEZGQJPlf6SdCnV9l91OeOejcUp08vfPNjb4Nn1M+BfpRU68aOlzhVqq2q05xnTUnyuUWmm144kwPic5KtZ0aq/FBP6HKrI3dIfa6NBPrTlKH1NW4XUDQqo1Kmxu1UalRZA1pmKSM8kYpIDEypkkirQGNlX1MjRTG4EYTLQWGvAFkt/MDHcL9ZzLv6+ZCWPQ2OTmjh9/QvTs6s4c0ITlBvGUngDUxuWW56Cw4Y1C7S7O1qrL+9JYWPid614LpW7UtYvY0KaWeWEeZv4f9QPC8kum6Z09I4f1LV66o6ZY3N3Ve3LSptn0XT48M6Y0rTRJ6lWXSpfVfdz/ZjjJ6CfGPEkrZ0rK4t9ItOnJZUI0Vj16v5sDg6J7DuIrmMausVLLR7d7ud1VTkv7qPSUOC/Zpw2orWNduNbul1oWq9xvwxHP1Z5PUdT7ZuV7d3V/UzvKtUfL8e417CnqWrVFR0izqVcvHLa0m181t9QPoVL2g6ToNN0+EOErOzUVhV7pRUvXvb+Z5fXvaPxLrDkrjV50oPbs7OPZrHhnqXpezrXJcstQtrqm30hC2qVpPy2WE/U7mm+zPVq3L9l4eu6mf6zUK0aEF/di8gfMKva3VXmmpVZuW0603N5+J0aPD+o1Y5q0Z0qb/AONJUljxw8ZXomfbtL9kuuSX861ax0yD+9CwoZm14Ob6/E79j7GeG4NT1KrqGpVM5zXrYXyQH52jpWj2e95qtGU1+Czp9q/m8JG1aQp1pRho3D1a7nn3Z3XNVy/FRjhL6n6n0zgfhfTGnZ6HYxktuadPnf8Amyeho06dCmoUYQpwXSMIqK+SA/LVvwd7QNVj2dPT7u2ov8EYRtoY+n1N6y9iHFFx71y7K3zu3Vrcz/ypn6ays9xOSWbamWunwnTvYFU2eoa3TjjGY0KLlt6tr8j1Ol+xPhi1w7ud7eyxhqdRQX+VJ/U+m5HMTwi3kyv24WlcGcOaVh2OjWdOa/HKnzS+byd+EVCKjCKjFdyWF8ivMOZGmLdsnToMmPmROQL5GSmRkC+RkpkjIGTJJj5hzAZCCnMOYC+SclMjIF8jJTJOQLZGSuRkC2RkrkZAsSUyTkCwyVyMgWyMlScgWyMlcjIFgQAJBAyBIGQAJyQAJyCABIIyTkAAAAAADJGQAAAABkATkgAACGQBORkjJAEnzb2/6R/KfAFatBN1LGpGvt+y/dl9GfSMmpqtnT1HTLqyrJdlcUpUpZXRNY/6gfhbQJclS7tn49pFfR/wLXkMNmbiHTLrhfiipb6hSqUpUpunPmjjmjnHMvFdGVu5Qm3KnJTT8GByqqwaszcrR7zUk4t4Uk34Ld/QDWmjG0dW30q+u/8AutldVf7NJ/xOpbcEa3X3nb07eL76tVZ+SyB5Roo4t9D6Dbez2qt7zUacfKlTcvzOnQ4O0Kh/SxuLhr/iVML5LAHynl8Wkb9nomo3jStbK4qZ6NQwn8WfV7e10ywS+xWFvSa/EoLPzYrX8unPyr6AeDtOBdTqb3U7e2j196fM/kjsWfBumUpJXV3cXM/2KK5Fn6tnfjd2iebjtq3lHZfM3bPWbqUuy0XSFKfTKi5t/JANJ4ajTWdP0ahST/rLiKlL1Tllr4YMuq3Fjo9d/bKju79LDjRjlryc5bnZteGPaBrWP5vKzpPvqtUtvjv9DvWHsZvK7U9a12KecuNtTc3/AIpY/ID5RdcQ3NxmNGDtodyjHMv8T3+WDm9tUurjlpxqXFw+iinOb+Cyz9KaV7J+E7Dlda0rX8085u6rkn/dWI/Q9lp2mafpdNU9NsbW0guio0lDHyA/MOicEcZasofYdGr21KS2q3OKMfm9z2Wk+wzUbiUamv65To5W8LWDnL/FI+8c+d2235kOQHhNC9kXCGlSjUqWM9Qrx/rLyo6n+XZHurO1trKkqVnb0aFNbKNKCivkhzEc4Gzz9dyOc1+cjnA2OZDmNfnDmBn5xzmDnHOBn5xzGDnIcwNjmHMa/OOcDY5hzmvzjnA2OcnnNfnHOBsc5POa3P5jnA2eZDmRr845wNjmRKkjX5xzgbHMTzGtzEqQGxzDmMHMSpAZ8jmMKkTzAZs+YT3MXMSmBl5icmNMJgZMjJTIyBkyMlEycgWyTkoTkC2SfiVGQLAqTkCwKpkpgWBXOSQJyMkEgTkEEgAAAJIAEgIAQAAAYEgIAAEMZBABkBgBkgACGQ2AB+Yf0g7yd9xbVtr+gnG0iqdFr3Zcj3y335bPLcO8CK8toXV6/s9GfvRhHeTXjnuP0zx1wFo/GNOLv1Uo3cI8tO5ov3kvBro0eAj7LuKdOi6On65p91ax2p/aaUozS8HgDxlvwhoVqlixp1Wn96s3NnRp2lpbLFvb0KS/cppHpKXs74tqP9fdaPSXipVJfkjo2/su1Gf/AHzWben/APQt5S/5mgPEVq0V1bNKrdeH07j6tbeyvT0v55qd/X/+mo0l+TOxZ+z3hq1cZfye68lupV6spfTKT+QHwOrcOXetzdsuHNc1Jr7Jpl5NS3UnScYv4vCP0dY6XYWH/crG2t9sZpUowf0RuMD4HY+yriC75XdfZbSD69rV5pL4R/1PS6d7HbGnyy1HU69aX7NCmoRfzyz6qyGB5TTPZ/wzp/K6emU601+K4bqP6npLe3oWsFC1o0qMFty04KK+hlZVgG9yrkGUYFuYq5FWVAvzEc5RkAXc/MjmKEZAycxHMY2AL83mOcx5GQL83mOfzMbZGQMvOOcxADLzMczMQAy8w5/MxADLzeZPN5mLLJyBk5yebzMWRkDKpE85iCAy85KkYiUwMqkTzGLJOQMqkTzGNEoDKpFlIxIlAZUyyZjRZAZEyUyhZAWTJTKkgWTJKkoCckkBAWyCMAC2QQSgJCAAklEBASSiABYAAESQiQAAAEkEgQAAAYAEAMAQyCwAowWZGAKgkYArggtgjAEPqQWwGBRgs0RgCrQ6EtDAFcENF8EYAoRgvgjAGNoq0ZeUjlAwtFXEz8u5VxAwcpVxNhxI5ANflIaNhwIcAMHKV5TY5ByAa2PIcpscpHIBr8ox5Gx2Y5ANflIcTZ7Mjs/IDW5Rymz2fkOzA1uUcps9mOzA1uUcps9mOzA1+UnlM/Zk9mBr48ieUz8g5AMHKSomfswoAYOUlRM/IFADCokqJm5RyAYsE4MyiSoAY0iVEycpPKBRIskWUS3KBXBKRbBKQFUicFsEpAVSJLJDAEEk4GAIJwTgYAglIkYABBEgCUEgAJQwAJAGACJAAAAACUABBIAgDAABgAQCQBXAwTgAQRgsRgCuBgtgYApgYLDAFWiMF8DAFMENF8DAFMDBfBGAKYIwZMDAGPBHKZOUYAxuJDiZcDAGFxI5TPghoDC4kchn5SHEDDyDkM3KOUDByEchscpHKBg5ByGflHKBg5ByGflHKBg5ByGflHKBg5MjkM/KOUDByDkM/KOUDByDkM/KOUDByDkM/KFEDCoE8hm5RygYeQKBm5RygYeQlQMqiTygYuQcplwTgDFyjlMuCeUDFyk8pk5RgCiiMF8DAFcDBbBKQFUhgtgYArgnBbAwBXBOCcEgVwMFsDAEYJQJAgEjAAEgCMEgAAAAJQAAAAAAAAABkEgCASMARkE4GAIGCcDAEYIwSAIwMEgCMEYLACuBgtgYArgYLYGAK4GC2BgCuBgtgYApgYLYGAK4GC2BgCuCGi+BgCnKOUvgYApyjlLYGAK8owWwMAV5RylsDAFOUcpfAwBTlHKXwMAU5Ryl8DAFeUcpbAwBXlHKWwMAVwMFsDAFeUJFsE4ArgYLYGAK4GC2BgCuCcE4JwBXAwTgYAjAwWwMAVSGC2BgCuBgtgAVwTgsQBGBgkAMDAABIAnAEAnAwBGQTgARgnAAAAAAAAAAAAAAAAAAAAAAAAAADAwAAwMAAMDAADAwAAwMAAMEEgCASAIBIYEE5IAE5GSABOSAAAwAAwMAAMDAADAwAAwMAAMDAADAwAAwMAAMDAABbE5IAE5GSAAAAAEgCASAIJwAAwMAAMDAADAwAAwMAAAAAAAAAAAAAAAAAAAAAAAH/9k=\" data-filename=\"we.jpg\" style=\"width: 669.5px;\"></div><div style=\"background-repeat: no-repeat;\"><img src=\"data:image/jpeg;base64,/9j/2wBDAAYEBQYFBAYGBQYHBwYIChAKCgkJChQODwwQFxQYGBcUFhYaHSUfGhsjHBYWICwgIyYnKSopGR8tMC0oMCUoKSj/2wBDAQcHBwoIChMKChMoGhYaKCgoKCgoKCgoKCgoKCgoKCgoKCgoKCgoKCgoKCgoKCgoKCgoKCgoKCgoKCgoKCgoKCj/wAARCAK8ArwDASIAAhEBAxEB/8QAHQABAAEFAQEBAAAAAAAAAAAAAAECAwQFBgcICf/EAFUQAAIBAwIDBAYGBwUFAwkJAQABAgMEEQUhBhIxE0FRYQcicYGRoRQyQlKxwQgjM2JyktEVJDRDolOCsuHwFiXxFyY2Y3ODk6PCJzU3REVUdLPSlP/EABcBAQEBAQAAAAAAAAAAAAAAAAABAgP/xAAdEQEBAQEAAgMBAAAAAAAAAAAAARECEjEhQVFh/9oADAMBAAIRAxEAPwD6pAAAAAAAAAAAAAAAAAAAAAAAAAAAAAAAAAAAAAAAAAAAAAAAAAAAAAAAAAAAAAAAAAAAAAAAAAAAAAAAAAAAAAAAAAAAAAAAAAAAAAAAAAAAAAAAAAAAAAAAAAAAAAAAAAAAAAAAAAAAAAAAAAAAAAAAAAAAAAAAAAAAAAAAAAAAAAAAAAAAAAAAAAAAAAAAAAAAAAAAAAAAAAAAAAAAAAAAAAAAAAAAAAAAAAAAAAAAAAAAAAAAAAAAAAAAAAAAAAAAAAAAAAAAAAAAAAAAAAAAAAAAAAAAAAAAAAAAAAAAAAAAAAAAAAAAAAAAAAAAAAAAAAAAAAAAAAAAAAAAAAAAAAAAAAAAAAAAAAAAAAAAAAAAAAAAAAAAAAAAAAAAAAAAAAAAAAAAAAAAAAAAAAAAAAAAAAAAAAAAAAAAAAAAAAAAAAAAAAAAAAAAAAAAAAAAAAAAAAAAAAAAAAAAAAAAAAAAAAAAAAAAAAAAAAAAAAAAAAAAAAAAAAAAAAAAAAAAAAAAAAAAAAAAAAAAAAAAAAAAAAAAAAAAAAAAAAAAAAAAAAAAAAAAAAAAAAAAAAAAAAAAAAAAAAAAAAAAAAAAAAAAAAAAAAAAAAAAAAAAAAAAAAAAAAAG0llvCNXqXEGj6Zn+0dVsbV+FWvGL+DYG0BwGqel3gzT3KL1ZXM19m2pSmvjjHzOavf0gOG6WVa2Oo12unNGEE/mwPZAfP13+kVTxi10CSfjUuc/JRRqK/wCkPrLf6jSdNgvCbqSf4oD6YB8qXPp+4nqfs6WnUf4aLf4swKvpz4ylJ8t9bQXhG0h+YH10D4+fpv40f/6nR91tT/oP/Ldxqn/96Uf/APlpv8gPsEHyFD05cZpb39tL22kDMtvT1xZTeakrCql96gl+DA+sQfMlv+kNraS7fStMml91zi38zdWf6RVNJK84fee+VK5x8nED6BB49Yen7heukrq11K3k/CEZpe9S/I6fTvSvwXf4VPW6NKT2xXhKnj3tY+YHdA1+na1pmpQ59P1Gzuo+NGtGf4M2AAAAAAAAAAAAAAAAAAAAAAAAAAAAAAAAAAAAAAAAAAAAAAAAAAAAAAAAAAAAAAAAAAAAAAAAAAAAAAAAAAAAABlAAa3W9c0zRLd1tWvre0p9c1ZqLfsXVnkfFvp6060jKlw3aTvK3dXuU4U15qP1n8gPbmzn9f4x4f0CMv7V1a1oTj1p8/NPP8Kyz5Q4o9KHFGvOUbrU6tG3ezoWr7KDXhtu/e2cPUu3KTcpJyfVvdv3gfTfEfp+0e0i4aJY17yr05q77KC/Fs851z068VXznGzq2un05dFRpc0l/vSz+B4/WukvrSSMOreruywOx1bjXXdUcnqGsX9xzdYzryUf5U8fI5+pfS3Zpp3UmW4upWly04SnLwisgbapetdX8yzK+WCbbQ9QruP6rs4v7U2l8jZ0eE5v9pd4/hgBppXr7ky3K7m+86qlwnaRx2k6s/ekZ1HhzToLDt4v+KTYHCfSZv7TIdxL7x6NT0HTkl/dKDXnHJlUdKsqX7O3pR9kEB5eq8u6TKnXn95nq0LWjHpBL2IufR6LW8E/agPI/pEvvk/SZv7Z607K2l9alB/7qKJaZZS629F+2mgPKldTX2itXlTvZ6bU0PTqi9a0t3/7tIxa3C+l1P8A8rFfwya/ADz+N9JdxdjqGPvI62vwZZzb7KpWp+SllfMwK/BE1nsbvPgpw2+QGpo6nKE1KFTlkujWUzqdG9IvE2l4+g65fwitlGVVzj8JZRzlbhHUqabhKhUS8JYfzNfcaXqNo/11rViuuYrK+QHuOien/iO1aWoUbK/glj1oOnL4x2fwPQtD9P8AoF1iOqWN5YyeFzQxVj7dsNI+QVXnB4cmn4MvQvZRaygPv7QeM+Hdex/ZesWdebeFDn5Jt/wyw2dEj866OotST5nFro8ndcM+lHijQuSNlrFedFY/U12qsMeGJZx7sAfbQPAOGP0hKVRxp8R6Xydzr2bz73CX5NnrvDPGnD/EtOL0jU6Fao+tGUuWovJxe4HRAZQyAAAAAAAAAAAAAAAAAAAAAAAAAAAAAAAAAAAAAAAAAAAAAAAAAAAAAAAAAAAAAAAAAAAAAZADJquIuIdL4csXd6xeUral9nmfrTfhFdW/YeA8c+nO+vHVteGKX0G2e30mok6sl4pdI/Nge68UcW6LwxbOtrN9SoyxmNJPmqT9kVv+R4Pxp6ddSvHUocOW60+h07aeJ1ZfLEfm/M8Z1HU7i8uJ17uvUrVpvMp1JuTfvZq690o7yaA3Gq6xeandzudQua1zcSeXUrTcpP3mqq3OMttPxya6teyl9T4mJObk8ybYGdWvks8uWYdS5qSW7wvBFiUljbGDP0/Sbm9w0uzpPrOX9AMBy8TNstJvL15pUuWH357L/mdLp+iWtq1Jx7aoukprZexG4iu74AaWx4ZtaTUrmcq0vDojeW1tRt4ctCnCnHwisFUYlxICpY8kVJlK2KkBUmVxZbJTwBdUmVKRZ5mOZgZCkSpmOpMnmAyeZhTLClknIGR2j8SVN+JjJlSkBfUyqNTHUscw5gMpTT7kGoNdNzHUieZgUXGm2dzFqtQpSz4xRprvhDT6qbpRnSb74S/Jm9UmVc4HB3vBt3TzK1rQqx7oyXLL49DR3Nne2Lf0mhUpY72tvietKeeu5E4QqxcZJOL6prYDyOneTj35NhaalKnOM4VJU6kXtJPDi/J9x2OocMafdczjS7KX3qT5fl0OT1Lhe+s5OVDFxSX3dpL3Aen8GemriPQ+Sld1o6parHqXTbkl+7Nbr35PeuCfS1w1xPGnSlcf2dfS2+j3Ukk34Rn0fyfkfDkas6Umpc0Wtmns0ZlvetNZePED9GVJNZTJPjTgP0vcQcMyp0Vc/TtPjhfRrluSS/dl1j+B9IcCek/h/i5U6NvcfRdRkt7Su8Sb/dfSX4+QHdgJgAAAAAAAAAAAAAAAAAAAAAAAAAAAAAAAAAAAAAAAAAAAAAAAAAAAAAAAAAAABEpY6knJelTV7nQuBNXv7GThcwpctOf3XJ4z7sgZWv8AG/DmgVZ0tW1a1oV4rLo83NP+VbnkPGfp4lKNW34VtOzzlK7ulv7Yw/r8DwK7vZzq1KlapKc5S5pSk8tvxb7zXV7tyewG917iC+1m9ldareVru5l1nVlnHkl0S8lsaKtdOTeOhhVa3VyZiVKrltnbwAyK903tF5ZiTm5PMtyqnRqVXinHPmZVOwws1Ze5AYDkXLehWuaip0YOU33IznQpRT2N7w52Lp1KcIKFVPLx1kgLel6HRoYqXOKtbr09VexG7jHOF+BfjTRdjBeAFiMC5GHkXoxK1ECyolaiXeUYAoURgrwGgKAV4KWBAIIyBU2RkpbIyBXnBVzFpyGQLykTzFjmI5wMnJVkxlURUpp9GBfTKlIsc5PMBkJk5Rj8xKkBfyTzPuLKkTzAZEahLcZP1sGPzEqT8QMTVNEs9Sj+vpJz7px2kjjtU4Vu7TmnaP6TBfZxia93ed/GeO8rypLDSYHkMZ1KM3CpFxlHqpLDRsLK+cZxcJOLTymnjD8TudX0W01Gm+2h+s+zUjtJHC6vol1pjc/2lBdKkV09q7gPcvRr6btR0l0bLiNz1DT1iPbN5rUl7ftJeD38z6R0DXdN4g06F9o93TuraX2oPeL8JLqn5M/PG3u5Qe+6Ox4M4y1ThnUI3mkXcqM3hTj1hUXhJd6+YH3hkHnPoy9KWlcYwhbVXGy1fG9vKXq1POD7/Z1XmejJ5AAAAAAAAAAAAAAAAAAAAAAAAAAAAAAAAAAAAAAAAAAAAAAAAAAAAAAABEm1jAEt47jxz02cbabU4f1/h+3rRq14W2K04NctOpzLlh5vrnHQj02+k2WgQqaJolVR1Ocf19eL/YRa6R/fa7+72ny3qV7Kpzc03KUnltvOfMDXXNRym0n3mPOSiupMpNvZZb6GbbaW2u0umlH7i6+8DWUqVa6qfq4uS8e5Gyo6bTprNaXPLwXRGf6lKHLTSjFdyMepU26gG4xWIpJLwLNSaIlMtTkBE5FVrcytbmFaHWLzjxXeizKRbk/MD0W1qwuKEKtL6k1lF+MTkOFdT7CurOtLFKo/Vb6Rl/zOx6ASkVJEJk5AnAZGfMhyQEtENkOSKHICpspbKXJFDn5gVtlPMW5zXiWnUAvuRS5GNKqUSqAZTmih1fMxXUZQ5eYGZ2q8R2qMLmHP5gZva5I7VeJh845wM5V2u8uRrrG7Nbzk84G1jVT7yvnNVGo10LsK77wNlzFSkYUayZdjU8AMlSKkywpFSkgL2cEqW5aUiQMhS8ymrGNSLUknnbffJbUvEq5gOQ1/hlpyr6clnrKlnZ+cf6HMUa8qU2prGHvF7P8A8T1VtNb4Of4h0CnfJ1rfELhd6W0vb5gaKxvp0Zwq0asouLThOL5XF+Pkz6R9EnpmjcdjpXFtWMZ7Qo38nhP92p4fxdPHxPlZOraVpQqJxknhp95s7S52UoPZdf3QP0RjJSSaaaazsSfM/oZ9LktK7DReIqkp6btCjcS3lb+CfjD8PYfStCtTr0YVaM41Kc0pRnF5Uk+jTArAAAAAAAAAAAAAAAAAAAAAAAAAAAAAAAAAAAAAAAAAAAAAAAAAD6ARJ4R5j6XvSZR4StZWGmyhV1mrDKXWNun9qXn4L3mz9K/HlHgzRsUXCpqtymrem3tHxnLyXzZ8ea9qta9vK9zdVZ1a9WTnOc3lyk+8C1rGpVbu5rV7irOrWqycpzm8yk28ttmmblWqcsE5Sfci7QpVbyty0/a33JG5t7enZ0uWG8u+XewMezsoW0eepiVV9/dEuVanwIq1d3uYlSYE1JliUthKWS1KW4ByLcpESZQ2AbKWw2UtgPZ1O34a1X6dadlWl/eKSx/GvE4ZsrtbmraXMK9GWKkXn2+QHp/MiHM1mn6hTvrSNam8d0o/dZf7XIGW5kc68TEdXzKHWAzHURblURhyrlt1fMDMlWS7y1KsYsqhQ6m4GS6jKHMsc5S5gX3Mpciw5DnAvcxDkWedjmAucxHMW3IjmAu8w5i1zE5wBdUieYtJk5AvZKk9yymVpgXlJov06pixZXFgZ9OpkupmBGeDJp1FsgMlMriy1FlyLAuAiPiVAQMk4KWgNBxPo8byl29FJVYrfC6nE0qk7eqmvVmtmn+DPUn8TkOKtK7OUrmhDGevmBgWlytnHbxj4HuXoV9KU9ArUtI1qrKejVHiFSW7tpPvX7niu7qvB/PFOTjJOL6G4sbrKWHuuqA/Q+lUhVpxqU5xnCSUoyi8pp9Gio+cvQN6Svoc6HDus1v7pUly2tacv2Un0g/3W+ng/afRq6AAAAAAAAAAAAAAAAAAAAAAAAAAAAAAAAAAAAAAAAAAAAAAB9DRcZcSWnC2gXGp3zyoLFOnnepN9Ir/AK6G6rVIUqU6lWahTgnKUm8JJdWfJHps48fE+uunaTa0uzzCgs7TffN+b7vIDjeN+KL3iHWbnUNRq89eo/qp7QXdFeSOXtbepf1sQ2gvrS8CIQqX10qdPq+r+6jfW9GnZ0OzpdOrfe2BEYU7akqdJeqvmYtWpnOSurU6mJVmBRVmY0pblUpFqTAORZk+pMmUNgQ2UthtlLAjJS2GyhsCeYpyQ2UtgZmm39SwuVUg8we0490kdhRu6dxSjVpTzCS968jgmZenX8rKfrb0X9aPh5gdk62O8odXzNfTuY1YKdOXNF9GS6rAzXUI7Qw+0bHaAZTn5sjnMZTKuZgXnMhzLLl7SOYC85kcxa5n3ENsC/zDmXiY7k8dCFLzAyHIjmLXMRzAXuYq5ixz+RPMBfUiVIscxKkBkRkXFIxlIqUwMlSK0zGUslcZAZMZF2E8GJGReiwM+lU8TJjJGupywZdKa7wMpMriy1Fl1AVPoRglFTQFmUepj3lBV6EoNdVsZmChrcDzLVbV2t1JdIS3RZozdOXMuqOt4psFOm5xWG90/M42L9wG/s7npKL7vmfVXoJ9Ia13T4aHq1fOp20f1NSb3r013Z+9H5rfxPkC0q9nNJvZnTaFqdxpt/b3llWlSuaE1Upzj1TQH30ugOV9HfFtvxhw3Q1ChiFeP6u5pZ+pUS39z6ryOqAAAAAAAAAAAAAAAAAAAAAAAAAAAAAAAAAAAAAAAAABg13EOr22h6LealeSxRt6bm1nq+5LzbwgPLP0heNFpWjLQrGri7vI81xy9YUfDycn8snyjqFxKtWcYptvuXezouOOILnXNavNQvJ5r16jk/3fBLySwjV8P2nNOV3VWVHaGeme9gZenWasbbMsOtPeT/IprzbZkXNTLZr609wLVSfXcxZyK6k+pYk9gImy1NkykWpMA2W2yW9yhgQ2UOQbKGwJb2KGw3uUtoA2U9/mMFqdTGyW4FU5qK23ZYnNye79xDb7yMgZVne1bRvlxKD6xZkvWa/dClH4s1ncANg9Wu30lBf7pbnql6/87HsSRh9wYF9312+tep7mUu5rvrWqfzMsgC669Zr9tU/nZHbVe+pU/mZQOrArVar/ALWp/MyfpFZdK1T+ZlvBAF6N5crpXqfzFyOoXcf86XvMUYyBsVq90n9aL9qL8Nbqr69KEvY8GoAHQ0taoNevGcH4JZMyleUK21OrFvwbwcmkH4rr5MDs0/AlSeTkre7r0ZZhUnjwzsZ1HWqsf2tNSXjF4A6HmZKk8mst9ToVXjn5W+6WxnqWUmmmBkxkytSMaMi5GQGTGW5dhIxoyLiljAGXCZkU57ow4MvU5gbKlPKMmLNdSmzNpzz1AyIlaLcGXEBOCloudxaua9O1t5160uWnBZb/ACAwNcVONhUlVaWOni34HD3NlGrTcqSxU6+0zNU1SpqVbmknCkvqQz09vmWKdTdAadJxbT2a65NhZV+5voZF5aK4h2lPCqr4SNVTm6c901h4ee4D1z0Pcaz4T4kpVas5PTbj9Vd0193ul7Yvf4+J9jUK1OvQp1qNSNSlUipwnF5Uk1lNPwPz1s6+Gtz6m/R14vWp6LPQLyrm7sk50HJ7zot9PPlb+DQHs4GQAAAAAAAAAAAAAAAAAAAAAAAAAAAAAAAAAAAAAAH0Pn39JPix9pQ4dtZ+pSSr3OH1m/qx9y9b3o901vU6Gj6Rd6hdvFC3pupLfrju9re3vPhnjbW6+saveX91LNe5qyqSx3ZfReS2A0Mac9Qvo0oPq934LvZ09RQoUo0qa5YQWEjA4btuxtJXU9p1to+UTIuZ5yBi155Zg1ZdS/We5h1HnIFqb3Zam9iqbLU3sBRJltkyZQ2AZbkyZywW2wEn1LbZEmUsCW9iA2UynyrIFNWeFhPcsshvLbIbAdWQEAGScopAFSY7iES2BGQABK6EpELBIApKiGBBK6ENk58gJQ6kZJQEkDOwAJjuAQENMyra8rUPqTePB9DHDA3ltrNOWFXhKP7yWUbWjWhVhzU5xkvFHGldKrUoz56U3CXkB20ZF2MjnLLWt1G6gl+/H8zdUqiqRUoSUovo0wM6E2X4SMKEi7GQGwpzMulNGshPoZFOfgBt6Uy/GRraFXoZfaxhTlOpKMYRWZSfRLzAyKlWFKlKpVko04rLkzz/AF/WZ6pc4jmNpB4hDx/eZRxFr09TqujQfLZxe3jPzfkahS6AZUZF+m9zDgzIg8AbGhIsaraKdN16S9dfWS7/ADIpT3M+hPOz6PqBo7Wo13nacC8R3HDnEFlqlq81LeeXHP14vaUX7V+XgcjqNo7WuqkF+qm9vJ+Bes6uJID9BdI1C31XTLW/s589vc041acvJrJmnh36NXFLutOuuHrmbc7f+8W2f9m360fc3n/eZ7iAAAAAAAAAAAAAAAAAAAAAAAAAAAAAAAAAAAAAjPiB4v8ApJcQ/Q9GtNGpSxO6fb1cfci8Je9/gfK8oTv9RhQh1k8PyXez0T00cRf25xhqVzGblbxn2NLwUIbL4vLOP4XtsRrXsu/9XH8wNrWUKNKFOmsQguVL2GtrS3Zm3M85NbWkBj1ZdTEmy/VZizYFE2WJFybLMgKZdS3LwK2y3LxAoeS2yuRafUAykqDApZj1Jc0vYXaz5du9ljuAhlJL2KWBKIYQwABJAEhgAOiD6odQluBK6AMICSkqxhEYAhhE4I7wHeVIp7wBVt0HcUk5AkEZGQJROSlMkAgB3gEX7S6q2k1KjLCfWL6MsE+0DqdP1Oldeq32dX7r6P2GyjI4XO+U3lG30zVnHFK6fq90/D2gdTGZfpTNfTqJrKaa8UZEJ4XsA2VOaW+Ukt8s5XiPWpXs3bW88WsXu1/mPz8i3rOrSrZt7af6r7Ul1l/yNMBXFlxMsoriwL8WZNNmJFl+nIDMpvczaEuhr6b3MujPYDPnSjc28qU901t5M0cVKhVdOf1ovDN3Qngx9Yt1OmrimvWjtP2AdF6PeIq3DvEVhqlBvNConOP34PaS96b+R9wWlxTurajXoS5qVWCnCXimso/PfSakpVowhvKTSil3t9D66/R74ieq8JVdLuZt3elVexcW9+ze8fg+aP8AugeqAAAAAAAAAAAAAAAAAAAAAAAAAAAAAAAAAAAc56Q9XWh8F6tfqXLUhQcKb/fl6sfm0dGeJ/pO627TQNO0yi26lzVdWUV4RW3zy/cB8wa5X7Ss1u8vvOitqH0PTaND7SinL+LvOY06nK+1aipL1ObL9iOrvJ+swNfWlsYNXrkyasjEqPqBj1WYsi/UZjzYFqZZky5ItSApZbkVNlEgKJMpZUynuAJFaSUXJ9F1EItlN5Lliqa6tZYGHOTk8lL8ip4wRFNvIEKOV5lDjhl5kNZAt4IezK3FroU4yAIRI6AQwVJZKXsA7g/L5mdYaZWu1GcfVpv7TOisdIt7fDcVOfjLcDlqFncV/wBlSnL3GdS0G+mk3GEP4pHYU1CMe4r7WMV0A5iHDdXH6yvFeyOSipw/JL1K6b844OndZdzLM5eO4HKS0a7im1GE8fdZiVrSvR/aUppeONjtYvLWehVKEZJ+YHAY3IfU6680ehXXqrkn3Nfmc/f6ZXtHmUXKn99AYIHdnbAAEtEE5AIkjJIEIkjoEBKGQAJTIe+xKI7wM7T9QqWklF5lS+6+72Gw1DUXUp9nbyahJZk8Yb8jS00pSSfQvJYWO4Ce8kgnAExL9OhUlTc0lyrvfeW6NN1KkYJNuTwev+ij0cUuJrSrrmu3dS00Kk5RpQp45qqj1ee5fmB5C5OLwy9Tlk9w4n4E4HuLWvT0OWp2l3TjmEpzVWDfRcy6rfvXwPFtU0660m+lbXkOWcd009pLua8gK6b3MqkzBpvcyacsMDY0pGdRalHlkk4tYaNZRkZtKQGvt09O1mnzPEadSM0/3cpnvXA1SlwT6TK3JWqxs61dWvrv1atGouZSfg4yw/ZzI8N1ylmlSuEt4vll7Gd5aatU17Q6Nef+MtFCDl1b5Y7S+C+QH2Vkk57gPWHrvCmm308drOko1VnLU47PPwz7zoQAAAAAAAAAAAAAAAAAAAAAAAAAAAAAAAAB8rfpI6rK54tr0adSWLSlGksPpletj+Zn1PKSim28JbtvuPhv0oai9Q4i1G5csutcTfuy/wAkBqeGFGdWvUx9SKjnwbM+6nuyzw5S7HR+fvqycvctkTcvqBh1X1MWb6mRVfUxZvqBj1XuY83uXqjMeQFuexZkXJ7ltgUstS6l2RbkBSQluSVQW4F2isJt9Fua+rN1Kjl0yzOr5jazxs5bGv5WtwI5UVYwtiF12K3kCh9SEVEAEtimUfAuJZQ5d9gLHTqHsi5VWHsUwp5eZAULL6FThhZk8PwKpS5EWJNt7gbjStUja28qdVSaTzHHUv1Nfl0pUV7ZM0CJyu8DZVtZu6qaVTs0/uL8zFldV5pqVeo/bJmP1KooCqE5p5U5J+OS/SvLqk/Ur1PfLJjsjIGxp6xdwbzOMvbFGXT16aa7Smkl15e80TAHWUNatqn15On/ABI2EK1GvB4lGafg8o4TJVQq1KE1KjUcJL7oHR6jokKqdS0xGo/s90v6HOVYSpTlCcXGcXhpm2tdfrQaVeCqR75LZmdc0bXWaMp204qvFbePsYHMdwZVVhKlOVOompxeGvAoAknJAAlghhICUVEAAAMeAFUHiSZkroYyMmL2QE9xJAyBftm41ouPVZx8D3ThXie+0/hSy4drWsaMoW0a1GcXjNN5knhd+ZJ9fE8IpNxkmuq3R2tnrdGnZadOx5431rzxlJ75hL6uPZmS+AHRW/b/AEmtUpSSrzny+r9rfMnst/H3Z8DM9I+j291wzZ6rScJOK7TCXrKnLZ597Use0yKVKOpVIXOm89xSksVqXOoygm3mLW2N0nnwb7zP4poRteCa9pW/xbpS7Tm7pzaaj39MdMvGAPD4bPrn2GTB7mNJclWUHjMXjYuwfQDOoszKMjApMy6T3A2HIq9vUpPpOOF7S7wBfO31R21V4jW/Vy8pZ2/P4li3nhmDeSlYaxTuIL1ZYn5N96A+tfQnfThC802pCUISX0ijFtbKMuzn/qSfvR6ofKnoW4ruf/KVpyu6yna3FOpax2UMOeJJvxfNFL3n1WgAAAAAAAAAAAAAAAAAAAAAAAAAAAAAAAANLxlff2Zwrq1530racl7cYX4nwlxJUcrlrLbTxln2T6cLz6J6Pb2MXiVecKXucsv5JnxjexdzqtOmt3OaXxYHS0Kf0fTLej92msrz6/mYNw9zaX7W+/kaiu92Bi1XuYtR9S9VfUxajAs1SxPqXZsszYFqXUoZXJlD8wKJFtlUikAXKcd0UrcyLeDbSAs3cox5YPd9WYMsZyXLyTnczedk8LBYcsgVx2JTTRaySnlgVywQvaUrq8hrfyAuNYRblJroVt+qXbSnlOtL6sX6q8WBRCDg81FlvufcTVjHDlFYRXL9ZJ572WatVVKihj1Y7JoCxUjJPMvcUYL1XM8b5x0KMJAU4CjnzLqg8cz2RSsvOFheIFOMeAzjGBLCKc79MgVNvwCXiVxpVZPanN+xCVKpFetTa9qwBQ0UlTjL7rJjGXfFgULqNyvkz0Ia8gKXvuV05ypyU4Nxku9dSnDAFdetOvVc6suab6vxKBFbktPIEEojDJ6ASAADK4xLZfXQClrcpx4lbW5DQFJfp/VRaSf9S5Tw00BcBGCcATEv0q0qc04tp+JZSbWe4yLa0uLhN0KM6kVs3GLaQG8sNbnRazTqN+NKpy57zY6rxHVrWcYVHCCi80reEud8/TtKkvFLojnI6Vcxx2vZUF41asUX6en2sf21/DPhRpufz6AYEfrNvdvcvQRsadLTKcto3db+KcYfhky6VehDKpWdCPg3Hnfz2+QGtoRlJpRTb8EsmxpWlxLpRmvdj8TKpXU3spYXglhfAyqdWTxuBbt9OuHjKhH2yM+rw/G/pQhVuOVwfMnCOX7NyaE9+psbapjG4Gp02dPQNXs61LtXOlUU4Tk8OMotP8Uj6q9FevX2v0Klzd15VYOHSXdLPwXsPlzimipUY14dU03+Z7b+jhqrq21e1b9XaWPkB7sAgAAAAAAAAAAAAAAAAAAAAAAAAAAAAAAeP/pJ3fZcM6fbqWO0uJTa8VGLX4yR8rabF1eIaH7snP4Js+iv0n7lfSNJt+beFGpNr+KUUv8AhZ89cPLn1yT+7CT/ACA318/WNXWe7NhePMmays92Bi1XuYlTqZVVmJN7gWZdSzMuz7yzLqBbkyiT2KmUSAoZSg3uAKo7syYy7KhUmnhpPGSzTXxK7yXLaNfeaQGrksR67kfArksvywUNAQwtiA2BOdwmQHsmwK4pzlGMereEZtbEIxpQ+rHb2lrT4ctGpWl1ziP5k9ZAU1ZdlRcl1ey9pjQWIZ75b+4vXi5qsI/Zity0nmSXd3AVU45K1BNczS5F8ydksJ7soXryxnEUBMv1rWfVgvmWlGVaqqdCEpSk8RjFZbMi1t62oXcba1jmUvHuXizvdM0u20WglT/WXMl69Vrd+S8EBodL4Rk4KpqU3T7+yh1XtZvKNhptol2NtST7pNczfvZ02k8PXOpctW5lK3tnvv1l7EdNZ6Np2nrNG2jUqLrOr6z/AKIDz+nGrP8AY29Vx/dp5XyRD7Wmn29vVjHvc6bx80en1L2qo8kcRivu7Fmd/VnCMZybS6bgeWz03Tbvepa0m31lBYfyNZecOOClK0hRrw69nNcsvc+89WuLCxvW3XtqfaP7UFyy9zRptR0Gvawdazk7iillwa/WRX5/iB5RCdjTqzpXWnVIVIvdKtKLXxyXKlPSZv1KF5HP/r4v/wCnp7zrdU0y31ahmWIV4r1aiW68n5HFXFvVsbqVrc5jJY9jXkBFXTrbEZQnW5H1bSeDFqWdHmxTrvH71PH5s2b9RuLT7OWz9niYd1RdKo11TWU/EDHhY5X+JpL2p/0Kqem1atTlp1bfwTcuVfMhdCX4oDKlw/eqDknZyS3zG7pv8zEem3Ck0owePCpF/mG30TeCMtYa6AVR0q8nJqnRdRpOT5MPZdSiNhdPPLQk8dcGZp059s6aeO1hKl/MsfmYalJbdPIDLjoeo1MOFlWksfdLq0DVdkrCvt19Uw1Go+ucvf3F7M4wTe2VjPiBkR4d1Rtf3OS2+1JL8WXqfDOqTkoqhRTb6SuKa/GRqpzcpNyw37CY470sewDcy4XvKb/vNzptDb7d7Tb+CbZEdEs6Scq2t2TlFZ5KEalRvyzypfM1GXjbC9iK6Dbm2+nUDPVDTYved1V9kYw/NlfaWEPqWLljvq1W/wAMGJ3sAZv09x/YW9rRx3xppv4sorahd1lipcVWumObC+RikxQCO0s7Z8i4nhlCW5Us5AvwZl0Wn1MOHVGRBvG3QDOpPDM2hJYNbSbztuZtFPGcYQGxoyM+jPzNVSnFNZmn5Lcz6EsrKp1GvZgDYXlNXNhUg+vK2dR+jxfuhxK7dya5otY9hzNvOo1yqmkmsbs2/APJofEM9USt61xQlzRtZzcHUT6uL6c2OifUD65i8pPxJMHRLynf6Va3VFt06tNSTfUzgAAAAAAAAAAAAAAAAAAAAAAAAAAAAAD5n/Sar83FlCmpfs7KG3tlNni/CqzfXMsdKf5nqH6RdxKfHuoxb2p06UF7OzT/ADZ5rwkvUvZ/wxz8WBnXb3Zraxn3PVmvrdQMSo+piz7zJq9TFmBZmWZF2Zal1Atson0K5Fup0AtPqTEPqSuoF2l1RGpPFOjD2tldBZmjF1CXNdTXdFKPwAsd0mU8qkH08iG/ACJLBDWxV16kAQiJ9NipiKzOKfe0BsaqVK3pUkukd/b1KKSSzOX1Umyu92rvwTLdd8ljLfeTUQNa5SlNyb3byXKe6zkttPJepRyl5gTLKhjGXIr5eWkopetU2RDXNXUUumxtOHLb6fr9JNZp0c1Je7oB1XDukw0iylUqYdzVSc5eC7kdzwtw9GvThqWoxzGXrUqT714s1Oj2H9q6zQtG32WHUqY+6ln8sHpFzy06cadPaMYqMV4JLogMO4rYeEnn8PYYk5vvKqzblhb47zHqLOevxApqzws9z8THcsvbYqqtdEsmNKTUumO4DKg8PcyKVdxls8GDTlzIu004yeegGDxBpScJahZQxKO9emu9feXn4nF8Q6bHUbGUor+8U1zU5fkesWvrR6Lwx3HFapY/2fqVWhFPsX+sp/wvO3uYHlVCs68ezn9eHx9hcrQdS3xnLp9PYZHFFr/Z+u9pT2p1cTW3R96LNJ/r2nupPHxA13RvJTzZ6FddOM5p+JQ1lAStyNm9wgBVTlicJJ9H18C7fU3Tu6qwsObkl7d1+JYhs/IztRWXb1N81KEJPPe91+QFFCnTnT/bS5sL1VAynR56MVXnVUIr1cU3jr3fMptJRjTilc8jlhNdnno3t8jawnSq01Ore3kakvrqFDpnOfmwNHcWU1JzoUq0qGWlJwayT/Zt4qSqO2qqD25nHCOijKDzSp19XrUXJrljDG/s+Jaq01UhmFHVqtNcu83t/wBbSwBz87O4pwnOdGcYwxzNrpnZFzT4xncRhLpLMfYbutbU1TU3pt0qb9ZudfKazj8S/Z2UKVONerpPNT6qTr4aW7/J/wDjgDn5wcZNNbrYjButcuFN9nGlCC2lzdZYfmadLxApwSi5Cm5fVi2bLStGu9RuIUbO1rXFab2hSi2Bq1uX4UJvG2F4nr/DPoS1y+SqanVo6XSfdL16mPYunvaOtfCHo44Sh/3xeVdUvIL1qblzLP8ADHZe9geBWGmVryqoW9KrXqd0KUHJ/BHcaF6KuKNTh2q05WNDq617Ps0l44Z6I/Sfa2Mfo/B+hW1rDGOdUk38tvxNFfa5r2uVXLULuTT+y5Z5f91bIDWz9HWn2OVe6+rmt3wsaXqr2zlhfArtuF9Jp9KMqzXfObf4GdStVGOa9Wc8dzeEiqpq9hZrHa0IvzeWXBdttFtsrsbWmv4YmbDhyVfC7GHv2NFU4toRklCvVn5Qg1+OC7p/FV3Uqxja2Sm28c1WTfyX9Rg6q09H1W5y4To02v384NJxHwFqli1d2tehXVL1pR5ksY7zuFoHGt1pVvdaZPT6HawcnRlBc/l9bP4nGa9wt6QNZt3ZXVHUZKUknBNQpP2tYWCD2f0Q6ktS4Po1IrEIVJxh/Cm1+TO2OT9H2gf9ltB0/TJzUqkaOKjXTnzl4+LOsAAAAAAAAAAAAAAAAAAAAAAAAAAAAAAPkT9IeX/2g6t/7r/+qJwXCn+Eu3n7a/A7n9IT/wDELWP9z/8AricNwrj6Bcvv7RfggMi6e7NfVM+66s19V9QMSo9zGmZFTqY8wMeZbZcn1LTAoZamXGW5gUMqXUpJXiBl2qTqRztuaqtLmq1HnLcmbWi1TjKb+ymzTvbcCSCMvqMgO8AjIBlduua4pLxki22VUJJVoNvCUl+IGyuo5qv2mLqLxRow8csz6sc1pM12p7XEY56RQGKnlmTRS65MdJdxfovdryAmgsylPPTJ1XAdH+73dw1mUpqCfkt/6HKUfqz9h2fBLS0OWOvbS+OEB6f6PKfLaald59apUjRXsSy/jlfA3t3U9bZmo4FcXw3JQ+t9Jm2/dEz67af/AF5gUro/FmboGj1tbvo0KUW4x3k14f1NepYh45Xw2Ol4Pp6nO2uHoU+zuoSU5Ykotw8s+bAv6lodK0k4VLaMFBdMZfvfezmalOhcVnCFOK3x02N/rOtazTtasdb7SW/InOEMuOOiku72mBpOIW9aULCrOOIyUnGUlLPcnj5gaS/0+VtyVIb05SafjGXgyiMcrpnB1/ESt6umVJun2VRSh0llSajLD3799zlbfDh8PwAv2kmnk1vF9DnoW9yl9STpy9j3XzS+Js7eOH78FjifC0O4Ta+vT/4kB5Lx7R57C2rcu8aiWfJ/+BzUm6bg3s8JnZcZxX9g5l1U4/icbctONNpr6uMewC3fpKu33PcxXsssyr95cFjdRWX4mK4vYCM4JfmGk/aGBCXsN1qElPRNHksc3JWh7oz2/FmmfTY2dw3LRdOw36sq3zkgJsqkY0lUd0qcoSwoKOZNPqzM+mwVSonfV3BpYlGCXM8pvKNHDOSpgdJa6taRjKpWvtUVdJyj2bivW8/aam7v6s6ko291dO3yuWNSo87Lq8bd7+JgpPuK4wz3AVKrVceTtJ8uMY5njBkWsHOrFSk8e0ohRb6beLNno+nXWo3VO206hOvWnLlioRbbfgkBc1OKqTpST2dNJe42HDHCeqcQ3KpabZ1Ki+1Jx2j5t9x6zw56NNP0Kxpajxxc0o8u6t+bp5Sff7EbDUPSRb2dD6HwnptKnbx2VWcOSCfjj/pgY+h+iDSNJtne8W6hFxh60qcJ8sI+Tl1fuNnX9IWhaBSlZ8GaVGtOO3aRhyQ9rfV+9nB6hW1LXKkrvWr2dSkt81ZclKPsj3/I1dbWdJsfUt6bvpx39WKhST/MLjodV4l4n4jk1c306NB9KNssRXlnZfNmpnpVpa4lqNxRpd67efNL+X+iNHca1q2pLlt5OjTfSFBcvz6mbo3Bep6pVi6kJpSe8nuNWc2sqpxBpNrHltYV7ua6bckPd/4GPU1/VrqL+i0adtTX3Y5fzPSuG/RFXlGE522Y4zmq+VfM7i09FlGMY9tXpU0usYQbL5NZI+b52+rXk816laee5yePgbDTuE7y5w3FqLeNkfTdl6OtEt3mpGrVfg2or4G/seH9JsUvo9hRTXfJcz+Y8qm8x4Hw76Mbu6lDs6E3HvnNcq+LPWuEfR7p+iuNe6jC4uFuopepF/mdtn2Y8CSJerUruJ6spRUGVmu+SVKp4TSfknsZqMK9jz2tRLuWTKoT7SjCf3oqXxQFYAAAAAAAAAAAAAAAAAAAAAAAAAAAAD4+/SBb/wDKBrOevND/AIInD8L/AOBuWv8Aafkd7+kPDl9IWrLx7OX/AMuJ5/wq/wC7XcfCafyAyrp9TX1jPujX1gMWp1ZjVC/UMefVgWZFmRemWZAUMtzLjLc+gFBVFFJMAL1VtWlRrvWDWG0qJfQq2fBfiarz7wJee4gqzsUtgCGG9ylsAR3PuD6FUQNnCo506VTxjuYF9Pmu557ngrta3Kuyl0zmL8CzePNw5d7SbApi9i7QeKm/eWY95XB4e3VMC/T2VRPqjpuCK2bO6o/dqKXxRzf+dLwkjYcJ3SttYVKbxCunT9/VAe0cAXSlaXtm3iVOarLzTWPxXzNzdyw3lHC8PXsdN1yjVrNqhPNKpjuT7/czv9SoSp1HnD2UljvT7wMFVFyY7+8zNG1WdjWlySxzR5cr5GtaxktyXrLHVAZV9e1bm7xdc0op7J7rB1HCuu3dGShb5jy9E9tvwS8zkKdScVh742w0XlcVeRwg3GD6ruYHU8ccRS1ivClCMVCKWeVbN4w2jmqeYrHTwZahHZttuT6svR3XkgMq1i5TivDL3MLi2py6RThnMqtVJLySbz+HxNnbQxHGHzS6LvOY4pu4XOqKhSlmnap0njo5Z9Zr37e4DhOOaijplvRT3qVE/gcjWjicYeCSN5xZcq61qNGLXJQWPLL6mlj+suHLuW/uAtXv7XH/AF0MVvd4LlafPWk/MtLqwJ9giiFs9iUwIljuNtdLl0zTFnrCpUx4c0vzwanoss3F9Hs421JycuShDr3N5f5ga/G5Vylzl3KuTzAswWTMo08RUpbR+b9hXbWywpzT3eIr7z8D0bgzgmDpR1viuq7HR4LMVj16z7oU14+L7gNXwLwBqfFlR1ElaabSf625q7Qgvzfl8cHo9LX9D4Oof2VwXaK91BrkqX9SOeZ+WOvklt7TTa7xFd8QKNhpVH+ztBoLlhb03hNeMsdWYFSdno1lKrW5qVOS9WMdqtb2fdj4v/wA3Woyv9b06lV1e+jdXMJtRt3JKNNd8pNbZ/6ycpe61Zae3Czir67WyqPalB+S7/8ArcuUdRv9ftJ6bbUIUrarJYp047tdycu89E4I9DFa4UK+ptU4PD9eLy/Yhrc5+68jha6xxDWjKs61aOdsrEI+xdD0fhH0PX+pKFWvHko7NyqNxX/M990Dg/R9EpRVvaxqVY/5lRJv3LuOhyPZ5SenAcPei7RtLhHt12013RXLH+rO1stOs7GCjaWtGkl92JlAM22gACABIDAAAnBJBKAiSzFryLekyzZRi3mUG4P3Mussaa+Wtd0sY5anN7eZZAzgAAAAAAAAAAAAAAAAAAAAAAAAAAAAHyX+kbDHpC1B4606TX/w4/0PNOFZf4yHdiL/ABPXP0m6HJxpGf8AtbSnL5yX/wBJ49wxLF1cQ8YJ/P8A5gbK66muqmxuka+t3gYdTrsY0+pfqFiYFmXUtSLsuhbkBaZbm+4uSLUgKSY9dillUeoF6v8A4OefI1bNldLNm/ajWvqBD8SGSyAIBDJYEe0c2FsQQwJm1nMSmcnKWZPLJS6rxKcYArRKe5SuuSV3oDIhLmgn3x/AVswnGpTeGsST80Wqc+Vp+PUvS3p4zldwHd6Tfx1TT4Vv8xerUS7pePsPSODtcpXttDTL9qN5Rjy0akntUgu72r5o8D0jUaumXaqw9anL1akPvL+p3dncUL6gq9pNyinv3Sg/MD1G8pKM5LZeRhSgzT6XxK4QVHVlOSSSVxFZeP3l+Z0FtKjcxVS1rQqxl0cJZ+XcBjKLyXYLDMl0GnvknsemU/gBYjBt9cGZRppJZ692C1WrW9pByua1OlH957/A0Oo8T82aWmxe6w60uvuX5gbHXNbVhzULXDue+S+x7PP8Dh9S1GGl6fOvVeassqCz9aX9Cq8uqVnQndXlTCXfJ5cn+bOD1G/r6zf9rP1aUdqcPuoClOXJOpVbdSq22/HJTJ9laSkvrS9X/mZlKCr1FzbQgsLGxgXlVTnyx+pHZAYUd337lWHn2FTexTuBKWzZSlh+RL6JeBD6gXaFGVzXpUYJylUmoKK6vJs9TqRrajcTg06fO4wa74x9WL+CRa0D1Lydy3yq1pyqxl4VEn2f+vlI5VFJLoBMI5MqhRjJqc9ox6+ZbtKUq1RQit3t7zq9D0hVKyr13mhQ6RxtKYGbwlp1pQuoahrFNzpUouUKH3vCPll9Wbm6u9Q4t1CVe4mo2lD1Ywj6sKa+7Fd3mzDpWlbUryFtQWOd5nJdIx/I6ulbSt7KFvpVHtGnyU1jKnL7z8UuoGk1jUbbRqEKFClGrdtfq6Hgu6U/BeCLvB3o+1vjO9V1eKp2TfrVJ7KK8vBew9H4A9EUpV/7S4kqVHUqPncZfXm/PwR7VaW1G0t4ULWnGnRgsRjFYSDWyOY4R4D0jhujT7KhCtcRW9Scc4fkjrcgBLd9gACAAAAEoCCSCQAAAklEEoAzEoNw1mouiqUVL3ptfmjLZhV5cmrWMu6SnTftwmvwYG0AQAAAAAAAAAAAAAAAAAAAAAAAAAAAD5y/SjtsazpdfH7S1lDP8M3/AP6PA9BfLrDX3oyX4H0t+lDZuenaLdr6sZVaL9rUZL/hZ8x2U+x1mi+5zx8U0Bv7tdTXVOpsrtdTW1kBhVcZZjz7zJqrcxpgWJdS1LoXp9SywLci1IuSLcgIQXUpJTAuV3/c348yNa1sZ9w19El7VgwAKXlvyD8yX1KUA6+wndIZK1jAFrzHt6kshgF5ESXgES1gCESm1kJE4AJ5TRVTm47PoUlPeBcmsZ78mRYXlxYV+1tarhPvXVSXg0YqksYa2JTSbz0A7fT+JrK5ppX393rb7qLcM/kbm0cKv62zqrm+/SnjPwPL2l1RVTqzpSzSqTg/GLwB6/T1DVqW1O+r4XdJ5x8RU1DVasXGpfVmn15Xg8woa5qdJYje1sfvPP4lctf1ST3vKvjtj+gHoUqcY+vc1en2py/qam/4jtLWMo2f95rdNtoL395x1XVa9d5uuSv/AO0X9MGbZahaxi8W7hLpmEk/kwIual3qtbtr2pLEem2Ix8kiuEIuSp0I4iu/xL/LRvZNU76nzd1Or+rbfgu4s6zQudOcKNWhWoykuZOcMcy8V3NAReXMaNF0aO8n1a7vI1ZEm35lLb5cZAqeOUjqieqRHgsgTnYjdS3a95PRZLtrbzuq6pRxFLLlJ9IpdWBmUV2Gmwik+e4lzy8oxbUfm2/gFlr2sqryjUrSlFYh0ivBdxkaZQdxd04JZTaA3GhWFScYKEf11Z8kPLfdnbVaEKEYW1HKp0oc0mu9ePvJ4I0zt6rry2pt9lTeOkVvOXwz8TaqnC51XEUuzqS7eosbKEc8kf8ATn4AbDhTR69xO2sreP8Afr5+u19iD3b9mPwPf9A4Z03RKVP6NRjKvGPK6st35teBzfoq0NUbWprNxDFe5zCkn9mmv64O+YEgAAAAAAAAAAASgAAAAACSUQAKjA1RcsrKousLiHz9X8zORg64+XTatT/ZuNT+WSf5AbVd4C6AAAAAAAAAAAAAAAAAAAAAAAAAAAAPLP0jbTt+AI1sf4e7py9nMnH8z48u/wBVeRn92Se3tPub0t2Kv/R3rlLlcpQoOtFfvRakvwPh3WIpVXjxYHTXSzv3M1ddGwpT7WxozznNNfgYNdAYNUxp9TKq9WYswLEyyy9MsvoBbkWpFyRamBSxuGQArv8Au7XmjDXmZNb9m0Y2QKZIgmUtyM7ACU/VKe/IAqe+xQVdxDAhlSw1uU5JiBUtmOrIyT3AUzKX9UudSlrAFOdiUyME4Aq27yGl7CMhPbcCqO3sKljvkWs7DIF5yj3ZZT2jW0VheRb6jAFfNnq8+JsLPVLm3pOjzqtbN5dCsueGfFJ9H5rDNak8l2EJe4DaKNtfSxaLsaz/AMqcsxl/DL8mYk6cqUnTnFxmtmsFhx5Xjvzk2VO5p3qjSvZctTGI18ZfkpeKAw8YD7vEvXltO1quFVYfVNdGvFFnHimAf4eJtacPoNm6T/xNdJ1P3IdVH2vZv2FFjZujSjf3cEqCeKUJf5s13Y+6u/4FtylVnKc25Tk3KTfVsCUm35G90KhyW9Ssk3Ul6kF5vY0b6bbs7nQLL/vbSbPG8Eq0/hnD97A9BsLf+ztEVtSSVTkVDmz0z6037kZXC1jPUatGNKLVW/rbJ/Zim0l8MGHqkZuhGlDKlKDePCVWfKv9KOr4UdOx4g0yMPVxXp0Kfu3l8ij3C1t6dpbUrejHlpUoqEUvIvEMkgAAAAAAAAAAASiCUAAAAAASAAJRjanDtNPuYPvpy/AyUU1YqdOUX0kmviBXZ1O1tKNRb80Iy+KLxgaDPn0e08qaj8NvyM8AAAAAAAAAAAAAAAAAAAAAAAAAAAMTVbZXum3ds0n21KdPD800fAvElrK2uqtKaxKlJwftTw/wP0EaPin01aW9N481ugqfJB13VhH92WJL45YHN6JU7TSoRxl024/MXC3MThqptc0fHE0Z1ysNga2stzFmZdZGLMDGqItPoXqhZkuoFmS3LUty/JblqQFp9dyMktFIESeYsxWZMn1MZgUMnbBDIXUCWEsDIYAnuIRVgClojJU0Q14ARklTxsyl7EdVuBd6vYNFEXhplSeVhgThFM9iryKJJtgQyCWQuoEvcqjjASIW7Ar2C5V3kJE48wJUvBIqg5N7vCKdl5shybYF2pLOMFOcbrqUp5KuoGyt7id1bRsauHKL/USfVPvj7H3eDJsLGrXv6dvJShKUsS5l9Xxb9m5rc77e07bR4y1Sylf0G3eW1GdKusdf1clCfv6MDS6jdO8rJ9KNNdnRh3Qgnsvb3vxZix27wt0u7YdAMi2p9rWpw680lH4s9U4fpc3FWqV0ly20ewjld6z189kjzrhSnGrxBplKeOWVzBSb6YyepejyDuXqFxJPmrXkYvP8STT+YHQVoRnrlKl3U62+Pu0qeF82ZWn1nL0i8LWUXv2irTXnKX9EY+k5r6lWq4W1GU0/OpUeflEjhOTuvTlRjHDhazjBeXLFJ/1L9NcvpJjI7iCMqgRkkAAAAAAAAASiCUAAAAnJBOABJAAkBADE4ewtMUF9irUj8JyNkarh/aN/D7l3US9+H+ZtQAAAAAAAAAAAAAAAAAAAAAAAAAAAHzP+lHpHYa/YalCGI3dDs5Sz1nB//wCXE+mDyf8ASR0b+0OBI30Ip1NPrqbfhTn6svnyfAD5E0yp2Gq0+5SzB+831zH1mc3eJ0q/MuqeUdHGar21OrH7UUwNfW7zDqLcz6yMKqtwMWoizLqZFRYLEgLMi1LcvSRaaAst7lLK5dS3ICl97MeXUyJbIsVFhgUEMlbkNAQBgACpFJUAYJxlkMClkBvcdQJWOgZC67EgQSR37k94AYJaCXgBGd9irmwtkNsdChsCvLZSMjvAlbEkIkCVuVLqUJlaAnvydFwHqsNL1+krl4tLlO3rb7csu9+x4OdJ7wOk4i06Wk6vcWnWEZZg8YzF9Gaw6bWJy1bhPS9Vkm6tvJ2Vd97wswfvWTmc7dANzwntr9nLKXJJzz4YTf5Hrfo7h2egOpHCX0qrP2YUn+SPHuHXy6rSecYUv+FnqPCN26PDMo5xyupLOfvKS/MDsOFaaldVVjOfo9P3cnN+Zheh6X0v0yXtd7+vcT9+5tuDI5rSk0suvS+VKBo/QHLPpOuHL60o1/zFb59V9OAkgMIKikqAAAAAAAAAEogZAkAACckACQABKD6BDvAwNGeNQ1aCfSvGXxgjbGk0j1de1mLfV0Zr+Vr8jdgAAAAAAAAAAAAAAAAAAAAAAAAAAANTxVpa1rhvVNN2TuradKLxnEmnh+54NsAPzz1y3qUbipTqwcKkG4yi1vFp4afvMnQq3aWUqbe9OT+B3Xp70F6Px/qfLBRt7pq6pY6Yn9b/AFKXxPN9Fq9jf9m+lRcvvA2VdGBVW7NncR36GBXW7Aw6iMeaMqoY8gLEi1JdS/IsyQFmS6ltl2RakgLcvMs1U8ovMtz3QFtPchgNZwwI7iCrBDQEFRCROAGR3EFS6AWn1JDW4QAkgnuAE42IRLALpuG8LZsPyGQIzkjBXs+hT06gQ/YSiY9Q9mBIIJQE9CUyABWT3rJEfMqa70B3XAKjqWj6xo0361ek6tJPuqQTkvjiRyuO4zuCdQ/s3X7SvnEFNOe/cnl/LK95k8XWS07iXUbaLXJGq5Qa74vdP4MDF0huOoUWvE9F4fqv+xKsM43a39rPNbGXLd0X0xJHeaHVbsq8O+NST/1f8wPW+DKinPbuq028edKBznoJmrf0ouFXKlPt4Lbv3NnwPdKdW5jF7x7Cf+nl/JGg4buI6F6ZeZvFNX7WOnqye3yFa5fVqBLWHggMoJyQSBIAAAAAAAAAAkAAAABOQABIyEGBqtPa/wC1GpxT37Ci3/qN4c/Z5XGN6s9bSm/hJnQAAAAAAAAAAAAAAAAAAAAAAAAAAAAAAHh/6T+g/SdC0/WKUcztajoVH+5Pdf6l8z5Uuc0a/OtnF5P0B4x0aHEHDGpaXUS/vNCUI57p9Yv+ZI+CdYoSpVpwlHEotp+1AbfnjXoQqwfqzWTCrxKNDr89vO3k94etH2F64j1A180Y80ZdRbmNNAY7RbkXZotSAsyLM1uX5eZakgLMiiSynkuSRQ0BZewX1EVVIPK8yEnugKcgACuEcxIwVUZb8rE44l5AUMldCJImOyQFuS36kImS3CQEAnHeAIJ7iMEtgSuoaC6k5z7AKSerGxIEDqVcr7iZU5JbrqBR3krqMDoBPvAQwBVEry8FCLkPMCu3n2daM19mSeDt+NqMLjTtE1WPrTq0Po1WX71PZP2tJ/I4Z7bo7zTeXVvR/qNKUv11jON1TWM7bRmvgo/EDkqbcZKTzs8nacP107q4pJNc651v1yk/xRxEfrbm/wBLu/o97Z1t/WhyP2xe3yyB6jwLdKGv1qDf+ItvV9sWWfSPSlYcd2V/H1YXUaNZSS2ymk9/HZP3mmtbr+ztSsb2D9S3rpSfjCX/AIncekvT3qPClC8ornlp1bnX/spru8+mfKIWPcuCOIo67p841KkJXtCThUx9rwlj8TpD49tOMdQ4W1zTdZsqjdO+t1OrDuc4vkmn8EfTHAXHGl8ZWHa2VSMLuGO1t2/WXmvFAzHUgLZEhAkhEgAAAAAAAACSCQAAAkAASg+4gAae3240r7dbGL/1nQGgoP8A88q0e9WMX/rN+AAAAAAAAAAAAAAAAAAAAAAAAAAAAAAGfG/p/wCHo6Lx9qCpR5aF3i7ppd3PnmX8ykfQ/pl44nwTw3CtZxhLULqTp0OdZjHCy5Nd+DzH0t2N9xV6MOH+LdQs5Wuo0qUYXcHtmE+k0u5N4eO7mA+cbWt9GvoT+znlfsN/cLL9u5z19T5ZvwNvp1ZXFlHLzOHqyAs1luYs0Z1aO5hzQGPJFqRemi1ICxJFuSyXpFuQGPJbFGC9JFtoCif7PziUylHu64Li2znBYeHjAFON8DBXjbclICjGC7Fqa8ynqRunldQIknkqS2LkWpLpuGkBjS6vuIJl1ZAEogIAAAAJITy8EgEtyuKzJIpXUyLTHbxb6ZA32hcPXmrKpGxoOcaSTqVXtCmu7LN5c8FKjShOtfetNZSjS2/E6zhLUaNtwRY21tHlqVJzq3Dx9d8zS+CLus1XTVvvGUUksJ759gHkesaNdaXddldQwmuaE4/VnF96ZqpRZ7Z6SbOi+FqNbKzbzpQj4800218Dxy6jh5W2QMVInJAAkrgyglMC71XU670a38LbW6dCuua3uM0akfGElh/1OOzsX7OvK3uqVWDxKElJYA2Wq2c9O1S7s6iSdCpKHuT2+RXSbqWE8fXoyVWP5nScdUVqFGw4htorsLuCpVmvs1Yrv9qXyZy9nV7Kv6/1JLla8mB21nWjeaWuV5Tio+7uft7vbk9S4A1GjqvDztbzFRRi7S4T74P6r+fzPEuGa/YXdSxn1csRXX2fP8TreEtR/sXiOKrN/RLn9XUS8Hsn7UwLer6RVhpeq6JXWb3S6rurfmW9SnjFRJ+zEvamc1w9rV9ol/TvdNrzoV4PZp4+J6/xvY3H9312wxK/sFy1kllVafc8d6w3leGfBnlHFGmW1tCnqmlN/wBnXM3Hs297ep1dNvw70/Asz7alfRfo39NFnq8qVhxLyWl28KN10pzf73g/PoexxlGcVOElKDSacXlNeOT8+KNy4rd5R7H6LPTBd8Pdlp2tynd6TFYh3zo+x968hZiZ+PqYGp0HiDTNetKVxpt1CpGrHmjFvEsexm16ERIIJAAAAAABJAAkAAESQiQAHeGBpbb/ANOLj/8AgR/4zojnbbfjm58rGK/1nRIAAAAAAAAAAAAAAAAAAAAAAAAAAAAAA819M/C612hoV5OHaULC/pyuoeNCUkpP2Lq/LJwPpe4g1PT9Y1HT6lVqxqRdPsJLNKVFrCXL7MbrvR9DSgpRakk01hp955/6W+Bo8U6C52UMalawfYpbdpH7n9APjHUrdqTeM+fl4mFp9x9FufXf6uWz8vM9f4P0rT7yjfWOr2mL+hPEoVE4yivZ1W5q+KvRq3z1tGnz97pSeJe59GBxVZb7GHNbsyOxubGbtNQhKnVhsudNPHmmWaq8gMWayWpLYyJoszAsSRaki/ItyQFiS2LbRekt9y20BaaKeT2Fx9QBRykNFxkNAWsDBU0GgLbbi8ouJ579ymS3KfqyyAlDvLbW5ktcy2LUoZbAoKfdgnGGQAXQMIlgREqIQYBFcZNPOcFHQJ7+QHXcM8RR0+g7S6UnbyfNGa3cG+vuN/DXtOp4qO9jLd7RTbfuPNFJp7FyNaS6MDreKeJK+sShSbcLSDzCD7305n5nK3NTmkWZ1JSe7ZTlsCQsEIASSR3k5AnJPcUrdZKvcB2nBV2tQs7zh+4kuyuoOdFt47OrHeLX4Pxyc/UhOhUqUq0eWrBuMk+5rqjBtK9S1uaVajJxqQkpRa8UddxJRp6np1vrtnj9ZFQuoL7E1spe/wDoBpqlWXJRuqf7Sk1GXmu7+h1sa61TT43NP9rFrn7t+548/wAV5o421qKE2prMJbSj5GdpN5LStRSwqlvPZxl0nF9V7/k8PuA9p4H4glqNirWu5VL2hBxlGW/b0u+Lz1a369d0anUraPDF9Ur0aEb3h+/9WVGquaPlF+zfD6+eUcwu0sq9HUtLrT7FvmhUXXK7pfvLv8ep3um6ra63pldVaanCUf75bJdP/WwXhndrue4I4PiXg5ditT4ZlK6sKi53QT5qtHxX7yXlucfTnOHR7o9Evbe84auu0tqiuNPqNSi+5ruzjo/NYLd/Z6dr1GVxVjUVZRzUr0Y5rU341If5kf3lh+JZXS8/jD4J40u9BqqnNOrZzafZub/VvvlHwZ7voHpWVCvCjfThdW8oKdOrnE3F+fRnzPqWjXOmwjc05wu7GbxG4opuLfg87xfk8HU8DcmsWt1o9xVjTrOnKpZ1an2Kq+y/3ZLb24LifF9vrzReIdL1mC+g3UZVGv2cvVl8GbbofEWjcV3mm1FCVR5g2uSpuk1t16o9Z4U9L1zQhCnXqRlFYSjcNzj7prde/IvLD6FByGi8faTqFOH0iUrSUvtzkp02/wCNbfHB1lGpCrSVSjOFSm+koPKZkVgAAAABJBIAkhEgSgQANLYyUuNNQx9i0pr4ybOiRzGjS5+NdbfLhRo0Y/idOugAAAAAAAAAAAAAAAAAAAAAAAAAAAAAAD3QAHB8f+jqy4mqx1Cyrf2brtL9nd047T/dqR+0vmeV3z1TQLmNlxRZuzrP1adxF81Cv5wn/wDS8M+kGsrBi39ha6jaVLW/t6VzbVFiVKrBSi17GB84apYafrFFU76hSrJbJvrH2PuPPdf4CuqHPU0mpG4pf7Ko0pryT6M974v9EtelaVavBOoO0rLeFndvtKX8MZP1o+Wco4ijpur2lpSo6xCENXim6trFcris9Y/fWO9AeDXdrXtqjp3NGdKqvrQksNGFM9y1ChaahRdG9t4VYLbElvH2PqmcXq3A1OTlPS7nlb/yq7yvdL+oHnskW5I2uqaPfabPF5bTpx7p4zF+9bGsl57AWpItSRkMtyjkDHaILsolGMAU4DK2ihgU8pDSLiWxDSAtNeBDWVuXcENICiLwsdxXypookiYSw8MC3Vhgt4MuSyW3DfbrkCxjcY3Lko4ZbYDv6E9CIksCjBPQEgECUlkpAMBhACSESADYDAlPYqyUkoCo3fDOsvSrmpGtDtbKuuStSfevFeZpEycoDodc01WdWFe0qdtYV1zUaq8PB+aMOnUU6Lo1XjP1ZeD8C5oerRtYStL+LradV+vDvg/vR80XdVsJW8IV6ElXs6m9OtHo/J+DA2vCHEP9jXkrbUqX0iwqtKtSfevFPueO86+6t6mh3Ntq+gXfb6fWb7GvHuffTmu5+T6nl0akakeSs/VS2l93/kbbQtfvNDqTpxca1nWXLVoVVzU6y8JL8H1T6Aet6bf2+r2lRWtJc6TdxYYzKHjKl96PjHu7jntR0mtaSV7pNSU6WcxdOTzHyXf7nv7TXW86N3y32gVa6qU/XlS5s16Hmmvrw81uu86HTNdo39SCu6sLLUKnq/SeXNvc+VSK6P8AeXvLP6suNTY3VS4nU+iKML2aanS5U6d0u+Lj05sfHuwybLTre6pV7jQs299TWZ2M5b5z1pN9d/svfwz0N5q+kUp3SpX1P+zr5rmg5P1ai+9GfRr27+Ze1LRKt7pd1dwUY61bU068YrH0qCe1SK++u/HXr1GN7K8mupzVzUc8qbk3JPrnO5Xb15x3UsPyOj1e0/tq1rXcYY1O3jzV4/7eC6y/jXf4rfqmczCPqp4OssscrLK3um67eWMuahXnDxSez9x3XCnpMu9OqRanOjLvdJ8qftg9meXKWVjBLZz6V9a8M+lixv1GF7GHNjDlR2f8r/JnoOm6rY6pT57G5p1fGOcSXtT3PhCjeVKEk4za9jOq0TjW/spw/WurGL2Uuq9jXQyPtJ7dQeHcIelK7nGEa1xSrJrHY3Lw/dNb/HJ6TpXGml3ihG6lKxqy2SrfUfsmtvjgDqCSmLUoqUWpRe6aeU15FQAnJAQEkkEoDRcPQzxJxBVe/r0ofCLOkRz3Cr57/XanjeOPwijoQAAAAAAAAAAAAAAAAAAAAAAAAAAAAAAAAAAANZNZr2g6br1mrbVbWFenGSlFvZxfimt0bMAeScWei+4cnX0K4VeHV211PE15Rq759ks+1Hl2pWV5pt67W7oXFvcL/Krw5JP2d0l5ps+rGjC1XSrHVrWVtqdpRuqD+xVgpL2rwfmgPlZ11LmhVW3SSkk/kaLVOGNLvm5UoO2m/tUenvi9vge+cSeiOhVjKegXXYPqqFynOK8oy+tH5nlev8NavoNfkvbOvQXdOWHCXsmtvjgDynU+Er+2cnbKN1SXfB4n/K9/hk56pSnTk41IShJdVJYaPYY3FGMowu4yXc2l0M2eh2WsUcqpRrrwqLOPf1QHhkkUOPcz1fUvR3Hm5oRq0ln60V2kPliX4nLarwFrtpCda3tHfWsN5VrTNRRXjKOFKPvigOQaTKHEvSg1JrD+HQpxkC1gpaLzRS0BbIK2inAFLRTKOVsXGsEARDdYfXxJcSlrvEZeOwETWUWJLBl1MKmzHe4FtEiXUAUhdQ9skx6gQyF0JZAAkhEgO4DAAEsAASkQT3gSTggkCV0Nhpmp17ByjFKpb1P2lGf1Z/0fma5kroBva1tbXidbTG1LdyoTfrR9nijX5lDKlnHen0MWnKUJKcJOMk8pp4wbOnqFO4hyX9JSfdWisSXt8QLdnc1rOvCvZVZ06sHzRcZYlF+KZtnrlSvX7arywrzX6yUI4U34uK2b81g1dWz25rapGtTe6cXuvajGllbSWGgO/wBK4kq0rR2k3TuLOW7tq75oJ/ei+sJeaOl0nWVaabdStK7rUoxhKVpdxz2eZpPHdJYfVYfikePUq04fUbNxYak1Z14Teza9nVAetaZrGj3NzTr1qP0a4j9ppzg14NrEkvivI115wHaXkqtfS73sqUm5RTTrQW/Tmj6yXticNaXDnvSll+XU2tjqtxazzTqSpzXfnDGi3q3CeqabHtJUoV6X37eamn7upoqinTk41IyhLvjJYZ6HY8XVW19Mp0q+PtSjif8AMtzcx1jSNShKN3TpzUlvG5pKqv5liS+IHj7k+ZJp4RepTw/yPTbjhPh7UHmkri1k982laNWL/wByph/CRq6/o3rTf/desWFbbanc81rUfkuZcrf+8ByVOu+6TXsZ0mg8R6hp/qW9fnpfapVPWi/czGvOAuKLKLlV0e6qQW/PQiq0X7HBs0lWhcWtRxrUqtKcdsTi4tAe2cK8eStpxjQq1dOm93Tzz0Jf7r6e7B6jpHpBoSilq9FU4vZXFqnOm/bHrH5nyrp2sxpzUbyCrQ72n6yPTuEZ/TKcZ6bcKtS6um+q9wH0jZ3Vve0FWtK9OtSfSUJZ/wDAv4PGrW2urSca9nXrWdwvtUnjPtXR+86XSuPKlnUpW/E9BU4TfLC+pLEG/Ccfsv5AegErqUUakK0FOlOM4SSacXlNE1Hywk/BNgaXgf1rK/qvrUvar+aR0Zz3Aa/83oVH/mVqs/jNnQgAAAAAAAAAAAAAAAAAAAAAAAAAAAAAAAAAAAAAAAAMFu4t6NzRlSuKUKtKW0oTipRftTLgA8+4l9GOk6pGUrJKzqbvs0s02/Z1XtR5HxH6PdV4fqTrKFa2pReVcUs1aPva9aPvWPM+ncENLfYD5Vsta1vTqfNd0I3tp/8AubdqaXnlfmcdqGoXf036TG+uJR58qtTqNSj7cdGfVnEPo/0XVqk7m3hU0y/e/wBJsn2bb/ej9WXvWfM8y4n9HmtWjnOtptrr9tFZ+kW36i5ivOK2l7gPLq2o0NTqQ/7QWVDWqDX7WWKFyvZVj1f8SZgX3BOgalmega27O5ksqy1iPZPPhGtHMX7Wkba54fsKtxOOl6jUsrtP1rPUIcks+GUsP4GPP6XpPqazpsuxeyqRXNBrxygOB4g4W1jQZR/tSxrUact4VsKdKS8qkcxfuZo5Qae6PXrPUHZdpU0DVqtqqn16OeanPycHs/Y0Y15LRr7C17hulSm+t3o8lbSfm6eHTfuUfaB5O4soaPQ63A9hqPrcNcQ2depJ+rZ6gvolb2ZbcH7pHM6/wxrOgTxq+nXNpHGVUnDNOS8VNZi/iBoXkguOOcNbp7+4pw+9AUYIcStkAUPdYKHHcuNb7ESW6AtzjiJQXZottAUtIY8CvGxS8gU4KWXMbFOACBOABAJ7iMAATgd4Ed5PeABKJRTuSgJJRDQQFXQlEMlAV05zpzzCbjLxRmq/U1y3NKFX95erIwH1C39oGwjSo1X+oqqMvu1Hy/PoXo29WlTqwmsNrmw+/dGpzt5GXbXtxTgqfaOVL/Zz3j8O73AXYOUJZi3HBsrfWK1PCqxhWgu6S3+Jr3c0KrxUpOm/Gm8r4PcrhRhU/Y1YzXk8P4MDoLXUNOuMc06ltUfdNc0c+02cLWrUipWtSFaPjSlzHF1qTpJN5T81gijVqUZ81KpKnJd8HgDuKdxd28sZkn4G1tNfuqS5amXHwOJtuJNTo4U60biK+zWipfPqbO34ooTx9L0/lffKhP8AKX9QPQNN4kdKWaNWrbS/9VJw+S2OktuLb+rBRnc0LymlhQuqUamF8jy231fSa2F9JlRk+6tBxx71lG2t+xqrmt69GouuYzTA726vrG7g+34f01VGsRlC2hKL88YT+Bd0TUNL0uvGta6RptG66OcO0pZ8dnlI4+3rV6WMTms+fVG1ttQfKo1eWflOOwHcPiGNwlJaVXfMs5oVac8+aWc/IqhqdCtzU7jS9W7KXWNWzlKL/I5WjdWzw52lJvrmLabNraaxb0JJwhc08fcrNAexcKXMbjT7adGnUpUpU0+zlBx5fI2mo1OzsbiTaTVKT+R5Jb8YUKcOXN9JrxqZLlPiKd3VnC0oV1GVOSnVqN4SaA9L4Kp9lwtpq8aSn/M2/wAzdmJpFH6PpdnSX2KMI/CKMsAAAAAAAAAAAAAAAAAAAAAAAAAAAAAAAAAAAAAAAAAAAAAADCAA0fEnCui8RUOz1ewpV33VMcs4+yS3R5nrfol1KxlOrwnq3PS6/Qr31l7FLDT96957QAPkXiHRlZXDpcUaDc6bXk8K5oL1JeaX1X7madcPV6ictE1Gje01v2fPyTXk4v8A5H2XeWtveUJULuhSr0ZfWhUipRfuZ5pxP6G9D1KUq+kznplz1Sp+tTz7HuvcwPma+tLm3k6eoWc4S8ZQcG/6mTpPE2q6JB09L1C5p0H9a2rfraUvbCWY/I9H1/hPjLhqnNXNvHVNOhvzcnbwx5p+tE4uo9FvXm4t69hVf2qL7Sn/ACvdfEDAuNU0HV3J69w1b0q8tndaVN20l5uG8G/cYdxwNpGoJz4e4koc2M/R9Vp/R5+xTWYP3tGwuOF3XXPpV5QuljpSnyz/AJJbmjurW8spunc0pQb+zOLhJ+59QNLrfB+vaLGM9Q02vToz+rWglUpy9k4Zi/iaBxafTPs3PQdI13UtJqSlp97c2jksSUJtRl5NdH70bKrrFhqjX/aDQdPvHtmvbx+i1n580PVfviB5ZGOSmcdz0atwtw1qC5tM1m506tLfsdSo81NeSqw/Fo1Oo+j7iC2ouvb2b1C0XSvp81cRa8cR9Ze9IDjJJlPKZVS2qU6koSi1OO0oy2a9q7i04tbNAUQSwUTWJlzG5Di28sCiMckSj4IuQ+sVyjkDGxsUmRKnsW3ACgYKlEhoCCCrBAAME4fuAgE4CXiA6EhkroAQAAlBMkgAyuHVopK13gVDpuQiQL1K5rQ+rUlh+O/4l2F1F/tKEH/D6piIqQGeqltU+3Om/wB6OV8UXYW/P+xrUp57ubDfue5rUSvPfyA2v0WvD61KXuWSqmkpJuLi/FbM19GvWpfsqtSCXcpNIzqWq3UViUoVV4TgmBtLW9uaSfZXdeCfc3lM2trrmoQ2dSlVX70DQ0tUpS/bWNJ+cJOLM6jeWEvrUrmk/KSkgOntNfqpevaQf8E3+ZsKevKS3tqy/wB5HMUK1hhYuasf46Zn0J2zfq3dNrzTQHa8Pa7aQu4u7trmcc9ISSb+J7G6tnccIyr2NNwqVKtOjytfVbkvifPtpc2du4SuLmjFN4Tbay/ge8aDo17qvB+m29nQVtRnWjdSrzq7zivqtY3388dAPUILlil4LBJRQjKNKEZy55qKTl4vxKwAAAAAAAAAAAAAAAAAAAAAAAAAAAAAAAAAAAAAAAAAAAAAAAAAAAAAAzlOJ+AuHeI1KeoWEIXDX+IoPs5+/Gz96Z1YA+eOJvQfqNq51tBu4XkE8qnU/V1V7H0fyPO9SjxDoNR2mrUa8YdOxvqXPGXsb/Jn2WY19ZWt/QlRvbejcUpbOFWKkvmB8VVKmkXW13YVrSo+s7SeYv2xl+CZYegQuG3pOp21d91Ko+xn8JbP4s+lOJfQxw/qalPTJVdMrvooevT/AJX09zR5RxN6HuJNJ5529tDUrddJW3rSx/A9/hkDzm5sNQ07/G2tWEF9qUXyteUugsrz6PcQqW1xVtqq6TpzcWn7UbCNzrGi1nRjXubeUXvSqrb3xlsZkOILS4XJrmg2F2n1qUo9jV+MQInxTe3MOx1ijY63QWz+nUVOePKosTXtya2rZcG6k3z0NR0SvJ9aU1dUI/7ssTXxkbKWl8Mags6fql3pVWX+VdxVSmvZJYfxyYl1wRrsISq2MKGp0O6VnUUpP/c6/IDVVvRxc3UJVOHtT03WI/Zp0qvZVn5dnPDz7DldZ0DVNGqunqljc2k1titSlH5vZ+43V3G4tKzp3dvVoVYPeNSGGn7zd6VxfrdlR7GjqFSrb99vcPtabXg4zygPN3FohtrqeqPWOGNSbeu8LUaNaWzuNKqu3kvPs3zQb9yMarwXw1qjb0HieFtUb2oatSdH/wCZHMX8EB5t1Icc9DttV9F/FWn05VqelzvrVLPb2Eo3EGvH1W2cdXtq1vVdOvCdOpF4cZxcWvcwMdw7yhx8jIxtuRgDHwQzIcF3FHIBaaGC447FOAKcdwwVpBrcCjG5JOCQKcDBOCO8CQBgAt2VrpkoRWnlASPwAALqVp7FCKkBWT3lJKe4FyJdRagXYgXYIzKKMSBmW6AzKMdzY2kd0YdFbI2djHMgJ1Gl29xptoutSplr5L8T7h0a1+haTZWuMdhQhT/lil+R8fcDad/bPpQ0ezceeFOpT7ReS9aXyR9mICQAAAAAAAAAAAAAAAAAAAAAAAAAAAAADIyABGQBIIAE5GSABORkgATkZIAE5GSABORkgATkZIADIGRkABkZAAZGQAIAGu1fQtL1ilKnqlhbXUWuXNWmm0vJ9V8Tz3XvQnw7fuU9OqXOnVH3QfPD4P8AqepgD5p1v0G6/Z80tNr2moQSzhSdOb9z2+Zwuo8OcR8OVXO5sb+ycd+dRfL/ADLMT7QIklKLUkmnth9APjOnxbqapdhqVO31K3WzhdU1J/zdSzWfCupSzWsbnSbh/at3z01/uvc+rda4F4a1nmd9o9q6kutSnHs5fGODg9a9BWkXHNLStQurST6RqJVI/kwPAanCsqqctJvbXUKfcoS5J/yS3NPd2FzYycLm0lGXhUg4tew9f1X0HcRWsnKxq2d7HquWo6cv9Xec9daDxrokHC507UHQ6cs6XbQf47AcBp+pX+mV+2027uLOa6OlUlB/FfmdTD0h6rcUOz1+w03Xrfo1fW0ZT/8AiRxIs3Fe1nLk1XR40aj+1QzSf8r2Md6PpN1LNlqMqE3uqdxDH+pAX6j9Hmstu60rVdAry61LGqrikvZTn0+Jjz9GFvqScuFeKdH1KXdb3Ena1V5ets37Cxc8LanTjKpRgq9NfbozU0zS3VpcUZ4rUpRn3bcrQFnX+AuJtBUpanot7SpL/OjDtKb81KOUc32ck8d6+R3ejcW8Q6FLGn6teW8fuOTlD4PKOgfH1rqmFxVwto+q+NalB29V+2UOoHkbzjoUtLwPVZ6R6O9ba+iajqvDteXWNzTVzSz5NYaXtMW59EWrV4Otw5f6Vr1LrFWdwlUa/glhgeaci8SlwZvNa4b1fRZOOrabd2bTxmtScY58n0ZqnCUWBjYfeMF5rxRTy79ALWCMFxojl8gKEviMFbWCMAUY3K49BgmKALqCScAUoqXQJE4AkmJBVFAXEi5AoRcgt0BfgtzNoLoYdNbmfbrYDNoLojdadTy0sPzwam3W533ox0uOqcW6VaTi5QlXjKaX3Y+s/wAEB6z6FfRpcaFd/wDaLWpx+nXEHKlbxWeyUu+T8cbYXTJ7IiIvJOQAGQAAAAAAAAAAAAAAAAAAyMgAyAAyAAABGQJBGRkCQQAJGSCMgVZIyRkjIFQKcjIFRGSMkZAqyMlORkCrIyU5GQKsjJTkjIFeSMlOQ2BVkFHMOYC4Rko5iMgXMjJbz5jIFzIyW8jmAuZGS3zDmQFzIyW+YcwFzIz/ANIt8w5gLdxZ2tz/AIi2oVV+/Ti/yNTccH8OXEnKvoWm1G3lt28epuuYcyA0VtwXwza1I1LfQ9Ppzj0caK2I1Tgvh3VISjd6Vbvm6uC5G/gb7mROQPJda9BmgXfNLT7m4tJvfGFKK93Q88170D6zac09Plb3seq5Jckl8evuR9OZGQPhvWuD9Y0qco3tldUcf7SkzTwo3NvU5oKdOcX9anLDR98V6VK4hyXFKnVh92pFSXzOX1j0fcM6tl3GmUoSeXzUvVA+V9I9InE+lxVFatUr0V/kX1NV4Y8MTTwbCtxPwxq//pJwbZ8763OkVXbyz4uO6bPWde9BFjXUpaRqM6De/JWipRPNOIfQ/wAUaVzzp2CvaKe07OeZfygamXCHAmuJPQ+LKmmVn/katQwvZzxNfqvof4kt4OrptvS1ahjPPp9aNbK/hWGjS3+nVrSs6N5SqW9VbdncU3B/EptK+oadNVbCvcUJJ5U6E21n3AaLU9JvdLrOlqFtWtqieHGtTlBr4pGC6b8GepWnpP4kp042+pVqOqW6WOzvqMK3/EsoonrPB2rS/wC9OGaVnVfWpp9adDfxcd4sDy2UWU8qx5npdxwlwxex59J127oPGVC8t41E3/HBrC9qZo7/AII1Giuazq2l9DpzW9Zb+SjJRk/cgOPSZWlgzL3Tbyyli6tq1F/vwa+ZitbgUNBIqGAIwMEpE4AhIqj1ISKogVx6l2nnJbii/TWAL9JZM+hs0YVFbozqKA2FqsySOn0HWZaBqun3kbm4tXmcHVt0nOOYPGz2azjK8DnbOOWjYfRJanr+k6XRi5VKlRJqPX1nj8MgfYvAt/e6pwhpN9qiiry4t41KnKsJt9+O7KN6Y9jbwtLShb0liFGnGnH2JYL+QJAyABOSABOQQAJBGScgAAAAAAZIyAAAAAMgCckAAAQyAJyMkZIAkZIIAqbIyQQBVkjJS2MgVZGSjIyBVkZKckZAryRzFGSMgXMkZLbYyBcciMlpyIcgLvMOYs85DmBe5hzFjmHMBf5iOYsc5HOBkc3mRzljnI5wMjnHMY/OHMC/zjnLHOOcC/zjmLHOQ5gZHMOYx+cc4GRzDnMfnHOBkc5POY/OOcDI5yecxufzHOBk8yHMjH5xzgZHOTzZ7zH5xzgW9S06w1Oi6Wo2VtdU39mtSjNfNHA636F+ENSbna21xptbfErSs0s+LjLPwWD0LmJUgPn/AFv0CahBOWlata3kUvqXlLs5v2SWV8Tgdb9FnE+lxnK50O6lTisupZzVaHy3+R9f8xKl4AfBtzplxY13GTq29ZdYVqcqcvgXKWo39DarFVV4p7n3LfWFlqFN07+0t7mD6qrTUs/E5DVvRXwhqXM3pitZv7VtNwX8vT5AfLdHWpzppPmUe9SLdWGnXW9ezotvviuV/I911b0B2NTL0vV61Pv5bimpe7Kx+DON1T0JcTWmZWv0a8glnNKqs/B4YHmFXQdNq70atai33PE0YNXhi4z/AHe5t6vk24P5nXanwdxBpbxeabdUv4oNGplRu6LanSqLHVYA5i40TUbfLq2lXlX2oLmXyMGUHCXLNOMvCSw/mdtTuqtPGOaPyMqOoc65binTqx8KkVIDz/le+xMUegOx0W73q2EIN99GTh+BP/ZTSa37C6uqL7uZxmvwQHBRiXoLJ2UuBak/8LqVtLyq03H8Gy3LgTWqb/VUrWuvGnXUf+JIDm6KM+hHobCXC2tUHippdy/OHLNfJlcNI1Km1z6bfR9tFgX9Pp5ktjvvQJo0tc9JFXU5RbttPTqKXdlerH55Z5/U+nW8VTVlWoynsp1o8uPM+ovQXpWj6bwTSloyqSq1ZL6XUqvMnVS6bLGFnbyYHo/ReQKckpgVApzkkCcjJBIE5BBIAAACSABICAEAAAGBICAABDGQQAZAYAZIAAhggAGQAwBAAAjJAAnJGSCGBOSnIZDAZKWwylgGylyDKGBVzFLkUspAr5iOcoZAFbn5kcxQRkC5zEcxbYAr5vMc5byMgV83mOfzLbZGQLvOOctAC7zMczLQAu8w5/MtAC7zeZPN5lrLJyBc5yebzLWRkC6pE85aCAu85KkWiUwLqkTzFrJOQLqkTzFtEoC6pEqWS2iUBdTKky2ipAVvDjh7p9U+jNZf8O6NqCxeaXZ1fN0kn8sGyKkBwuo+ivhq7y6dCtbt99OfMvgzmdQ9CNrJt2V/HyVWlv8AFP8AI9hRIHz5eehvV6GXQhRrru7Ktv8ABpfiai59H+t2X7XTr1fw03Nf6cn02SuoHypLTa9pNxr89KS+zUi4P5mbZynTaXOvifT0kpLEkmvBrKNfX0LSLl5uNLsKr8Z28G/wA8Ep3OUsl76XCmuacoxX7zPaKvBvDlRty0az3+7Dl/AUODeHKNSM4aJYOS6OdJTx/NkDw+5tbziqhPS9CtZ3lWckpVY7U6Pi5T6L2HuXA3D0OGOG7bTVUVWrHM6tRLClN9ceXRG8o0qdGmqdGEKdNLCjGKSXuK0BIQAEkogICSUQAKgAARJCJAAAASQSBAAABgAQAwBDIKgBQwVMjAFIJGAKcEFWCMAUtAqwGBQwVNEYApwCWhgCnBDRXgjAFBGCvBGALbRS0XeUjlAstFLiX+XcpcQLHKUuJkOJHIBj8pDRkOBDgBY5SnlMjkHIBjY8hymRykcgGPyjHkZHZjkAx+UhxMnsyOz8gMblHKZPZ+Q7MDG5RymT2Y7MDG5RymT2Y7MDH5SeUv8AZk9mBj48ieUv8g5ALHKSol/swoAWOUlRL/IFACyokqJe5RyAWsE4LyiSoAW0iVEucpPKBQkVJFSiVcoFOCUirBKQFKROCrBKQFKRJUkMAQSTgYAgnBOBgCCUiRgAEESAJQSAAlDAAkAYAIkAAAAAJQAEEgCAMAAGABAJAFOBgnAAgjBURgCnAwVYGAKMDBUMAUtEYK8DAFGCGivAwBRgYK8EYAowRguYGALeCOUucowBbcSHEu4GALLiRyl/BDQFlxI5C/ykOIFnkHIXuUcoFjkI5DI5SOUCxyDkL/KOUCxyDkL/ACjlAscg5C/yjlAscmRyF/lHKBY5ByF/lHKBY5ByF/lHKBY5ByF/lCiBZUCeQvco5QLPIFAvco5QLPISoF1RJ5QLXIOUu4JwBa5Ryl3BPKBa5SeUucowBQojBXgYApwMFWCUgKUhgqwMAU4JwVYGAKcE4JwSBTgYKsDAEYJQJAgEjAAEgCMEgAAAAJQAAAAAAAAABkEgCASMARkE4GAIGCcDAEYIwSAIwMEgCMEYKgBTgYKsDAFOBgqwMAU4GCrAwBTgYKsDAFGBgqwMAU4GCrAwBTghorwMAUco5SvAwBRyjlKsDAFPKMFWBgCnlHKVYGAKOUcpXgYAo5RyleBgCjlHKV4GAKeUcpVgYAp5RylWBgCnAwVYGAKeUJFWCcAU4GCrAwBTgYKsDAFOCcE4JwBTgYJwMARgYKsDAFKQwVYGAKcDBVgAU4JwVEARgYJADAwAASAJwBAJwMARkE4AEYJwAAAAAAAAAAAAAAAAAAAAAAAAAAwMAAMDAADAwAAwMAAMDAADBBIAgEgCASGBBOSABORkgATkgAAMAAMDAADAwAAwMAAMDAADAwAAwMAAMDAADAwAAWxOSABORkgAAAABIAgEgCCcAAMDAADAwAAwMAAMDAAAAAAAAAAAAAAAAAAAAAAAB//Z\" data-filename=\"su.jpg\" style=\"width: 669.5px;\"></div><div style=\"background-repeat: no-repeat;\"><img src=\"data:image/jpeg;base64,/9j/2wBDAAYEBQYFBAYGBQYHBwYIChAKCgkJChQODwwQFxQYGBcUFhYaHSUfGhsjHBYWICwgIyYnKSopGR8tMC0oMCUoKSj/2wBDAQcHBwoIChMKChMoGhYaKCgoKCgoKCgoKCgoKCgoKCgoKCgoKCgoKCgoKCgoKCgoKCgoKCgoKCgoKCgoKCgoKCj/wAARCAK8ArwDASIAAhEBAxEB/8QAHQABAAIDAQEBAQAAAAAAAAAAAAECAwQFBgcICf/EAEwQAAIBAwIEAwUEBwQIBQIHAAABAgMEEQUhBhIxQRNRYQcicYGRCBQyoRUjQlJiscEzcpLRJDRDU4KisuEWJXPC8ERjJlRkdKPS4v/EABQBAQAAAAAAAAAAAAAAAAAAAAD/xAAUEQEAAAAAAAAAAAAAAAAAAAAA/9oADAMBAAIRAxEAPwD9UgAAAAAAAAAAAAAAAAAAAAAAAAAAAAAAAAAAAAAAAAAAAAAAAAAAAAAAAAAAAAAAAAAAAAAAAAAAAAAAAAAAAAAAAAAAAAAAAAAAAAAAAAAAAAAAAAAAAAAAAAAAAAAAAAAAAAAAAAAAAAAAAAAAAAAAAAAAAAAAAAAAAAAAAAAAAAAAAAAAAAAAAAAAAAAAAAAAAAAAAAAAAAAAAAAAAAAAAAAAAAAAAAAAAAAAAAAAAAAAAAAAAAAAAAAAAAAAAAAAAAAAAAAAAAAAAAAAAAAAAAAAAAAAAAAAAAAAAAAAAAAAAAAAAAAAAAAAAAAAAAAAAAAAAAAAAAAAAAAAAAAAAAAAAAAAAAAAAAAAAAAAAAAAAAAAAAAAAAAAAAAAAAAAAAAAAAAAAAAAAAAAAAAAAAAAAAAAAAAAAAAAAAAAAAAAAAAAAAAAAAAAAAAAAAAAAAAAAAAAAAAAAAAAAAAAAAAAAAAAAAAAAAAAAAAAAAAAAAAAAAAAAAAAAAAAAAAAAAAAAAAAAAAAAAAAAAAAAAAAAAAAAAAAAAAAAAAAAAAAAAAAAAAAAAAAAAAAAAAAAAAAAAAAAAAAAAAAAAAAAAAAAAAAAAAAAAAAAAAAAAAAAAAAAAAAAAAAAAABSrVp0o81WpCEV3k8IC4OFecXcO2U3G713TKUl+zK5hn6ZORde1Hgu2T5+ILSTXampVP+lMD2gPnNX20cFU841GtUx+7bVP6o1pe3Dg1Pavev4Wz/AMwPp4PmMPbfwZLrc3kfjbS/obVH2y8E1XiWqzp/37aov5RA+iA8ja+0ng66x4XEWnrPRVJ+H/1YO1Ya/o+of6jqtjc5/wB1cRl/JgdQBNNZTygAAAAAAAAAAAAAAAAAAAAAAAAAAAAAAAAAAAAAAAAAAAAAAAAAAAAAAAAAAAAAAAAAAAAAAAAAAAAAAAAAAAAAAAAAAAAAAAVqVIU4SnUlGMYrLbeEl6nzji72w8MaC6lK3ry1S8g8OlaYcU/4pv3V+YH0k5+raxp2j0fG1S+trSnjOa1RQz8M9fkfmHiv228S6sp0tPqU9JtZbYt96uPWb/okfMdQ1O4va87i9uatzWl+KpWm5yfxb3A/Uuve3LhfT+eOn/etTqrp4UOSD/4pf5Hz7W/b/rVxlaRp1nZQ7Tqt1p/TZHwqrfR88/A1p3kn+GP1YH0bWPalxdqnMq+uXNOEusLdKiv+Xf8AM8neaxd3bf3y7uLj/wBatKf82zz069WXWWF6GNtt7vPzA7Er2K6Sil6GKV+v3jl7EAdJ36/iZV368pHPyMgdH7/H1RMb6HnI5uQmB1o30X+1j5mWN0nh5izi5Qz8UB7PTeKdZ06UXYatf2/L08O4mkvlnB7TSPbRxhYKMamoUr2C7XNGMn9VhnxuNScfwzaMkbmouuH8QP05on2hYNxjrWiuPnUtKucL+7JZ/M+j8Pe1LhLXJRhQ1WnbV5dKV2vBl9Xt+Z+Iqd7jrlG3TulJfiTQH9B6NSFWCnTnGcJLMZReU18S5+GOHeMdb0Caej6rdWsU8+HCbcH8YvKf0Pr3Cnt+uafLS4l06FxHo69p7kl8YN4fyfyA/RIPOcLca8P8Tw/8n1KjWq4zKhJ8lWPxi9z0eUAAyAAAAAAAAAAAAAAAAAAAAAAAAAAAAAAAAAAAAAAAAAAAAAAAAAAAAAAAAAAAAAAAAAAAAAAAAAAAAABvAADKPIce+0DReDbf/T63i3slmnZ0WnUl5Nr9lerA9dKUYRcpNKKWW28JI+Vcde2jQ9D8S20bGrXyys0p4o03/FPv8I5+KPhvtA9p+t8VzqUbmv8AdNOb2sqEmotfxvrP57eh8/qXW3XC9QPacZe0LiHiqU46neyVrnKtaHuUo/Jdfnk8XWuUl1wjQrXUm/cllfDBrTm5PMnlgbNW7ctlv6s15TlJ5k2Y2yHIC7ZXJRzKOYGVy2K82xicyOYDK5kOZicirkBm5hzGHmHMBm5gpmHmHMBnUieYwcw5n5gbHNnuWTNdSJU2BscxKeOhgUy6lkDZhXqR7pr1NyjeJtJvlf5HMUiyYHoLa+nRqwqQnKFSDzGcXiUX5profWeCfbXrmjulb6u1q1ksJ+K8Vor0n3/4vqfDaNzOkuVpVIfuy7fBm7bVPG2t5c0/90/xfLzA/cvBvHOhcW0E9Ku0rlLM7SriFaH/AA916rKPU5R/P+y1Crb16dWhVnSr0pZjOEnGUH6Nbpn3L2ee3C5tVTs+LVO7t+ivYRXiwX8cVtJeq3+IH6OBp6Tqdlq9jSvNMuqV1a1FmNWlJST9Pj6G5kAAAAAAAAAAAAAAAAAAAAAAAAAAAAAAAAAAAAAAAAAAAAAAAAAAAAAAAAAAAAAAAAAAAAAAAAAUqVIwhKU2oxistt4SXmYNRv7XTrGtd39enb21GLnUq1JYjFLzZ+XPaz7V7viqdTTtGlUtNDTw85jUuvWS7R8o/UD23tQ9tcLSVbTOD5xrV03Gpf8ALzRj5qkv2n/E9vifni/vrm9uKlxd16lSvUlzVJzm5zm/OUnuYKlTli10Xl5/FnOubnLcYPfzAyVq8aa5VjPkjSqTlLq18EVz3KSmvMCzZVyS7lJTXmY5SywLymUcyrZXIEt7kNkN+RNKnUrz5KNOVSb6KKAjIydW34evamHWdOgn2k8v6I3qPDdFSzXuak15Rjy5+YHmnLHV4K8y819T3FHS7CgsQtKUvWfvMzfcrRvP3WhlfwIDwUfeeIpyflFZLulVSy6NVLzcGfQqaVNYpRjD+6ki/PN9ZNgfOeSWM8k8f3WVbw1zZj/eWD6PzSXcx1YRrLFaEKi/iimB89515k5we6djZyzzWlB56+4aVxoFhVz4cZ0JduSWV9GB5HJZM78uGVzPw73HlzQ/yNC70O/to8ypxrw86Tzj5dQNBMspGLO+Hs12fUstwMqmXjMwJrzLKS+IGwnv1J/muj8jCp77r8zJGWQOtbX1C4pxo6nHDW0b2Ec1ILymuk4/8y9TOpToSSc4TjLeNSm8xl6pnFi1tvjvnyM1Go6efDmpRb3hLbP/AM8wPoPA/G2r8J333nSLnljJ/rbepvSqr+KPn/Etz9T+zz2h6VxnapUJfdtShHNWzqSzJesX+1H1+p+JKNRN5WU/LudXTdTuLC6o3NtWqUK9KXPCtSk1KD800B++lJN7EnyP2S+1ejxJ4Ol65KnR1drFKqsRhdbdvKfp0fbyPraeWBIAAAAAAAAAAAAAAAAAAAAAAAAAAAAAAAAAAAAAAAAAAAAAAAAAAAAAAAAAAAAAAAAAAGjq+qWekabcX+pV4W9nbxc6lWb2iv8APyXc2bm4p21CpWr1IUqNOLlOc3hRSWW2z8n+1/2iV+L9VdtYzlT0S1nmhT6eJNf7SS8+uF0S36vYNb2qe0W840v/AAqanb6NRnmhavrJ/wC8qecvKPRep84rVFvv8ya9VRykcu5rZbjH5gRc13NuMXt3NaUkluQ5JGCpPIEznkxtlWyGwDZXIyGA5sdTds9OurxKVKm1Tf7c9kb+kaNzpV72LUesaT7+rPQxWMY7dAOXZaDb0kpXOa8/3XtD6HYhy04qFOKjFbJRWEOiAE7eQQRZRAJEpFkicARgYLDAFGhgvgjAFeUq4mTAaAxYJ+GxfBHKBr3VpbXcWrmhTqbY5mt18GefvuG6kVKVlV8SK3UJ7SPTtYC8gPnc4VKM+SpCUZfutEKTPd6hY0b2m41Irm7PG6PI6jplWzy0nKHn5AaiZdS3MSZdAZozMieTWXoZIzwBsQnKDzFtM6NrcKa64fdHKTTLwnyyUl1QHo7arKElKnLleU+uN+z9H6n6W9ivtVjrXg6HxDXxqaShb3FTb7x5Ql/H6/tfE/LFtXzFNfNeR0qFXMoyjJxqRacZLZoD9/J5JPkvsS9pH/iW0jo+tVV+m6EMwqS/+qgv2v7y7rv18z6ynkCQAAAAAAAAAAAAAAAAAAAAAAAAAAAAAAAAAAAAAAAAAAAAAAAAAAAAAAAAAAAAAMHiPaxxpS4O4aqVYSUtTulKlaUs7uWN5v0inn6eYHy/7QXH/j1qvC+k1f1NNp31WL/FLqqS9F1frt2Pgleryp7ma8uJTnKdWbnUlJylOTy5N9W/VnKuK2zeQMd1cdl1ZoSb7ipU5pNswSluBMpGOTIbIbAjqHsHgrkA2l1PQ6HpahGNzdR/WPeEGui82a/D2murNXdeP6tf2cX+0/P4I9Mk3u+oBFkgkWSAYJSJSJSARRfASLY2AhIlkpACEicAnIEYGCUyQK4YwWIArgYLDAFGiMGTBDiBjaMVejGtTcWll7I2GiMAeJ1jTnbVZVIRahn3kuxzYs+gXttGvSax7y6HidRs5WtVtJ+G3/hfkBrZLJmPJZPcDIpYZli8mung6L0+rKjGrRTllJuDaz8V6AY6U3CWV80dKhW6NPqcdNptPKfTD6mehU5ZY7Aet0nUK9leW93ZVpULuhNVKVWPWEl0fw8/Rs/Ynsx4yocZ8OwvEoUr+jild0YvaFTHVfwy6r6dj8Q29ZpryPoXss4xq8J8SUb5OUrOp+qu6Sf4qbfXHnHqvmu4H7MQMVrXpXNvSr2841KNSKnCcXlSi1lNGUAAAAAAAAAAAAAAAAAAAAAAAAAAAAAAAAAAAAAAAAAAAAAAAAAAAAAAAAAAAMVxWp29GpWrzjClTi5znJ4UYpZbfwR+NfadxbV4s4ludRbatV+qtab/AGaSez+L/E/U+8faG4kek8JR0u2qOF1qcnCWOqox3n9do/M/Kd7W3e4GrcVct4xk5tzUy+VdO5mr1O5z5ybywIk9yIQlUfur5mxZ2k7j3n7tPvLz+B0+WFKKjCKSXQDz89pNJ5wVMt1FwuKia2byjDLp1Ag2tMtHfXkKLT5F702u0f8AuamUllnruHrN2tkpTX6ys1OXouyA6UIqKSilFJYSXZGRImMTKogUUSyiXUSUgKqJKRdInGwFME4Ja3AAhhlZSANlJSIlLYqwLeISqjMTJQGdTRZPJrrJeDAzotgrFl0wGA4lkTgDFykOJlcRygYWjka1ZKpRlNLMWsSO44lJwUouLWUwPmdak6FTkl0XR+ZGTta5ZOMpKK96LzjzRxEBaCcpKK6y2R6m3xSioR2S2PO6fDxLuLf4Ye98fQ7sJb5AzXllTvYp55Ky6T8/icG6t6tpV8OtHD7NdJeqPQ0ZmxUpUrmi6daClB/VP0YHnLetth9TrWNflkt8HLvrKdhc8rbnSn+Cpjr6P1LW9TDW4H63+zvxZ+ktDqaFdTbr2Meeg28t0X+z/wAL2+DXkfY0fhvgPiOvw5r9lqlq250Jpygv24PaUfmsn7Z0m/t9U022vrKoqltcU1Vpz84tbAbYAAAAAAAAAAAAAAAAAAAAAAAAAAAAAAAAAAAAAAAAAAAAAAAAAAAAAAAAB532g68uGeENU1TmiqtGk1RTfWpL3YL6tfQD8y+3TiP9OcdXypVOa1sv9EpYe3u/ja+Ms/JI+U3NXLZv6hXcpylOUpSby23u36nEr1MsDBXnl48zPp9k7lupPKox/wCZ+g060+91pOb5acVvjv6Ham4wgoQSUY7JAYZYilGKSS7I1qjZlnLLME5dQOfqFNvFRdFsznt7fM7FTEouL6M5FzSdCphtNPdNeQG1o9n99vYKWfCh7836Lovme4gtzkcO2v3ewjN48Sr78vh2R26UdgLxiZEi0Il1EDGkXUcouoF1ECiiQ0ZuUq1gDA1uUZkmjG0BSUjGzJIxsCGQgQAZaK3ILRAskWSCJAlEpsJE8vkBeM3jqX37lIx3M8Eu4BE8pkUU1sTygYXEpJGw4lZRA8/xDQThCql6P1PFXMPCrSiuj3R9J1Ciq1pUg12yvieB1Sn7sZd4vlAnTY4pym+snhfA34S3NOj7tOMf3VgzwkBu05bm3SnlHOpyNqlPAHRlTpXVCVGvHmpy+qfmjzVzb1LO5lSqdt4v95eZ6GjPGC9/Zxv7bljtWhvTfr5P0A5FhW5Zx3wfp37N3Ff3qwueHLqo3O3TuLTLz+rb96C+Et/hJH5UtqjjPDWGtmn1TPa8Ea/W0DX9P1W23q2lVVOX9+OMSj84toD9zroDW028oahYW95aVFUt7inGrTmu8Wso2QAAAAAAAAAAAAAAAAAAAAAAAAAAAAAAAAAAAAAAAAAAAAAAAAAAAAAAfn37T3EOZ6doFGS5Yf6ZXxvvuoJ/LmfzPv1epClSnUqPlhCLlJ+SS3Z+H/aBr0+IOJtS1STfLcVnKnl9Ka2ivol9WB5G+qe8zn04Sr1Y0qe85PC8jLcz5pvc39Bt1ipcy6vMIfDv/kBuUaMLS3jShvyreX7z8zBVl1M9eXU06jAxyfU15syTeDBJ7gVbNW7pKrTwvxRe3qvI2GUYHoOHJurpNHMuaUW4y9N+h26KPM8L1KcLmvRk1GVXEo+rXU9VTWwGWES+CYroZFECsYl1Esl5FsAUa2MFTYzz2Rr1N2Bhl1KMySKtAY2Y5GSRjkBRkEsjAEotEqWQGRFkVTLICUXiiiMkUBeKMsTHEvEDNEujHEyrdAQ0RJF16h9ANacVvnvseH12ire5qU8bOXMvge8ms/BHzrV9R/SN/KtGPLTS5YLzS7/MDBFmaDNaLMsWBtweyNmk9zSpvY2Kb3A6FKWyN+3njBy6MzdosDR4js/DqxvKaxTqbVPSXn8zFplfDW/TzPRwp07q3nb11zQmsPP5P5HkownaXk6FX8cJcjA/W32cuIv0hw3caLXmnV06XNST6ujN5X0llfNH2BdD8eexbiH9B8b6ZWnLloXEvulfL25Z4Sfyly/Vn7DXQAAAAAAAAAAAAAAAAAAAAAAAAAAAAAAAAAAAAAAAAAAAAAAAAAAAAAbwB879u+vLROALynTm43N+/utPDw8Peb/wpn451Kr1WPkfcftL667vim10unPNKwoKUo+VSpu/+VR/M+A388y2A1qVKVxcQpQ/FOWM+R6ZwjRowpU/dhBYWDn8PW347uS6ZhT/AKs3673A060upqyZmqvdmvN9QMVR7GB9TJIxy6gUkyjLSKsCilKEozg+WUWnF+T7HutGv6eo2/PD3asMKpDvF+fwPCMzWN5WsLuNxbtKSWHGXSS8mB9JiZYo5ukapbalSzRko1oxzOi370PX1R04gXSIZOdisgMc2YpIyS3KSAwyRRmWRjkBhkjHIzSMUgKPYjuSyMACyK9iyAsi0WURZLcDIjLExIyRAyxMkUY4mRPsBePUyRexhWzMsd4oC+Q2VXQ1tRv6Gm2krm5b5U0lGPWTfYDl8Xaj900/wKUuWvcJpNdo/tM8JDG0V2M2pX1fUbyde4lmT2jHtCPZI1t87AZ+hkizBGT7mSLA2YSNmDNODNilIDdpPY3qMjm0mb1F7AdS2lho5vFdryyoXsIpKS8Opj97szdoPdG7c0fvemXNDl55TpvlXfmW6A4GlVnhJScW+6e69fifuP2f62uIODdK1L/aVaKjV9Kkfdl+aZ+DdNqtSSb364P1R9mbWXc6LqelVJZdvVjXp5f7M1iXyzH8wPtYC6AAAAAAAAAAAAAAAAAAAAAAAAAAAAAAAAAAAAAAAAAAAAAAAAAAVqSjCLlNpRSy2+yLHmfaVqa0fgXWrz9qNtKEV5yl7q/mB+P+OtWescSarqLbxc3NSpHPaOXhfQ8NcPmk0t23hfE7WpTwpLOcLGTnaRQdzqtCOMxjLnl8EB6KlR+6WVKg1iUI4ljz7/madaR0LqWZM5tZgadR7mCbMtQwTYGKRjmXkYpMCrKSLPcxsCGUJb3IYGS2r1bW5p17aThVpvMZY/J+jPoeg6pT1WxVaKUK0Hy1aS/Yl/l3Pm52uDrjwNdpwdRQhXhKm0+kpdYoD6BkrIn/AOYK7gQVkWSIaAxSWxjwZmijQGGSMUkbDRhmuoGJlcF2iuAI9CUSkSkBG5ddRjyJS3AsjItisUZEtgLRMi6lIoukBOS1N4ZXBKWGAubila2861eahSgsts+d67qtTVbzxJc0aMNqcM9F5v1Z1OM791LqFlTl+ro+9Nec3/kjzT8wIJIRIE53MsGYDJBgbEWZqbwzWgzPBgb0H0wzcoPbqc6lLY3beQHTovdYOpZVOWSa7HHovodG3lugPM6pS+565dU0ko8/NFekt0fXPs9au7Hju0pufLTvITt5LzbWY/8AMkfOOMbfNO0vYrp+pm/zRn4O1GWn6rZXkZNSoVoVcrr7rTf5ZA/ea3QMVrWhc21KvTeYVYKcX6NZRlAAAAAAAAAAAAAAAAAAAAAAAAAAAAAAAAAAAAAAAAAAAAAAABr393RsbSpc3M1To01mUn/83YGwfJPtJ6krXgq2sk8SvLqOd/2YJyf9DvVeMp1vazY8L2jXg07KrWvNstVHyuEc+iy3/eR8x+1DqCnrGkWMZf2NvOtJeTlJJf8ASwPz1qk8przNzhOl/rVx5Ypr+bOXqFTM8Z+J6HQqTo6LSbynVbqYfbIF7h7s51Z9TervO+Tm1mBgn1ZrTfUzy6s159wMcnuYpF31KPqBRmOTLze5jbAqQwH1AEPOcxfLNbp+T8yyQ6AfTtIuZX2l2t1NNSqU05fFbNm1ys8Zw1xJT060Vne0pyoRk3TqU93BPqmu/wAj2FjqNlfQ57WvGosb7NY+oF+R+RDXoZpVKS6zSNWvfWdJN1bmjBeskAkjGaVfiDR6bad9Sb/h3NKpxTpEdo1py+FNgdhmKS2OLPiuw35KdxP/AIMGvLiy2/Zt635Ad9rJXlPOy4ro42tqv+JFHxXDr92n/iQHpVH1LqKPLf8AiyGf9Wl/iRePFtLvbT+UkB6lQJUTzceLbfbmoVV9DPT4s07Pv+LH4wA76izLGByLfiTSqrSVzGLfRSWDp0r+0qL3K0X8wM6gSotFoVaUl7tSJkSi1s8gYcGvqV0rHT7i5xl045ivOXY33BJNywo+beDxXGOpU7irTtLapGdOn785QeVKXZfIDzVWUqk5ym+acm3J+bMbJbywwIJEWSAwSiOxKYGSDM8Ga6ZlgwNumzbpPoaMGbVF7gdSk+h0bdnLovdHQoPcDZ1ml944fvI9ZQiqsfjF/wCR5zRKi54p9M/zPY2UY1ISpz3jOLg16NYPDWEZW95OjLPNTk4P5PAH7j9k2pfpT2faNW5uapTo+BP+9B8r/kewPjf2ddRlW4J1azhJeLa15Tgu6U4Jp/4kz1Psf4vqcXcJwrXsovVLSX3e7wsKUl0njtzLf45A92AAAAAAAAAAAAAAAAAAAAAAAAAAAAAAAAAAAAAAAAAAAAAM+e8TahW1H2kaPocXyafp9B6xeyb2lytqnH4KWJfTyPoTPm/tapw0jQ+IuIYSUbmekrT4ernUeMf4gPmHsQ1GpxD7atX1itvKtQuKq9E5wUV/hSPP/aGvlc+0XUYRefu9OlR+GIKX/uOx9limp8Z6vNfhp2aivnNf5Hz/ANqF873jPXriTy53tVZ9FJxX5JL5AfPrnNSvyrdykoo91cQjSpxpwWIxiopfA8bpVJXOt2lN9HVTfyy/6Hsbt5bfmBzK7OdVe5v131OfVA15swVHuZ6hry7gY5GOTLyMUu4FJdTHIySe6Mc/QCpZFM+RanJKeZR5l5ZwBeMZS/Cm/gRUSppupLD/AHVuyta8rcrgowhH0NKTy992Bncp1J4gpL+6sm5Trag1ywuL1uPVc3Ko/HPxK6VdV3UhbU6tOmpNuMpU1LD8jt+DftJTv6S9fu0W182gOfS03VLhxTuYeJUcY0YSuop18yccw3xhNPLeNsGe34etqk4VbzVbWnp/LFVrmMlOVKq6UpqnyZ5ptOKi2tveNpULzlbnqUd+7t6az+Ro3dS8pRc6msUly/swpxTfokkBvQ4XsYWToyuKE9ZXiVJ0fvaVGNFUYzUvESxKbk2uRb7YNyvoHDtGVxWp1KlWyqUqysJqcvFq14umoqrDH6uHvTxLul6HjnqV8+t3Wwn05u5H6QvW2/vdxv1/WMD260nQKFVwrRoOVvVkr7lnUlGNP7zFL7p/vJ+HzN52xuZaNjw/KrTjGjax+81U7DxY1OSlTVzNN3r7S8NJ4j2aPCfpC92/0y4/xsPUL5ZxeXG/8bA9zY2XDblZVq9Bu1oU6Mb6n4MvHuKjdbndDsoJKnnO+6Jt9M0WVGFCUbGOo1ZUqlO5dGbtKVL7tNzpzWeZ1fEUFnpzeh4eN5dypTlK7rylssOb7lfvF2o73NdJ/wD3H/mB7X7vw14NS++5VI2P3bwVaeG/vX3n7r/adceF4vzJvNK0ijTrWanp9bUrVVK9a4pQl93r0fCpNQo75dXmc1vtlM8fbXN5Kr/rFb/GzHK9u02vvVZJPZc3QD21zpfDMr+4qUFBafeSuaWmQlnx6dSNSnGm7hZ92DUpbryKz0Phx1Kac6UY2UuXWJQqySj/AKT4Sdr/ALxcnvfmeKV/eJvFzU9W8MyR1S+hjlr55enNCLx+QHqafC2k3DVvRuIfpG8lQnplGFx7tzRnUqRbqSaxSkowTw/Mx0uFtNrSsq9DWPu+m1aajXvas0oW114M6ngNdX+BRUlt7x52Os33ve/S3e/6qO5aWs3rWJOjy/u+DHAHZlomq2trQlTu6kbqdSUatnUadWhGMIT8WaT92m1NYl2SbMVzV13T7m/pyqQrRs5yhUqw3hLE+Tmg/wBtZ7o5EtWu5P33Qk3t71Jf/PkZ7aeqXPhqhb01Ffgn4KSj8AK6hdXtxKMri3cJSipLEZe8n09DDQr0uXlrwkln8UOz+B1VHX6U1OnKlzLo4tHO1m61C6ulU1RN12uXm5FHK+XUCzoKceahONVd1H8S+KMEklLo18TWhOVOalCTjJbpp4wdGvJVaVKo0lUlHMkljcDXWxO4S2Y8gGAuo6EAXXUywMC6mWDXzA2YPdG3RZpU3sbVB7gdSgzfpPdHMt2dGl2YHYsniUfieU1qm7bia6T2U5+IvhJZPT2Ty0cbjek4ajY3KTXiU3FvzcX/AJMD7h9mK8X6V1i0k3mvaQqRX9yTT/60ed9jmqVrPjrVdFoV5UZajCtQpSi9o16blKnL8min2drzwOPtPhn3a9KrRf8Agcv5xR4231OWhe1SV6spWerSm0tvdVV8y/w5A/YXBGvf+I+HLbUJQ8Ku8069PP4KkXiSXp3+Z6A4vCel09J0upRo45KlzXrx/uzqSlH8mjtAAAAAAAAAAAAAAAAAAAAAAAAAAAAAAAAAAAAAAAAAA+gDA/N3tM9r3Euj8a6vp+iVrWFlazVGEalBTbkkuZtv+LP0L+3Djijq3s30W0p3FOpeXXg3NxGOzS5JPp299Hy/j65jX1jXrx9J3NapnvvNnm+IbWrpdpZ0bjDrVbalXlj+NcyX0aA+xfZTuadDVOKLipKKdGzhUab35VKTb+Gx8e4juZV7mvWk8yqzc2/NtttnQ4N1a54b1PU4UJOTurSrYz3wsVYdfkzg61JJYXwAjhWKnr1Jv9mE5L44/wC56a66vqcHgiEZX91Uf4oUVj5ywzu3T3YHNr9zQqm9X7mjU7ga0+jNeZnqZNeQFJGKRlkYZAY2UZkZTAFGiN8NIyKJeVNKjKb6JAaDy+pQu+pUCGs/XqblPVLynFKNeWI7LKTNN9Cu4Ga4r1bmblXqSm32b2XyMKST2JyOrAdAQs53LRe4EpAnsRkA20mlnD6rI28skMsgJi3FpptNdN+hMIymm8N48innsy3O8RWyUegFc7f1D26Btt57/Qh9AC6k5fQqvUlMCX16majd3FHlVO4rRjHolLZfIwEv6gdSlrl5ConVlGrHvGSwvqhfatO7oulOjTjHs8uTXwOVklAS3ssm7SeaafY0k8HSt4RqUG6T/A8NPqBj+BD6l2mviVfUCB3I7k9gDMlMx53ReD3Az0zZpvD2NaD3NiD6AdG3bydKg+hzLZ7nRosDq2kveiaHHkc2enVN8KpOL+aNu1e6MfGUOfh+FTvSrwb+DygO/wCxO8p2nG+hVq9RU6XjqMpyeEsxa3ODxi6Fxf63fWsuan+l7hxqJdYSm0crRZtWFRptOMW8rqjYgnV4WvcLq5T+mAP0HrHtbvtJ9mnDmr6RaWtadapKxrxueZ4nTjjK5WuuM/M9h7FeO7rjjSL+rqVK3pXlrWUGqCai4SWYvDb75XyPyhTpXVTRLS556ktPldSpyhz5gqnLnPL5tdz7h9mOuqWta1aRwlUt4VMf3ZNf+4D9CgAAAAAAAAAAAAAAAAAAAAAAAAAAAAAAAAAAAAAAAFK0/DpTn+7Fv6IuauqPl0y7flRn/wBLA/CfE9Tn0vUHJ7zUs/M3vatDm40harpGhZ0Ul0wqMDh8QVlKyuY5y3tj5nY45rq99pEmmmlOhBYez5aUf8gOfepR4guMbZnBrH904uryzJr1OxqckuIlHb3owl+TPP6hcQq1Jcr2Umk/PAHe4Govw9QrPHK+SmvPuzqXXdPqafBOFpV487usv+k3LrqwObX6+ho1e5vVu+eho1eoGrVMEjPUNeXVgUkYZPyM0tzBLrkCkt0VSJbCYF4RyjLfyULFL96WClOe+DDqT96lHqlFv55A028jqPRj4gUZGNi+xHYCMFe5eEJTk1BZwssp6gTld1kmO5UtHZgWexDeWH0Iik5JNpJ92A7ElW+hbIEptcyTwmsFU/MjOScNrONgJwGVcuu5Kb7gH1DI5kSn6oAgE0wl2AdSUWawiO+ACNqxk43EOXCcnjqay26GSlPkqRcXiSYHSuabhUa9TWl16HTvFzcsm020nk50gK4ID9AALR6oqTEDYpvJsUzWp9EbFIDo2z95HRo9jmW/4kdOiugHRtepfieLlwveY6Lkb+HMilr1N/UaEbnQ72jN4U6b38sAeR0eeNPuXjOItHZ0iHi6NVpfv+LH8ji2tNW9ne01Pn5YN5xg73DWXYWzltzTl+ewGxoUvF9ll9lrNDVbeWO/vQa/ofSfs41uXjyrD9+0qJ/4ov8AofK9EqxhwBxFb/tQ1G1kn5Lmkj6H9nKtze0elFPrbVf5AfqwAAAAAAAAAAAAAAAAAAAAAAAAAAAAAAAAAAAAAAAA1dWWdLvF/wDZn/0s2jBfx5rG4j505L8mB/PvWpQm7hwikk3hIz0Laote0yrJ551GTzLLbUF1+qNPUulwn5vP1Nmyqyq69p05PLahBv4Q6AbWo0//AMVUJSWYSjGGPjFnnb+xdDkp+JBz5qnNHvBJrDfxzsejvJN8VU4v9+D+kGcnXZf6U5Nbp4z5gd7hCn4ek3CTeXWz8fdRmunuzHwlUdTRKraS/XSSXyRluerA51foadXobtZdTSq9ANOoa8jYq7M15AY30ZgZml0ZhYFH1JSwtw+oz9AMlNZ+BS/jThKHPnmcc/BGWkjBqv8AbrK6RSA12qTezZHJHs2Y8YeMNeRkitsMCksYK4wWqrDT7Mqn7gDG+ehjw8sycvdFZLfcCEvMlrrjsQifgAIe+wyRldwLYTXqPmIpyT5U3jd47IhSazhgS0l37CS5WsNSIxtvuVAlv4EN5wkyH8HghZAl9QhjO5KWVsBK9DJHzKRWWTulgC7fRllEoWTAyw5M4aWC0a0E8KhBmFPtvj0LRTecfmB2qsX9zoT5sqUdzQkng6UIr9D2kkmnKMvnuc+YGPBBLIAkIhYLJbgZobGxR3NaD3Rs0tgN+h1R1KG6TOXQ6o6dHoB0bb8zp15cmkXsms8tGbx8jmWp067xo9//APt5/wAmB4GlcKpSvMZUatu2vij0vCjc9LssdVJr8zzWmwU9Iuk1uqLlF+W256XhHH6Ls/77/mgOJeXclPUaNKTVGrXi5RWybi3j8z6d9mZt+022y/8A6at/0nyi6rNu7ocq5Xcyq5753WD6v9mSOfaXQa7Wtb+QH69AAAAAAAAAAAAAAAAAAAAAAAAAAAAAAAAAAAAAAAAIqLmhKPmsEgD+d2qpxuLmEuqnJfmzJpSa1TTm31rR/OJl4lpunrOoQa/DXqR/5ma9Kp4crKrHbw6lNfPAHTvtuL7bzyv+hnN4hX6x7dzqXyb4xopfszS/5Gc7iJZlJ9sgdjg5JaFVeN3Xlv8AJGe6TyYODHnRKyXavLby2Rs3fcDm1n1NGob1bqzSqdWBp1epgkupsVepry7gYJmGRnkjBLqBUR67kdyUBs0VuYNWS+8wz3gmzZtt38DW1j/WYvs4LAGtyuTa64WUSqcks7P5lYR29GWjF527eQEunz0pLv2NZbNp9jcjk16y97PcDG2Ve79Ce5DwgD26oh5SHM+nmE/yAjp1IbRM3lZwU6sC8eg2KZ3JQFl1Kt5Hdkb9wJWCd8fzIjvst2Xb5fICpZEZ3L83psBCJeAmOrAJFuhOPItGGXv2AtRT50TGW8ttmM8rTMTW/wAAPQ0ZJ6DacududP45OfUzzG/bbaFa57ub/M0Kn4sd0BjkipaRAEFkRgmPUDLE2aJrxW5sUkBv2/VHTpdjmW/4kdOj2A6NqdO420a/b/8Ay8/5M5lqveR0NSfLoGpP/wDTyQHi9GjzaZW8/Bl/0s9BwkuXS7VeVR/0OHocW9Nr46+DL+R6DheKhplJ+UpS+iA8fWWa1afZ1X/Nn2X7LkOb2iOX7llVf5xX9T480nQ5u7mn9UfbPsq0m+Or2aW0NPnv8ZwA/VQAAAAAAAAAAAAAAAAAAAAAAAAAAAAAAAAAAAAAAAAAYH4K4+t/u/GGu0WvwX1eP/8AIzj3VtUpWE1OnOE4uEsSWH0eH8D7t7T/AGO8S6xxjq9/olG1qWV3UdaDlXjBxlJLmTT/AIsl/bdwfUtPZ5w1qVzQjQ1K1oUtPu4QkpRSUZNPK6+8uvqB8x4V0ZcT8SahWo11SjZ2M9Qzy83N4dJZh6N56+h5riCO0srHofZPsw2kbmlxnRlCLnUsYU1lb4kqif8AQ+Q8QQxCaXYDPwPLNjfQ8qsWvnE6F2upyOB5YrahD+CEvzaOzdLqBy63VmjU7m/XNGr1A1Ki3NaSwzZqdTXmveAwzMUltkzTME+oGJ9Qg+pCYG5bSxt3yU1ODnVoY6OL/JkW7971N2tBSlR8kpLAHMUMIYx0ZuSUc4awjDKEd8AazlnJrTfNlozV3hqPR9TXk1ncCGVbLe7j8X1K1WtuXAEZ8x3I3SyyALNlWiU+hDe4DG4SGRn4gOzIxv8AEkAFt02wW3wQsE7fmBCLJ7FcrLxglegEosVLAXiZM4RjXYtJbAS3khrdMlDO3zA7tHK0O0/4v5nPqfieDpv3dGsoy2ag39WcubAo9yMEkASi0SqLxAzQWxnpLzMVMz0l5+YG9b9UdOic23W6OlR/CgOha/iRu6vJU+HNSm90qLWPiadp1MnE0uXhi8X73JD6yA4nDdPmsqifem19UdPT5eBw/Xm+tOFRr6JHU9kWm09S4o0ezrw5qNW6p+JH96KeWvojP7RbO20nU+JrCwi4W8dQnQpRbzyqTjJr+fywB4CrT8OMKaxn3W1nfHKj799lC1/85164x+C2pU8/3pN/+043Ens11qXAHCy0fR6t3dVHVvr2dKC50ppeHB93hdj6b9nLhm+0DQdUratZV7O7uriMFTrQ5ZckI7PHxlID68AAAAAAAAAAAAAAAAAAAAAAAAAAAAAAAAAAAAAAAAAAB4v2y6fHUfZtrdNrMqVHx4/GDUv6M9oa+oW0byyr21RJwrU5U5J+TWAPzt9lSHJrvEcH0dvS2/4pf5nyHjS1+7alf2/+5r1Kf0k1/Q+0fZutJ6dxrxJaVU1OlQVKWfOFRrJ809rFn904116j2V3UkvhJ8y/mB4rgufLq9annHiUJfk0z0V2t2eX4bkqXEVqn0lKUfqmervFhgcesjRrLc6FddTRrLuBp1FnJqz6m3U22Naa3AwyNepszZl8DXn1AwMhl31McgM9tUUZ/A34VIypZ7nHjLrvgz0qzisZA2arW5gy8+iKyqJ92Y5T3Ax3KzLK7o1nncz1J5iYcAVl03McF3XmXqbImlF+G2wKT6LfbPQLbJEngdgJzsVfoTLotyHv1YDJKIX1JSAZJfREJbMnGwBeRPbzwVZKTxsBKeV5BPD9BgukBCRJaMcllDcBH+RZ7DGNiH0AnsJbdFuR2wWxul57Aeh1HMLe2pPrClFP6HIkzau6zqTWOkVy/Q1X22+oFX09AH1HdgF6mWHXYx9jJD8QGxBGxRRgpo2aK38gN23W50aSNC2W6Z0ae7QHQtV7yMPGU+XQqNPvVuI/llmzaLc53G8ly6XRT3c5za9NlkD332fLd1uPNIwsqm6lR/KnL+rRw+MLavrHti1XTYSk4V9XaUOylJxjk919mWzdTimtXa2oWk3824r/MjgjR3qX2hdRuJRfh2t3cXUnj91uMfzf5AfpShSjQoUqUV7tOKivglgygAAAAAAAAAAAAAAAAAAAAAAAAAAAAAAAAAAAAAAAAAAAAIZIA8Hw/wzU0n2p6/qlOm/uWo2lOpGSWyq8zU1+SfzPhX2grRW/tD1GaWFWp06vz5Ev/AGn6xwfnL7TViocQ6fd4/t7Vwb9YS/8A9AfnWhN0NVt6ie8K0X+Z7m+XvSx5ngtRi1Vljbuj3MKyudPt6/8AvKak/jjf+QHLrrdmhWR0rlYzg51bqBp1Ea0+pt1Ua01uBgkYKhsSMM/gBrvuYpGeXQxSAwkrpsRIhdwHM+zKOT67fASW5V9dgLNrsVSJTT6lZNx6dAMdXql2My2p4Xka8lzPJd1H+FLYCj67hsSfvEPqBK6IgdiM756gGSuhGGln8yYAWJyVJW/QB33JWMdyM46ErogJXQsiqLIC8Opkj5mNFk8ICzZXJXJHcC/YyUkpVY+m5iM1Dq35AZ22+vUrnzIyvIN4fRPfuBPYdyO/oSgJSM0FuYomamugGemjbpLdGtTNuimBu2y2R0KS3NK3j0OhSW6A6NmjhcWSdXiG2pdqVFfnlnoLP4HmtSl4/Fl3vlQkoL5LAH6I+zFbNVNZuMe6qdKmn6tyf9D1Xsp0N2/FnGerVIvmq387am/4VJyl+cka32cbRUeEr24xvXumk/SMUv55Pqdvb0rdTVClCmpyc5cqxzSfV/EDMAAAAAAAAAAAAAAAAAAAAAAAAAAAAAAAAAAAAAAAAAAAAAAAAfFvtMWTqaNpN4l/Z1Z0n6KUc/8AtPtJ899u9p969nV7NLLt6lOtnyxLD/mB+LtVhy1T0nDs/F4forq6cpU38n/3OHrcMSbx0Z0ODavNa3tF/szU0viv+wG3crdnOrnVuVhnMrrqBo1NzXmtzaqLdmtU6gYJmGe5nmjDJAa81uYpdWbE1uYp9QNeSTZRmVruYpgUkYpy5TJKTZVx2AwqcsmZPOcrcrFLJf4gUa8ikluzOot9Ckk87oDC10HV+Rap1KrpuA7FXsTkjsBfrAiPQLp3JSXkwIe6MkN4YKqOexaKArJYZO2ETP8AEyq26gWyWRRbFkBZEor8QuoE9WO46EgT2M1JLl67swZM8XhAXBCY/qBb5F8fQiGCyAtFbmemjFFbmxBAZYLoblFGtSW/wNyktwN2h2N+ktzSorZHQt9wOrYR96PxR4/Tm7jWLqtL3uetJ5+Z6q4qu20q7rReJQoyab88YPM8MUZNLlTc3svi9gP2V7FrP7l7OdLf7VdSrv8A4pPH5YPcnM4asf0dw9ptmljwLenTa9VFHTAAAAAAAAAAAAAAAAAAAAAAAAAAAAAAAAAAAAAAAAAAAAAAAAAHE41so6jwlrFpNcyqWtRJebUW1+aO2VqRUouMlmL2afkB+ANZhmDb64yzX4Tqqlq8qbf9rScfmtz0vHmnfo3X9WsV0t7mpTXwUng8VZVfuuq29VtpQqLPwewHsbtPLOZXXU7F7HdnJroDn1Ea1Rdzbq9TWqdwNaRikjNIxSAwSMUtzPIxSAwPyNer1NmZhkt0Bga2I89y7KSWwEJZawKjalhojKIWOZc3QCyznKe4cnJ+89y3L3T2Kxi8gY6vVFDJWXQxAGQTnKIAu/wotSb3K9Y7k0uu4FpdiIvZsmRCAT6oIjq1kYAsWKJNmRRbAqWT39fIuoeZDi1swDQi99yGSuvUCySb2ZkRSKWdy4Fk9yy8iieCybQGRFo7squjLw6gZYLfJsQXQwwRngtwM9Jbm5SWGa9JYRt0FkDdorodC2XQ0KK3OnaR3QGDiuuqOhOktpV5qGPRbs3vZdpv6Q4l0e05c+Lc00188v8AkcLjKtz3tnap/wBnDnkvWT/yPqX2c9Olc8c0KvInG0t6lWXplcq/OQH6pXQBdAAAAAAAAAAAAAAAAAAAAAAAAAAAAAAAAAAAAAAAAAAAAAAAAAAAAH5R+0LpisuPrqpFJQu6ULjp3xyv84s+I38MVJY27/M/VH2n9MjK00bVIr3oynbTfo1zR/lL6n5g1SGJvHRAert66u9Pt68c+/BN58+5o3CKcMV/G0udB/ioza+T3M9ytwOXVWGa00bldbmrMDVkvIxS2M8+phaAwyMUkZ5JGKQGCaMEuu3Q2JmGa2AwSRRmR5Mb6gUx1GF37l8IhgVWY9C0ai/aWGQQ0BlaUo74MTp75/IRbi9iVPH4luBjdNpkcjM3NF9XuMpdwMHmvItTXm0RnLaIfoBaXVbiJEd30C6/MDNyrCLNLyKKax13Jz5AWjFJFlJJGLLC3YGRzz0Icm1gr0J7+gEJMlLcLpuWQFiclV6Fl6gWTL46FI9S3dAZYrYyQW5SK2MsAMtM2aa6GGBsU+oGemjboLBrU0btFAbdFHWso5cUc23j0OpTqK3ta1eeypwcs/IDyeoVFd8R3M85Snyr5LB+lPsxac4W2t6hKKxJ0reEvgnKS/OJ+ZdDhKrcc8t3J8z+L3P2j7DtNen+zjT5ShyzupTuX6qUvdb/AOFRA98gAAAAAAAAAAAAAAAAAAAAAAAAAAAAAAAAAAAAAAAAAAAAAAAAAAAAHhfbXpi1P2c6qlHmqW0VcwwsvMHl/lk/GOr0t5YP6A31vC7tK9vVScKsJU5J+TWD8JcT6fU0+/u7OsnGrbVJUZJ9cxeAOLwxX8HVJUpPEa0HHfzW6O/cxwzxzlK3uY1Y/ihJSXyPaVJRrUoVYbxnFSQHLrI05rc6FeOMmlUW4GrURgZtVN0a8kBhkYpfAzzW5ilsBgwssxVFsZmsMxz3QGrLqYmZ5IwtbgVROFggRedgIJa3JaIYFGCwYFX1Mc8J+rMjMU954AlJxlsVT3eTLUWEjFjcCUssmJCLLf0APHMXW/TJjmty8M8uVvkCxMUF3yWQEYJRIAEoeRC6gSkXXQqSvQC8SyznsVj1MkEsrYDNHoZqa6ZMUUZ6aAywibNNbmGCNmmtgM9Nbo26SNakjcorcDet1jBXiav4GhukniVxNU/l1Znt47o4fFVXxdSo2yfu0aayv4n1/IDPwzZ1LmvSpUot1aslGCXeTeF/M/eOj2UNO0mysqaShb0YUkl/DFL+h+R/Ybo/6S460inypwoz+8zz+7BZ/nyn7EXQAAAAAAAAAAAAAAAAAAAAAAAAAAAAAAAAAAAAAAAAAAAAAAAAAAAAAANH5M+0Doz03j29qqLVO+jG6g33bWJfmj9ZnxL7TejKto2m6xTj+st6rt5v+GayvzT+oH5RvYYlsdvhyv4unOi3mVGTXye6ObqNPDeDDolz921KKk8U6vuS/owPQV0aNZHTuF1NCvHcDTka0luzbmjXmtwMEkYpGaSMcogYZLz6GKSM2F0McujA1ZLqYZmzNYME0BheckLYsysv5AWW+B3Igy3foBDRDRZ4Ky6AVlssmKkuapkmU8x2KwlyPPUDLW6Iw98lpT51uiqAlYb9SyKJ7Fo+YFqi22LU8qG5WUo8i5c5xuyaTbAyLbqSiMACyxksypOQEugXQq3lkrrtu/ICSyIRKAvFPJnpxxuY6a3NiK2AvFGemsIwx36mxBAZII26a2Rr00bUFsgNikjcoxy0atGOUdC3g8rzA6FooqLlL8MU5P4I8ZGtK+1Krcz61JuXy7HouIbr7ppEqcM+Jcfq1jsu5xNHpLmUsbL+gH6L+zHpC+9atqk8YpU4W0Pi/ef5JH6CPAew7SVpfs80+UouNW85rqeV+89vlhL6nvwAAAAAAAAAAAAAAAAAAAAAAAAAAAAAAAAAAAAAAAAAAAAAAAAAAAAAAef4+0X/AMQ8H6rpiipVK1B+Fn/eR96P5pHoAB/PrU6bWeZNSXVNdGcCvFxnlPDTyvifWvbTw/8AoLjvVbenHlt681d0c/uz3f0lzI+WXcMPoB6W0rxvbKlWXVrEvSXcw147nK4fu1Rryt6rxGq8x9Jf9zt1ogc2a6mCa2ZuVYmrNbsDVms9yjWxmmvIxSAwNYZjkjNL6GOXqBgqLbJrSNqe5rz+AGCSKNGSXwKMCOmMGXuY4RzNehlawBRlar914MhD8gNPsSoOS2M1aCfoRFYikBTkkvLBVGddCmMsCiiWUW8lorcyLYDHye71KU2lLGepm9THyYl8+wGbAwSlsTjcCqi0xJ42RkfTJgeW8gSuheK2z2KFk/IC3wLxWxRdDLTWX5gZqaM0UUguhligL01lmxFFIrZGaC6AZaS8zYpIxU0bVNdANiltjJ1LSPM1hZNClHODYu7pWGl16/7WOWH957IDhcQXavdU8Km/1ND3F6vuztcJaVU1XU7HTreP667rQoR+Mmlv6dzytjTzU9559T719m7QVqHF0tRrQfhadRdRZWzqT92P0XM/oB+nLO3p2lpRt6K5aVKEacEuySwl9EZgugAAAAAAAAAAAAAAAAAAAAAAAAAAAAAAAAAAAAAAAAAAAAAAAAAAAAAAAAbx1A+J/aa4fV1olhrlJfrLOfgVf/Tm9n8pL8z8tahSw2fvfjHTHrXC2q6dGnCrO5tpwhGf4XPHu/ng/C2o0JxU4VYuFWDcKkX1jJbNP1yB5qonGSlHZp5R6qxule2kaqS5ltNeTPOXNNqT2LaXeuzuve/sZ7TXl6gegrR7mlUW7OlVScVhpp7prujRqR3YGnNb7GJrubFRYML2QGBowyNiRikl0YGvI159XubFRdTXn1YGGXcpLqXl1KpZeOoF6UcRy+rLNGVQwljoiJLsBiZXG/Qu15kYArJJrcpj6F38CH1AjGxRLrjqX7hLdgU6L1LFsY6ogBj0CRKSce/Nnr2wSumAEV6F8bFY9TJj6gV9DA9m0bEnyxb8jVUuaTYF0WRUldEBZdzYpGGKNimgM0EZ6a3MVNbmxTWALxRnpoxxRnprYDLTW5uUYmtSj0N2hHzA2qUM4SW5wuI7zxrmFrTlmnR3ljo5v/I6uo3cbCylV2dSfu015t9zy1rDnms7vq36gdPTaOXFH7E9gGhfongGhczSVbUZu5l6RxywX0Wfmflvg3Rqut65p+m0I5qXVaNPbsm/efyWT90WNtSs7OjbW8VGjRgqcIrtFLCAzgAAAAAAAAAAAAAAAAAAAAAAAAAAAAAAAAAAAAAAAAAAAAAAAAAAAAAAAFZxUk4vo1gsMAeQ9nGvfpjR69rcTzqWl152N0n15oNqMv8Aiik/qfnf298LrQuOK1ejTcbHVIu5pNLZVM/rI/XD+Z7PjXWa/s19tctX5ZPRtXpRndwW6cFiMpJfvRaUvg2eu9vOl0uIfZpLUrDFzKylC+pVKa5uak177j6OLz8gPx9d08Sfoc2rHHRdTvX1POZLdM5FeAG/ol+lBWtaWMfgb8vI6NaO7PKtOMsrY9Bp9069BQqvFWK6/vICKq2ZrNbm7WiatRAa81gxSW6M7MMwNeosrHY1qkcbZN2RinFNb9QNGSMU9kbVWDjv2RpSeWBvWlXxY8ssc0V9UZpROXGThJSi8NHTtqirweV70dmBilH0Mc9mbc4YT3NaawBjXqiC2A0BQvGO4S6GXlw+oGJoxo2WkzXk1Gbi3jABJMsgmpdC2NsARgyde5hdSMHlv5GKpWlNYj7qAmtWUnyR/CvzMUHv0KrbJKfoBnwWSIi04p9i6WQLx6o2aaMVODNqnHAGSlEzxRjgjNBAWgjYgtjHBGzSj0Az0I7G7TwoOUmlGKy35IwUI5WyOPrmo+LJ2lCX6uL/AFjX7T8gNXU7yV9d8+8aUNqcfJefzM9hS3Xr/I0aMctZO1ZU3leoH2f7NejyvONqmobqnp9rKT22c6nupZ88czP0tHUKT1f9HRea6o+PNfuxcuVfVp/Q+V+wy3teFfZZca9qj+707uc7upUk9/Cj7sNvVLZfxHe9jla61u01finUKbhV1e6fgQbz4dvTXLCK9PxP4sD6IvUAAAAAAAAAAAAAAAAAAAAAAAAAAAAAAAAAAAAAAAAAAAAAAAAAAAAAAAAAAfMvb3wrLiHg+V5Z0ufUdMbuKSS3nDHvx9dt/keC9nHE0eH9Jo6dqM3ccIajS5VN7uxlNYl8aTedv2X6H6KaTPhHGHC0eFNYqU6cF/4e1OrKdDK921ry3lSl5Rn1j65j5ZD4HxPo9XQ9av8ASq6fPaVXCMu06b3hNeji0zzNxT95o+ocbcL11P73aznUjCCp8k3nkiuiTfRLt2PnN1SlGUlOLjNbNNYaA5FSH1MlnUcJ75L1obmtvCYHdVTmWJdTHUW2TBQmqlNb7oy5ecYygME0YpIz1FgwzQGCXUozLJGPGZYXUDTvJ4hyd3uaTM9xLnrTa37GJ5ArjYmM5wlmMnElLYlrYDZjfPlSqQz6xKyrQlLO6j6o1Ws9Q15AdLT7O51O8o2mm29W7uq0uWnRox5pzfov69Edx8EcTrmxoN9NJ4fh8k/5SZTgarVo6dxi6FSVOq9EmueDw+Xxqaks+q2foeZfhp9VBekmgO/U4X16k8VtC1SGOubaT/kYZaVqCm+bTrxb9HRkfU/ZhovC97wd99s4Q1ziuEoN6Xe3joxzzJTx7y2jHLXnt8D6PQs9bVGfhezXS0layqU0rlyUqyk1GnlS2Tik8gfmmGg6vVeaOkajU/u28mZHwPxPcVJTpcP6lyvvOko/zZ+ktW4d4avLq4jxPw3T0XTYW1OrTvo3PLKNZr9ZTnFT6J4UWup+YeKaem0OIb6lo91UudOjUxQqVZPM1377pPKT7gX1ThbWtCtIXmq6Xc2ttUn4cK04qUOb93mi2k/R4OJUqyllJYR6zg2c1ofGtCE5/d56M5yp5fJKUa9PlePNZeH2yzyD2z5gUay92SAgJSz1LdGF6juBkobywbdOlvuaVN8tRPyZ015gXisdMGSK3KLBkh0Ayx6GaC3MUTPBAZqcTbowya8MLr0MV7d+HScae2e4E6rqfgQdvbPNR7Sn+76L1OHTi3jz82N5yz5M2aMAM9tT/I9fwPp0dU4jsLOVD7wqtRR8JvEZd25PtGKzJvyR5q3g20lu+nTJ9V4G4arabRq6jqlWVvCrRdPwM4bg8N87674Wy67ID6LxpqNXimlY8O8PfqtOqTjZ2ajt4qivfrY/cjBNx+GfI+06Fplto2j2enWUeW2taUaVNeiWM/1PI+zfhidnz63qdKUL64pqFChNYdtR64a7Tls5eWEuzz7wAAAAAAAAAAAAAAAAAAAAAAAAAAAAAAAAAAAAAAAAAAAAAAAAAAAAAAAAAAABqarp1pqun17HUaELi1rx5alOaymv6Pun2ZtgD4ZxJw/d8OXKtr2U7nT6j5La9nvzLtTq+U/V7S+OT53xTwfRvlKpaxUKmNorbD9H/Rn6wvrS3vrSrbXlGnWt6keWdOaypI+ScV8HXeiKdxYKre6Wt2sOVa3Xr3nH16r1QH5Y1TSbqzqTU4OSg92k018V1RxakFh9z9C6npllqtGM6iU9vcrU5Ykl6Py9D57xBwVVg51KEPGjv79FYmvjDo/kB88tarp1EmdOPvRTRqXum3Fu3KMfEjF7uOzXxT3Rk0+vGp7k3hgZJrYxSptrY3ZUzG4YA584tPozFXn4FFy/be0fibtVpI4t1WlWeH+GL7AayT+YaPZaDw5bytI3GpU3OdVJxpZaUE/PHdmLVeFFjxNLqZ33o1JLP/C/6MDySxt/UrJqP4pJfE3qFjVnqdCyuFO3nUqxpyco/gTkk5euD6lQ0uzsaqstK0+FOtSm4wrzoKVSo1nMnKXZrf0x0A+OqUJPaUX88Fsbn2CNtZahSdzdz0i+oycaCajFcsotOUVlRzJrv2yed1bgu2rwuKmjzdtcx96FlUlzxlnpSjPrzr12edgOb7OqNS4r8RW9L+0raJXhHLx7ynTa3+JNWy1Oyu5291qekc1GpyVqU7unzLD3XvJdjN7MM09b1SMouMv0XcpxfVNODafrsdDTKVGt7Z9RpXdKlVoyr3GYVopxfu5XXYD3dbQOBdYuJS0GzvKFNRUlc04KtCg1Ui8OMZ8zlKHPHPRPDL6hpug29xFQ1PVNLtqlpVhK2uZSnUoXGX4VRtS96GOXMVueI4QjCz9sl3baSo07OdSrCVOl+BxUM422wpL5Hb9nFrR1HiS+nqNCnc1XScn40VL3nPDe/oB0pafpVLRqtSvZPVbmnZJQu7i4cKLvPFaaa5vdpunh791g8txy7KrWsZcMw0bSqMbeH3qU7uPNOu176Tbl7ie0cYNjgqjSrcS6nY1KNOtYThUc6M481N8s/dbXp2ZrXdjax9qdKhC2oK1VZfqfDXJ/Z/ugamlWGoUOGeJr+8ura6tLjSKtKlUoVlUXMq1LPZYPnkkfc+L4QpcKa1CjThTgtOq4jCKil+to9kfDX1Ao1hjG2xKRZICqRZoJpdfkdXTdDu76MZuPgUX+3UW7+CA5UI80lGKcpPZRSy38jtw029p2Ua1S3nGGN/3kvNo9Lp2mW2m027Wm51cbzk8yk/LPb4FtG1JahSqc8PCuKTcatJ9mB5SO+6M0Oh0td037tOV1bx/UPecV+w/8jmw954yBlguhtQ2RihFIzIBKXutyxhHIuqniTwjbvqyjHlT3NW1t6txUSp05Tk+nKgJpwxhI6ukabc6jcRoWdGVSo+uFsviz0HDfBNxdTjV1J+DTe/hx3k/i+x9Y4a0JwnCw0OydSu1vCkui85y6Jer+QHD4S4Ss9Eiru/ca94t1lZjTfou7PtnBHCFWrVo6rrlJx5Gp21pUW6fapUX73lHt336dHhDgehpc6d7qcoXeoR3gkv1VB/wp9X/E9/LB7VdQJQAAAAAAAAAAAAAAAAAAAAAAAAAAAAAAAAAAAAAAAAAAAAAAAAAAAAAAAAAAAAAAAAe6AA8XxPwFYapOpc6e/wBH30sylKnH9XVf8cPP1WH8eh8s4h0LU9DnL9KWrp0s4jc03zUpP+91j/xYP0OVqQjUg4VIqUHs01lMD8oajY2t627qjCU2tqkdp49JHjtW4MjUk52VWnUeMpVPcn/iWzP1Vr/s20bU3KpaRnp1aTy3QXuSfm4Pb6YPmmv+zjiDTOedGjG/oJ7Stm3L5we/0yB+f7qxu9OSV5RqQS2Tktn8+hz7m+p0o5lTmvjE+sXkqtrOdC5puEk8Sp1Y4x8mcyromlajPl8ONvVfVw938gPlFe88b+zi4+bZ0uHNDd1Uhd3kcWsfehF/7R//ANT2157NK8n4thO2rtbqE/d5v6GC5sOIbGLjdaJUnFLClSTwvpkDT1zVIaXZeJjmrz92jT7t/wCRr6JYzsLStcX9TNzXfi1m3+BeXxOZbVYR1qd7rcpU6y92jSlB8tP1J16+lq7p2GnNOnJ5qVXJJfXyA6ugaxO9rxvqdvTjO0rc1vUnHnTeNnhnd0y+s+VKXg2t9CpGU7uEXmrFNvEuvv7vDe0s7nnrpU9H0hRowqOEUlFxWeY1eEbCU6Fe9nJTuLh7xw04pdt+oHvrnS4Vre+dWFSFO/uPFrVrWrCrTnJ03nEev4Vul+10NL7vC101UataNrZUbSlGNa4mklCEsxlJbKUmumMYx5nkbG6u56/WoOhO3oQhzRbi4Sz5rHUa5DSnVow1dZqVHiE5N5W/d+WQKaJqNPUuOuI7rTlVxd6ffO2jJfrJy8LK28245waL1my1W7nKvQoXV/Vpqc5zsoOdSrtz5xJbLf6Gapw3RpV4VtPu7i1r03zwknlxl2aezXyM9zPiOc+ed1pt1P8A3lW1pqbfq+XL+IHoeC7xWEpXOkWFhTpV5ujCrTtv1k0t2+bmxy9Onfr0OhdRjc3tK5laW0KtWt4derbOdOTTi3zJRl72UvmeX07UdWpW6hc29pGSk21ClFLL7rBt0tUuOdN2dknzJ83hbppYT+mwHd064q6VCcLC1s6POlKrONFtwWH+LmeZY22Rx7rUqlGrLVdRpWVvqXiqPjUqKnKOVtJ5fePT4m1+kXTlJwhZR5nvinnJr19XuJxwlaS9JWkJL80BpVtcratw3xTV++Tu7SjYUqLcqUaajUqXEFtj0i2fOGnnZ7Ht9VpalrEadvd39Onp9OXPC2t6EaUFL95qKSb9Xkx2ug2FJJzpOtJd6kv6AeOpwlUqKFKMpy/djHJ27Hhu8rtO4cbam+z96b+R6atUhp9lUq0aDcKccuFJJNltOuYajYxr03yRqJp5e8X6+vQDDpuj2di1KlT8Ssv9rU3fy7ItpGqR1JVnGlKnOjPkcW87b7mvob+4WUqV3eW8+Wq1Tcajbx6tmGVvTtNUrX9K75aVTepSVJyz8MAYbSctG16pa1ZznaXXvU5PtJ//ABm1rdpVo3C1WweLmmsVYf7yP+ZerW0rWKEU61R+FJSjKK5JR+b7G5Rv07uFtb2dxc8ywp081s/FR3AvpuoW+o2iq0XFqSxOm9+X0Zo1uHLidxzadDmpSeeWSxyfPujsVJ39tSf3fSqltnpKtSVCOfP3t39DnzvtRmsVr6MPShDP5sDPT4ZrUqNSre16VKFODm8PrhN4R5ezqXl54kqdvy05L3Mx6eWWegt7Od1Wi1Tq16je0qsnNt/Doe30z2dcU3jtPuuh3Nw7jLjKco0aVNLvOT3XwSbYHgdL4bVWpz3MnN+m+59F4b4dcq0LaytZTuJf7OlDmm/j/wBz6/wn7HKFtb0Kuv3KlcYUqlvZyap57rxGlJr4KJ9O0jR9P0e3jQ0yzo21LuqccZ+L6sD5jwz7MrmrCNTWartaTWfBotOo/jLpH5ZfwPqGk6XZaTbK3062p29HOWoL8T82+rfq9zeAAAAAAAAAAAAAAAAAAAAAAAAAAAAAAAAAAAAAAAAAAAAAAAAAADIyABGQBIIAE5GSABORkgATkZIAE5GSABORkgATkZIADIGRkDQ1XR9P1ai6WpWVvdQaxirTUsfB9V8jwOt+xvQL2Mnp9S50+o+0ZeJD6S/zPpuRkD8/an7L+LNFzPRLyjqFFb8nNyS+HLLZ/U4FXXdY0qNS14i0a6pU5pwnLklDb0fT55P0/nJSrCFWDhVhGcH1jJZTA/Hbu5QrZ029pXNCT96ndQjLC/iUspmOa0XUXGOq6Dp9WUO9vm3l8uXb8j9S6twJwvqufvmiWTk/2oU1B/VYPEax7COHLxynYXeoWFV9HCpzpfJ/5gfEJcFcP3FGVbTbvVtOS7ePGsl8E8HFvuFXRi3Z8XVFj9i8tJqWfjDKPrd57B+IrVyekcS0KkO0a1OUJfVZRwLz2a+0W2jLxbO2v/4oThNv+TA+d0dH4ihCUbfU9Cuk3leLdqEl8FJJo5VzwXxLUvKFX9F/eIwxyujWhOGFv1Umz2up8McSWj/8x4XuPXlpTx9Vk4le0taMZu50jULWvj3ZKS5U/VOKYGlcy1+0gnX4au8Zxmmpy6d9onJu9Y1CceSjp1W2mnmXOnJ48uVpHTo6hf2ks21e7petK4lHH0kb9bXdTv8AT50L29vKlOM4ypwuZOSzh5eXv+YHj5arq7WFBxf8NHJjeqaps/e2eGvB6nfSlHDpttYzlPf/ALESlLDSajNPKecgcKOs6gll0ISX/pNGanrV62lKxUv7qaOrVccLkknF7pPq/Mwc0uVRXMmm84Ava6lN0nK4sLuEk8N06TlH/F0M9PUacniFpeN/+lgyW0byrbRpWsZuSm8xXM1h98LudGy4Z4jv5qNDT7+bfTktptfVoDQjezk/csLhr+JxX1Odp1hdWt1c1IUreNvVefBlVwo77dD39j7JeMruSj+ib6Ke+akoU4/mz0Wn+wDiW4SdzV0+0/8AUrSqP6RA+R3ul0r+pCd3e2tGUH7qpRcv5nQX3CFNO4v7y4kv2aVNU4n3XS/s60oqL1LXZN9421uor6y3PW6Z7DeELRqVzSu72XlXre79EB+WKFzptCo/uek0E3vmrmpJ/U9jw1qnEkOdcM6Tcq7muX7zToPmgn+6sYXxP1LpXA3DGlY+46HY02uknSUn9WehpUqdKKjShCnHyhHAH5SsvZJx1xDcO51XNKU93UvK+ZP5dT6Bw77ArK3cJ6zqU67XWnQhyr6s+4ZJyB53h7gvQNAiv0dp1GNRf7Sa55/VnoVsui2JyMgMk5IyMgTkZIyAJyMkACcjJAAnIyQAJyMkACcggASBkZAAZGQAGQAAAAAAAAAAAAAAAAAAyMgAyAAyAAABGQJBGRkCQQAJGSCMgWyRkjJGQLArkZAsRkjJGQLZGSuRkC2RkrkZAtkZK5IyBfJGSuQ2BbIKcw5gMhGSnMRkDJkZMefUZAyZBjyOYDJnyyYqtCjW2q0adRfxRT/mTzDmQHKvOF9Bvf8AW9G0+r8aEf8AI8hxV7HeF9dVB29CelypN5dmopVM/vJp9D6JzDmA+J3X2etLlBq212+pv/7lKEl+WDjT+zxd+NGK122dHo26ElJL4Z6/M/QvMOYD4zQ+z5oMX+u1jVJ568qpxz/ys69p7C+DqCXiU7+u/wCO4cf+lI+n8w5kBxeFuE9F4Ws5W2i2UaNOcuecpNznKWMZcnud7PqzHzInIF9u6GSmRkC+RkpkjIGTJJj5hzAZCCnMOYC+SclMjIF8jJTJOQLZGSuRkC2RkrkZAsSUyTkCwyVyMgWyMlScgWyMlcjIFgQAJBAyBIGQAJyQAJyCABIIyTkAAAAAADJGQAAAABkATkgAACGQBORkjJAEjJBAFmyMkEAWyRkq2MgWyMlMjIFsjJXJGQL5I5imSMgZMkZMbYyBkciMmJyIcgMvMOYw85DmBm5hzGDmHMBn5iOYwc5HOBsc3qRzmDnI5wNjnHMa/OHMDPzjnMHOOcDPzjmMHOQ5gbHMOY1+cc4GxzDnNfnHOBsc5POa/OOcDY5yec1uf1HOBs8yHMjX5xzgbHMiVJGvzjnA2OYnmNbmJUgNjmHMYOYlSAz5HMYVInmAzZ9QnuYuYlMDLzE5MaYTAyZGSmRkDJkZKJk5AtknJQnIFsk/MqMgWBUnIFgVTJTAsCuckgTkZIJAnIIJAAAASQAJAQAgAAAwJAQAAIYyCADIDADJAAEMEAAyAGAIAAEZIAE5IyQQwJyVyGQwGSrYZVgGyrkGUYFuYq5FWVAvzEc5RkAXc/UjmKEZAycxHMY2AL83qOcx5GQL83qOf1MbZGQMvOOcxADLzMczMQAy8w5/UxADLzepPN6mLLJyBk5yeb1MWRkDKpE85iCAy85KkYiUwMqkTzGLJOQMqkTzGNEoDKpFlIxIlAZUyyZjRZAZEyUyhZAWTJTKkgWTJKkoCckkBAWyCMAC2QQSgJCAAklEBASSiABYAAESQiQAAAEkEgQAAAYAEAMAQyCwAowWZGAKgkYArggtgjAFWgWwGBRgs0RgCuAS0MAVwQ0XwRgChGC+CMAY2irRl5SOUDC0VcTPy7lXEDBylXE2HEjkA1+Uho2HAhwAwcpXlNjkHIBrY9BymxykcgGvyjHobHhjkA1+UhxNnwyPD9ANblHKbPh+g8MDW5Rymz4Y8MDW5Rymz4Y8MDX5SeUz+GT4YGvj0J5TPyDkAwcpKiZ/DCgBg5SVEz8gUAMKiSomblHIBiwTgzKJKgBjSJUTJyk8oFEiyRZRLcoFcEpFsEpAVSJwWwSkBVIkskMAQSTgYAgnBOBgCCUiRgAEESAJQSAAlDAAkAYAIkAAAAAJQAEEgCAMAAGABAJAFcDBOABBGCxGAK4GC2BgCmBgsMAVaIwXwMAUwQ0XwMAUwMF8EYApgjBkwMAY8Ecpk5RgDG4kOJlwMAYXEjlM+CGgMLiRyGflIcQMPIOQzco5QMHIRyGxykcoGDkHIZ+UcoGDkHIZ+UcoGDkHIZ+UcoGDkyOQz8o5QMHIOQz8o5QMHIOQz8o5QMHIOQz8oUQMKgTyGblHKBh5AoGblHKBh5CVAyqJPKBi5BymXBOAMXKOUy4J5QMXKTymTlGAKKIwXwMAVwMFsEpAVSGC2BgCuCcFsDAFcE4JwSBXAwWwMARglAkCASMAASAIwSAAAAAlAAAAAAAAAAGQSAIBIwBGQTgYAgYJwMARgjBIAjAwSAIwRgsAK4GC2BgCuBgtgYArgYLYGAK4GC2BgCmBgtgYArgYLYGAK4IaL4GAKco5S+BgCnKOUtgYAryjBbAwBXlHKWwMAU5Ryl8DAFOUcpfAwBTlHKXwMAV5RylsDAFeUcpbAwBXAwWwMAV5QkWwTgCuBgtgYArgYLYGAK4JwTgnAFcDBOBgCMDBbAwBVIYLYGAK4GC2ABXBOCxAEYGCQAwMAAEgCcAQCcDAEZBOABGCcAAAAAAAAAAAAAAAAAAAAAAAAAAMDAADAwAAwMAAMDAADAwAAwQSAIBIAgEhgQTkgATkZIAE5IAADAADAwAAwMAAMDAADAwAAwMAAMDAADAwAAwMAAFsTkgATkZIAAAAASAIBIAgnAADAwAAwMAAMDAADAwAAAAAAAAAAAAAAAAAAAAAAAf/2Q==\" data-filename=\"am.jpg\" style=\"width: 669.5px;\"><br></div></div></td></tr></tbody></table>','2020-05-05 05:55:03','2020-05-05 08:47:27',NULL,1000,'0',11),('7984b064-9a92-47c3-973c-13944a60b504','f4ee2233-b227-4ea2-a9d2-bd7e427af2a8','ถ่านชาร์จ Eneloop','Y','Y','Y','Y','efbe0812-e4a3-40fd-902d-789ff1a9c1dd',0.00,0.00,'','','2020-05-05 08:52:59','2020-05-05 11:08:53',NULL,5000,'0',4);
/*!40000 ALTER TABLE `products` ENABLE KEYS */;
UNLOCK TABLES;

--
-- Table structure for table `shops`
--

DROP TABLE IF EXISTS `shops`;
/*!40101 SET @saved_cs_client     = @@character_set_client */;
/*!40101 SET character_set_client = utf8 */;
CREATE TABLE `shops` (
  `id` char(36) NOT NULL,
  `name` varchar(50) NOT NULL,
  `code` varchar(45) NOT NULL,
  `username` varchar(50) DEFAULT NULL,
  `created` datetime DEFAULT NULL,
  `modified` datetime DEFAULT NULL,
  `isactive` enum('Y','N') DEFAULT 'Y',
  PRIMARY KEY (`id`)
) ENGINE=MyISAM DEFAULT CHARSET=utf8;
/*!40101 SET character_set_client = @saved_cs_client */;

--
-- Dumping data for table `shops`
--

LOCK TABLES `shops` WRITE;
/*!40000 ALTER TABLE `shops` DISABLE KEYS */;
INSERT INTO `shops` VALUES ('0','BPMall','BPMall','BPMall','2020-05-01 10:19:16','2020-05-01 10:19:16','Y');
/*!40000 ALTER TABLE `shops` ENABLE KEYS */;
UNLOCK TABLES;

--
-- Table structure for table `user_authens`
--

DROP TABLE IF EXISTS `user_authens`;
/*!40101 SET @saved_cs_client     = @@character_set_client */;
/*!40101 SET character_set_client = utf8 */;
CREATE TABLE `user_authens` (
  `id` char(36) NOT NULL,
  `user_id` char(36) NOT NULL,
  `authencode` varchar(255) NOT NULL,
  `created` datetime DEFAULT NULL,
  `modified` datetime DEFAULT NULL,
  `isused` enum('Y','N') NOT NULL DEFAULT 'N',
  `description` varchar(255) DEFAULT NULL,
  PRIMARY KEY (`id`)
) ENGINE=MyISAM DEFAULT CHARSET=utf8;
/*!40101 SET character_set_client = @saved_cs_client */;

--
-- Dumping data for table `user_authens`
--

LOCK TABLES `user_authens` WRITE;
/*!40000 ALTER TABLE `user_authens` DISABLE KEYS */;
INSERT INTO `user_authens` VALUES ('bca431c0-9fc1-4384-bb39-3bab83c9f3f5','ea9d11a3-044c-4b7d-b026-accb7c289a9d','Om6SaG1vkK0E0HEoHXt2','2020-04-20 07:40:18','2020-04-20 07:40:18','N',NULL),('9bc03335-1be2-43da-a884-c27f6f588495','ea9d11a3-044c-4b7d-b026-accb7c289a9d','ByX0TFOeNtehHU0yZizb','2020-04-20 07:47:35','2020-04-20 07:47:35','N',NULL),('d9ea0694-5d3e-4dec-95a7-4785f2f490da','ea9d11a3-044c-4b7d-b026-accb7c289a9d','w4BAuVLpXYjAY2XWQ2cX','2020-04-20 07:48:45','2020-04-20 07:48:45','N',NULL),('d432ca11-d6b3-409b-b66e-555b06f7c59e','ea9d11a3-044c-4b7d-b026-accb7c289a9d','USzyu8vLrzwpdDXeGch7','2020-04-20 07:54:33','2020-04-20 07:54:34','Y',NULL),('e7d5b527-3482-41e1-83e3-cf4e52f60583','ea9d11a3-044c-4b7d-b026-accb7c289a9d','h3LO88LMJeHCaFsVgPDb','2020-04-20 07:56:50','2020-04-20 07:56:51','Y',NULL),('d15131ff-ee21-48a9-aa5c-257113899149','ea9d11a3-044c-4b7d-b026-accb7c289a9d','V2hfGFDt4wE33u32Wo5z','2020-04-20 08:10:57','2020-04-20 08:10:58','Y',NULL),('9bd912c9-2eb3-4ea8-9ca7-f18ada510d12','ea9d11a3-044c-4b7d-b026-accb7c289a9d','cZuomQQME7ANE2cPgAMZ','2020-04-20 08:12:30','2020-04-20 08:12:30','Y',NULL),('1ef92df2-5f67-491b-80b9-a7bea813f0f3','ea9d11a3-044c-4b7d-b026-accb7c289a9d','JLFkXa9IGbaRMu88IBbG','2020-04-20 08:33:39','2020-04-20 08:33:39','N',NULL),('6755303c-d852-45f9-93ee-70b485b3f25f','ea9d11a3-044c-4b7d-b026-accb7c289a9d','wBdGx33vRgVGMb0qXIHc','2020-04-20 08:34:30','2020-04-20 08:34:30','N',NULL),('8d6ca80e-3e29-4e8f-8764-e99e893d0ab2','ea9d11a3-044c-4b7d-b026-accb7c289a9d','BKdxiKvctuWO6H9UtzDq','2020-04-21 03:17:28','2020-04-21 03:17:28','N',NULL),('a0ee38bf-fd4e-420e-b00a-66991fcf51ef','b6cfbf21-157f-45c4-80d5-79ecdb742269','083J5mTDDKYz1XpTuLdy','2020-04-21 09:32:20','2020-04-21 09:32:20','N',NULL),('9a6abec1-3952-4852-a233-c20e11b8253d','b6cfbf21-157f-45c4-80d5-79ecdb742269','tCCa7i6tQQ4JdqiBHQux','2020-04-21 09:35:06','2020-04-21 09:35:06','N',NULL),('614eb291-5981-431d-a3ff-04877c885d9e','b6cfbf21-157f-45c4-80d5-79ecdb742269','OfJHQ8oC2Lr5fzszqjEX','2020-04-21 09:36:18','2020-04-21 09:36:18','N',NULL),('3009fd9a-b9b2-4be0-9604-6f7a19868a80','ea9d11a3-044c-4b7d-b026-accb7c289a9d','8KLsuorbL3LydU5clS1a','2020-04-22 05:39:47','2020-04-22 05:39:47','N',NULL),('100535a5-bf95-41e9-a70f-32c350500912','b6cfbf21-157f-45c4-80d5-79ecdb742269','5TBlvlvOHH3PtXw8Zqwl','2020-04-22 08:41:44','2020-04-22 08:41:44','N',NULL),('c07b5e34-2a87-45aa-8189-6f5ea7303812','b6cfbf21-157f-45c4-80d5-79ecdb742269','8HB7SPrXZhj4mxZxrQ0H','2020-04-22 08:42:35','2020-04-22 08:42:35','N',NULL),('1236652d-70f5-448d-aa44-460b80acce5e','b6cfbf21-157f-45c4-80d5-79ecdb742269','ia2XUWNFcC9LALYzIzKx','2020-04-22 08:42:58','2020-04-22 08:42:58','N',NULL),('8478f072-92d4-4e8b-bbaf-42502b021592','b6cfbf21-157f-45c4-80d5-79ecdb742269','qQ6KtUywOPS1GwgCsDzI','2020-04-22 08:46:04','2020-04-22 08:46:04','N',NULL),('05ee0dc3-5c4e-42b5-85ad-77a544d12d09','b6cfbf21-157f-45c4-80d5-79ecdb742269','rAE0EiZvi6ZRVRmi9lXn','2020-04-22 08:55:48','2020-04-22 08:55:48','N',NULL),('f02c3f69-a3b0-4be2-8717-43e3e07db8d1','b6cfbf21-157f-45c4-80d5-79ecdb742269','zxCdikSA9eyBOdBtvBZN','2020-04-22 09:25:41','2020-04-22 09:25:41','N',NULL),('036e9f74-7e4e-4183-a872-b1884836b24b','b6cfbf21-157f-45c4-80d5-79ecdb742269','ITkK2y6Ad9ObYIMWDT1t','2020-04-22 09:28:40','2020-04-22 09:28:40','N',NULL),('33aa84e1-fc70-4ab5-8724-fbdda23374aa','b6cfbf21-157f-45c4-80d5-79ecdb742269','kqoONORQtQ4O9MgfsbHy','2020-04-22 09:51:22','2020-04-22 09:51:22','N',NULL),('0510776d-056d-45a2-8ff3-ee34d7f70906','e401ae63-c979-4436-be2e-125a27f071fa','KYHwTJELg7sJ3Pc8eQCS','2020-04-22 10:08:01','2020-04-22 10:08:01','N',NULL),('1ec82b9b-f135-4153-9b39-3291e9a090e3','e401ae63-c979-4436-be2e-125a27f071fa','5tq3MQLKnEb6kyKRGQ7G','2020-04-23 04:47:36','2020-04-23 04:47:36','N',NULL),('dbef8708-71b0-47a2-b621-b4519ef10a43','e401ae63-c979-4436-be2e-125a27f071fa','yYe0vSNs2SxijFNML4Io','2020-04-23 04:49:08','2020-04-23 04:49:08','N',NULL),('9b813ae4-6266-4178-81ac-2c0346895a9d','e401ae63-c979-4436-be2e-125a27f071fa','gKlHlImiyUTqH7xOISB6','2020-04-23 04:56:08','2020-04-23 04:56:08','N',NULL),('1224def7-8ee4-4d5f-bbbf-4a85301664fe','e401ae63-c979-4436-be2e-125a27f071fa','OlV3lx6ZUBpx4LA1I00s','2020-04-24 08:45:11','2020-04-24 08:45:11','N',NULL),('4488bb7c-2b73-43a7-bde3-c90e3506c01d','ea9d11a3-044c-4b7d-b026-accb7c289a9d','uVAGKjgv0uXjbfPeLaPe','2020-04-30 14:24:21','2020-04-30 14:24:21','N',NULL),('8520bc69-9ba1-44a3-bc14-b649c50e5ca2','ea9d11a3-044c-4b7d-b026-accb7c289a9d','wNAetZRcuGo4CCkPD4ZB','2020-05-01 09:24:02','2020-05-01 09:24:02','N',NULL),('34dcb8aa-1166-4b6c-8881-6fc19b8f7372','b6cfbf21-157f-45c4-80d5-79ecdb742269','PO2wzhdVhpw190Y9G2R5','2020-05-01 20:00:50','2020-05-01 20:00:50','N',NULL),('9a974fb6-bd70-42a6-aa5d-cb790a16d488','b6cfbf21-157f-45c4-80d5-79ecdb742269','xR6HO6NvZTB2IRHlCm2j','2020-05-01 20:01:40','2020-05-01 20:01:40','N',NULL),('f81a98b2-9da0-4cbe-b1bb-b28aaceb847a','b6cfbf21-157f-45c4-80d5-79ecdb742269','MK32HQ3GBxf1y14i2289','2020-05-04 04:26:20','2020-05-04 04:26:20','N',NULL),('e9dd2a58-1a15-47a5-a192-f0c48037304a','b6cfbf21-157f-45c4-80d5-79ecdb742269','kHrksT7k7lNUmeFBwuS0','2020-05-04 11:19:17','2020-05-04 11:19:17','N',NULL);
/*!40000 ALTER TABLE `user_authens` ENABLE KEYS */;
UNLOCK TABLES;

--
-- Table structure for table `user_otps`
--

DROP TABLE IF EXISTS `user_otps`;
/*!40101 SET @saved_cs_client     = @@character_set_client */;
/*!40101 SET character_set_client = utf8 */;
CREATE TABLE `user_otps` (
  `id` char(36) NOT NULL,
  `user_id` char(36) NOT NULL,
  `otp_ref` char(4) NOT NULL,
  `otp_code` int(6) NOT NULL,
  `created` datetime NOT NULL,
  `modified` datetime NOT NULL,
  PRIMARY KEY (`id`)
) ENGINE=MyISAM DEFAULT CHARSET=utf8;
/*!40101 SET character_set_client = @saved_cs_client */;

--
-- Dumping data for table `user_otps`
--

LOCK TABLES `user_otps` WRITE;
/*!40000 ALTER TABLE `user_otps` DISABLE KEYS */;
INSERT INTO `user_otps` VALUES ('5506af84-b67f-4b9c-9d0e-0b6196d31bb7','bc18d051-7adf-41d0-8088-aad98a3083de','otbr',390247,'2020-05-04 07:22:00','2020-05-04 07:22:00'),('dbd1cc3a-5635-4d88-811b-ab467e7f6230','c0438559-03fe-4d11-adb2-bfcb7b36d792','KWsG',467891,'2020-05-02 06:00:42','2020-05-02 06:00:42'),('3626ed3e-70f1-4c80-a038-17d2ded7997d','bed6a290-cc73-4027-a7f0-7b2ee6b8ccec','lNEk',605438,'2020-04-21 08:54:47','2020-04-21 08:54:47'),('acdf86a9-f726-4ffa-a8a4-e84623686de5','9790afd6-69c9-4e58-9b74-babbbc3172c9','vzOq',403182,'2020-04-17 20:36:41','2020-04-17 20:36:41'),('b4548ff3-14dd-47f8-8d94-e5cc07091444','6a2eb009-44bd-4e93-8a59-a341169d6d3e','qsQt',459273,'2020-04-16 11:09:35','2020-04-16 11:09:35'),('962bdf1a-7b10-43d9-82b5-08ae33b72de3','04f508ad-6bc7-4b9d-8cb9-b24023b70d84','qIFj',594607,'2020-04-16 06:41:43','2020-04-16 06:41:43'),('6037f3dc-b04a-4160-b18e-4822d2590783','322a3bfb-38b7-42d2-8651-86a6a8d89ced','ExcY',904851,'2020-04-16 06:07:38','2020-04-16 06:07:38'),('37897c63-4b31-4e4c-91bf-180525bc0cb8','b6cfbf21-157f-45c4-80d5-79ecdb742269','KkTe',429387,'2020-04-16 05:54:25','2020-04-16 05:54:25'),('c58ce3f0-fcf9-44eb-97ec-c18634767d7d','ea9d11a3-044c-4b7d-b026-accb7c289a9d','hQNm',739162,'2020-04-15 12:02:05','2020-04-15 12:02:05'),('ac4e63ad-5496-4052-89e5-bcc31665dc41','e401ae63-c979-4436-be2e-125a27f071fa','xJTv',126034,'2020-04-16 05:52:50','2020-04-16 05:52:50');
/*!40000 ALTER TABLE `user_otps` ENABLE KEYS */;
UNLOCK TABLES;

--
-- Table structure for table `users`
--

DROP TABLE IF EXISTS `users`;
/*!40101 SET @saved_cs_client     = @@character_set_client */;
/*!40101 SET character_set_client = utf8 */;
CREATE TABLE `users` (
  `id` char(36) NOT NULL,
  `fullname` varchar(255) NOT NULL,
  `email` varchar(50) DEFAULT NULL,
  `mobile` varchar(50) NOT NULL,
  `password` varchar(255) DEFAULT NULL,
  `image_id` char(36) DEFAULT NULL,
  `isactive` enum('Y','N') NOT NULL DEFAULT 'Y',
  `isverify` enum('Y','N') NOT NULL DEFAULT 'N',
  `created` datetime DEFAULT NULL,
  `modified` datetime DEFAULT NULL,
  `description` varchar(255) DEFAULT NULL,
  `type` varchar(50) NOT NULL DEFAULT 'NORMAL',
  `shop_id` char(36) DEFAULT NULL,
  PRIMARY KEY (`id`)
) ENGINE=MyISAM DEFAULT CHARSET=utf8;
/*!40101 SET character_set_client = @saved_cs_client */;

--
-- Dumping data for table `users`
--

LOCK TABLES `users` WRITE;
/*!40000 ALTER TABLE `users` DISABLE KEYS */;
INSERT INTO `users` VALUES ('b6cfbf21-157f-45c4-80d5-79ecdb742269','BPMall',NULL,'0888888888','$2y$10$p0OV4WSGLBPYGUM0Qkt16ujIxXD0sQGMK7X.mbY.RITJd2sBt6vrq',NULL,'Y','Y','2020-04-16 05:54:25','2020-04-16 05:54:25',NULL,'SELLER','0'),('ea9d11a3-044c-4b7d-b026-accb7c289a9d','วัชรินทร์ เขียวกาจ',NULL,'0892666756','$2y$10$g3XJGWw/OqcJGQkRWGUwMOU4lld7FFQxTW4TGHKVQXvZjTh7mzgNS',NULL,'Y','Y','2020-04-15 05:22:02','2020-04-15 05:22:30',NULL,'ADMIN',NULL),('e401ae63-c979-4436-be2e-125a27f071fa','system',NULL,'0999999999','$2y$10$lg/lSWMY.hCKu/f.j2TmyOoA7dtJarIIJIQlFP3fOnkWfEyi6zvEO',NULL,'Y','Y','2020-04-16 05:52:50','2020-04-16 05:52:50',NULL,'ADMIN',NULL),('9790afd6-69c9-4e58-9b74-babbbc3172c9','ทดสอบ1 ทดสอบ1',NULL,'0892666755','$2y$10$O.Ef20GGY/C7T0WMwl9ch.OfFvyoWwnZmvl/b0t4Kmn8Tp2jcbU62',NULL,'Y','Y','2020-04-17 20:36:41','2020-04-17 21:25:05',NULL,'NORMAL',NULL),('bed6a290-cc73-4027-a7f0-7b2ee6b8ccec','อธิวัฒน์ วิรุฬห์พัฒรเดช',NULL,'0992685988','$2y$10$ULafCEnIO/g1guWB5OErcO2t3OcZ8JQVf9VGje.7S6QmLI0MQau3e',NULL,'Y','Y','2020-04-21 08:54:47','2020-04-21 08:55:13',NULL,'NORMAL',NULL),('c0438559-03fe-4d11-adb2-bfcb7b36d792','test',NULL,'0850882199','$2y$10$4Th0A8iax6yZunao5XBcSOZF3IJh8QD/9FrjzNdeVRS64AgXQjP.u',NULL,'Y','Y','2020-05-02 06:00:42','2020-05-02 06:01:10',NULL,'NORMAL',NULL),('bc18d051-7adf-41d0-8088-aad98a3083de','กกดกห่ด ก่ดาหกาดก',NULL,'0909408395','$2y$10$ya0SKRt/kfPQCtU5qpoF2OyFgr6NI1QFUJCpuN35nUvz1ig3WXRn6',NULL,'Y','Y','2020-05-04 07:22:00','2020-05-04 07:22:40',NULL,'NORMAL',NULL);
/*!40000 ALTER TABLE `users` ENABLE KEYS */;
UNLOCK TABLES;

--
-- Table structure for table `warehouse_products`
--

DROP TABLE IF EXISTS `warehouse_products`;
/*!40101 SET @saved_cs_client     = @@character_set_client */;
/*!40101 SET character_set_client = utf8 */;
CREATE TABLE `warehouse_products` (
  `id` char(36) NOT NULL,
  `warehouse_id` char(36) NOT NULL,
  `product_id` char(36) NOT NULL,
  `qty` int(11) NOT NULL DEFAULT 0,
  `created` datetime DEFAULT NULL,
  `modified` datetime DEFAULT NULL,
  `description` varchar(255) DEFAULT NULL,
  PRIMARY KEY (`id`)
) ENGINE=MyISAM DEFAULT CHARSET=utf8;
/*!40101 SET character_set_client = @saved_cs_client */;

--
-- Dumping data for table `warehouse_products`
--

LOCK TABLES `warehouse_products` WRITE;
/*!40000 ALTER TABLE `warehouse_products` DISABLE KEYS */;
INSERT INTO `warehouse_products` VALUES ('b5373ea8-34ad-4884-9769-2e7ccbd79315','23253a27-d833-4ce4-94c5-102260a5f351','d3bc9818-902c-474d-8dd3-f7df394b303a',670,'2020-05-01 09:43:24','2020-05-04 07:22:57',NULL),('865f0626-1d29-49b6-a3a6-3d4f6ccb83fd','23253a27-d833-4ce4-94c5-102260a5f351','3df02bb1-edff-4d2a-a17c-f35ebcf18acb',50,'2020-05-01 14:00:25','2020-05-01 14:00:25',NULL),('62e9a8ff-aa4f-44fa-a520-e629352f0cc2','23253a27-d833-4ce4-94c5-102260a5f351','0a1d13c2-a6e8-43b0-b9e1-2091ff5e0c0e',5010,'2020-05-05 05:39:35','2020-05-05 05:58:02',NULL),('9adfac2a-efce-4373-9eb0-2540402bb72e','23253a27-d833-4ce4-94c5-102260a5f351','10e599e8-06d8-4dce-85e9-f7b6b60d273b',1000,'2020-05-05 05:58:02','2020-05-05 05:58:02',NULL),('00367e3b-0fb2-45c7-bdb0-c417f102c190','23253a27-d833-4ce4-94c5-102260a5f351','7984b064-9a92-47c3-973c-13944a60b504',5000,'2020-05-05 08:57:51','2020-05-05 08:57:51',NULL);
/*!40000 ALTER TABLE `warehouse_products` ENABLE KEYS */;
UNLOCK TABLES;

--
-- Table structure for table `warehouses`
--

DROP TABLE IF EXISTS `warehouses`;
/*!40101 SET @saved_cs_client     = @@character_set_client */;
/*!40101 SET character_set_client = utf8 */;
CREATE TABLE `warehouses` (
  `id` char(36) NOT NULL,
  `name` varchar(50) NOT NULL,
  `created` datetime DEFAULT NULL,
  `modified` datetime DEFAULT NULL,
  `isactive` enum('Y','N') DEFAULT NULL,
  `description` varchar(255) DEFAULT NULL,
  `shop_id` char(36) NOT NULL,
  PRIMARY KEY (`id`)
) ENGINE=MyISAM DEFAULT CHARSET=utf8;
/*!40101 SET character_set_client = @saved_cs_client */;

--
-- Dumping data for table `warehouses`
--

LOCK TABLES `warehouses` WRITE;
/*!40000 ALTER TABLE `warehouses` DISABLE KEYS */;
INSERT INTO `warehouses` VALUES ('23253a27-d833-4ce4-94c5-102260a5f351','คลังสินค้าหลัก','2020-04-21 17:36:49','2020-04-30 09:32:52','Y','','0');
/*!40000 ALTER TABLE `warehouses` ENABLE KEYS */;
UNLOCK TABLES;

--
-- Table structure for table `wholesale_rates`
--

DROP TABLE IF EXISTS `wholesale_rates`;
/*!40101 SET @saved_cs_client     = @@character_set_client */;
/*!40101 SET character_set_client = utf8 */;
CREATE TABLE `wholesale_rates` (
  `id` char(36) NOT NULL,
  `seq` int(11) NOT NULL,
  `startqty` int(11) NOT NULL DEFAULT 0,
  `endqty` int(11) DEFAULT 0,
  `price` decimal(10,2) NOT NULL DEFAULT 0.00,
  `product_id` char(36) NOT NULL,
  `created` datetime DEFAULT NULL,
  `modified` datetime DEFAULT NULL,
  `description` varchar(255) DEFAULT NULL,
  PRIMARY KEY (`id`)
) ENGINE=MyISAM DEFAULT CHARSET=utf8;
/*!40101 SET character_set_client = @saved_cs_client */;

--
-- Dumping data for table `wholesale_rates`
--

LOCK TABLES `wholesale_rates` WRITE;
/*!40000 ALTER TABLE `wholesale_rates` DISABLE KEYS */;
INSERT INTO `wholesale_rates` VALUES ('bb3371d6-ab4c-468e-952b-4ccd4e38924b',0,11,20,90.00,'d3bc9818-902c-474d-8dd3-f7df394b303a','2020-05-04 13:34:48','2020-05-04 13:34:48',NULL),('7868cd96-13f5-4dcd-99dd-0426523e8299',0,0,0,0.00,'c4fa12a2-7e4c-4461-baf0-323c9d4b2ec0','2020-05-01 09:24:57','2020-05-01 09:24:57',NULL),('76f3a64b-360d-4baa-b4c6-d9a39ce59e8e',0,0,0,0.00,'3df02bb1-edff-4d2a-a17c-f35ebcf18acb','2020-05-01 11:50:16','2020-05-01 11:50:16',NULL),('87ac3328-ac78-4438-85c8-c97344b3347a',2,50,100,7000.00,'0a1d13c2-a6e8-43b0-b9e1-2091ff5e0c0e','2020-05-05 08:47:14','2020-05-05 08:47:14',NULL),('cdfbc69e-d1b4-4d22-b69e-e37ee2a82646',2,21,50,85.00,'d3bc9818-902c-474d-8dd3-f7df394b303a','2020-05-04 13:34:48','2020-05-04 13:34:48',NULL),('c1aa3674-21f4-42b0-9c03-e338fc3dbb80',1,5,10,95.00,'d3bc9818-902c-474d-8dd3-f7df394b303a','2020-05-04 13:34:48','2020-05-04 13:34:48',NULL),('06064c05-eea6-4615-aba9-bb3b68a58e6d',1,11,50,7500.00,'0a1d13c2-a6e8-43b0-b9e1-2091ff5e0c0e','2020-05-05 08:47:14','2020-05-05 08:47:14',NULL),('44bd5bd2-dbe5-49b5-b41b-02b3dd55fdb0',0,5,10,8500.00,'0a1d13c2-a6e8-43b0-b9e1-2091ff5e0c0e','2020-05-05 08:47:14','2020-05-05 08:47:14',NULL),('43493aee-4950-4cd7-a615-ab99b329be50',2,51,100,12000.00,'10e599e8-06d8-4dce-85e9-f7b6b60d273b','2020-05-05 08:47:27','2020-05-05 08:47:27',NULL),('40d4ae84-89d8-4301-8ff5-1fef948a96c5',1,11,50,13500.00,'10e599e8-06d8-4dce-85e9-f7b6b60d273b','2020-05-05 08:47:27','2020-05-05 08:47:27',NULL),('4d06a726-6dfd-47be-90fb-ab4ea8ae43e0',0,5,10,14900.00,'10e599e8-06d8-4dce-85e9-f7b6b60d273b','2020-05-05 08:47:27','2020-05-05 08:47:27',NULL),('e7853a8c-b5a6-409f-8522-4382a87554e9',1,51,100,130.00,'7984b064-9a92-47c3-973c-13944a60b504','2020-05-05 11:08:53','2020-05-05 11:08:53',NULL),('68b3581a-2c7f-493c-b236-823014d2d71a',0,20,50,150.00,'7984b064-9a92-47c3-973c-13944a60b504','2020-05-05 11:08:53','2020-05-05 11:08:53',NULL);
/*!40000 ALTER TABLE `wholesale_rates` ENABLE KEYS */;
UNLOCK TABLES;
/*!40103 SET TIME_ZONE=@OLD_TIME_ZONE */;

/*!40101 SET SQL_MODE=@OLD_SQL_MODE */;
/*!40014 SET FOREIGN_KEY_CHECKS=@OLD_FOREIGN_KEY_CHECKS */;
/*!40014 SET UNIQUE_CHECKS=@OLD_UNIQUE_CHECKS */;
/*!40101 SET CHARACTER_SET_CLIENT=@OLD_CHARACTER_SET_CLIENT */;
/*!40101 SET CHARACTER_SET_RESULTS=@OLD_CHARACTER_SET_RESULTS */;
/*!40101 SET COLLATION_CONNECTION=@OLD_COLLATION_CONNECTION */;
/*!40111 SET SQL_NOTES=@OLD_SQL_NOTES */;

-- Dump completed on 2020-05-07  0:27:06
